date,t,o,h,l,c
1985-10-01,497021400,110.62000274658203,112.16000366210938,110.56500244140625,112.13999938964844
1985-10-02,497107800,112.13999938964844,112.54000091552734,110.77999877929688,110.82499694824219
1985-10-03,497194200,110.83999633789062,111.18499755859375,110.12000274658203,110.87000274658203
1985-10-04,497280600,110.87000274658203,110.87000274658203,109.8550033569336,110.07499694824219
1985-10-07,497539800,110.07499694824219,110.13500213623047,108.17500305175781,108.19999694824219
1985-10-08,497626200,108.19999694824219,108.2699966430664,106.75,107.16000366210938
1985-10-09,497712600,107.16000366210938,108.98999786376953,107.11499786376953,108.62999725341797
1985-10-10,497799000,108.62999725341797,109.51000213623047,107.80999755859375,109.43499755859375
1985-10-11,497885400,109.43499755859375,111.12000274658203,109.42500305175781,111.05000305175781
1985-10-14,498144600,111.05000305175781,113.2699966430664,111.05000305175781,113.18499755859375
1985-10-15,498231000,113.18499755859375,113.9800033569336,112.79000091552734,113.37999725341797
1985-10-16,498317400,113.37999725341797,114.33999633789062,113.19999694824219,114.31500244140625
1985-10-17,498403800,114.31500244140625,115.33999633789062,114.31500244140625,114.73999786376953
1985-10-18,498490200,114.73999786376953,114.96499633789062,113.83000183105469,114.31999969482422
1985-10-21,498749400,114.31999969482422,114.45500183105469,113.6500015258789,113.68000030517578
1985-10-22,498835800,113.80000305175781,114.88999938964844,113.42500305175781,114.44000244140625
1985-10-23,498922200,114.44000244140625,115.5250015258789,114.44000244140625,115.06500244140625
1985-10-24,499008600,115.06500244140625,116.1050033569336,115.06500244140625,115.48500061035156
1985-10-25,499095000,115.48500061035156,115.54499816894531,113.73999786376953,113.91000366210938
1985-10-28,499357800,113.91000366210938,113.91000366210938,113.20500183105469,113.81999969482422
1985-10-29,499444200,113.81999969482422,115.73500061035156,113.80500030517578,115.4000015258789
1985-10-30,499530600,115.4000015258789,116.125,115.33999633789062,115.7699966430664
1985-10-31,499617000,115.7699966430664,116.11000061035156,115.15499877929688,115.4800033569336
1985-11-01,499703400,115.4800033569336,116.7750015258789,115.4800033569336,116.2750015258789
1985-11-04,499962600,116.2750015258789,117.07499694824219,115.82499694824219,116.04000091552734
1985-11-05,500049000,116.04000091552734,116.56500244140625,115.87999725341797,116.44000244140625
1985-11-06,500135400,116.44000244140625,117.62000274658203,116.44000244140625,117.37999725341797
1985-11-07,500221800,117.37999725341797,117.96499633789062,117.37999725341797,117.62000274658203
1985-11-08,500308200,117.62000274658203,119.38999938964844,117.58499908447266,119.26000213623047
1985-11-11,500567400,119.26000213623047,120.54000091552734,119.18000030517578,120.4000015258789
1985-11-12,500653800,120.38999938964844,122.01000213623047,120.38999938964844,121.81999969482422
1985-11-13,500740200,121.81999969482422,121.91500091552734,120.9000015258789,121.16500091552734
1985-11-14,500826600,121.16500091552734,121.91500091552734,120.80000305175781,121.83499908447266
1985-11-15,500913000,121.83499908447266,123.0999984741211,121.79000091552734,122.17500305175781
1985-11-18,501172200,122.17500305175781,122.27999877929688,121.7300033569336,121.95500183105469
1985-11-19,501258600,121.95500183105469,122.80000305175781,121.73500061035156,122.56999969482422
1985-11-20,501345000,122.56999969482422,122.79499816894531,122.19999694824219,122.19999694824219
1985-11-21,501431400,122.19999694824219,123.80500030517578,122.19999694824219,123.61000061035156
1985-11-22,501517800,123.61000061035156,124.33499908447266,123.44499969482422,123.97000122070312
1985-11-25,501777000,123.97000122070312,124.16500091552734,122.81500244140625,123.13500213623047
1985-11-26,501863400,123.13500213623047,124.25499725341797,123.08999633789062,123.94999694824219
1985-11-27,501949800,123.94999694824219,125.875,123.87999725341797,125.7699966430664
1985-11-29,502122600,125.7699966430664,126.43499755859375,125.5199966430664,126.05999755859375
1985-12-02,502381800,126.05999755859375,126.27999877929688,124.8550033569336,125.18499755859375
1985-12-03,502468200,125.18499755859375,125.41999816894531,124.72000122070312,125.2300033569336
1985-12-04,502554600,125.2300033569336,128.05499267578125,125.16999816894531,127.94000244140625
1985-12-05,502641000,128.07000732421875,129.88999938964844,127.86000061035156,128.4600067138672
1985-12-06,502727400,128.4600067138672,128.5399932861328,126.7750015258789,126.95500183105469
1985-12-09,502986600,126.95500183105469,127.6449966430664,126.83000183105469,127.48500061035156
1985-12-10,503073000,127.48500061035156,128.52499389648438,127.15499877929688,127.9749984741211
1985-12-11,503159400,127.9749984741211,129.64999389648438,127.9749984741211,129.17999267578125
1985-12-12,503245800,129.17999267578125,130.10000610351562,129.17999267578125,129.76499938964844
1985-12-13,503332200,129.76499938964844,132.1699981689453,129.76499938964844,132.125
1985-12-16,503591400,132.125,133.18499755859375,132.05999755859375,132.61000061035156
1985-12-17,503677800,132.5449981689453,132.72999572753906,131.3249969482422,131.53500366210938
1985-12-18,503764200,131.52499389648438,131.97500610351562,130.71499633789062,131.13999938964844
1985-12-19,503850600,131.13999938964844,132.02999877929688,130.91000366210938,131.9250030517578
1985-12-20,503937000,131.9250030517578,132.5800018310547,131.69500732421875,132.25999450683594
1985-12-23,504196200,132.25999450683594,132.25999450683594,130.36500549316406,130.72500610351562
1985-12-24,504282600,130.72500610351562,130.72500610351562,129.30499267578125,130.02999877929688
1985-12-26,504455400,130.02999877929688,130.63499450683594,129.88999938964844,130.34500122070312
1985-12-27,504541800,130.34500122070312,131.58999633789062,130.25,131.48500061035156
1985-12-30,504801000,131.48500061035156,132.1300048828125,131.2449951171875,131.94500732421875
1985-12-31,504887400,131.94500732421875,132.66000366210938,131.90499877929688,132.2949981689453
1986-01-02,505060200,132.2949981689453,132.44500732421875,131.06500244140625,131.2550048828125
1986-01-03,505146600,131.2550048828125,131.2550048828125,130,130.5500030517578
1986-01-06,505405800,130.5500030517578,130.6999969482422,129.84500122070312,130.35499572753906
1986-01-07,505492200,130.35499572753906,132.875,130.3300018310547,132.7899932861328
1986-01-08,505578600,132.7899932861328,133.88499450683594,131.14999389648438,131.16000366210938
1986-01-09,505665000,131.0050048828125,131.16000366210938,128.05499267578125,128.8000030517578
1986-01-10,505751400,128.8000030517578,129.97000122070312,128.7899932861328,129.56500244140625
1986-01-13,506010600,129.56500244140625,129.59500122070312,128.6300048828125,129.09500122070312
1986-01-14,506097000,129.09500122070312,129.9600067138672,128.9949951171875,129.17999267578125
1986-01-15,506183400,129.17999267578125,131.65499877929688,129.0050048828125,131.53500366210938
1986-01-16,506269800,131.53500366210938,133.125,131.53500366210938,133.05999755859375
1986-01-17,506356200,133.05999755859375,133.60000610351562,132.60499572753906,132.77000427246094
1986-01-20,506615400,132.77000427246094,132.7899932861328,131.14500427246094,131.60499572753906
1986-01-21,506701800,131.60499572753906,132.01499938964844,130.59500122070312,131.08999633789062
1986-01-22,506788200,131.08999633789062,131.77999877929688,129.47000122070312,129.61500549316406
1986-01-23,506874600,129.61500549316406,129.61500549316406,128.4600067138672,129.27000427246094
1986-01-24,506961000,129.27000427246094,130.5399932861328,129.27000427246094,130.1999969482422
1986-01-27,507220200,130.2050018310547,130.98500061035156,129.7949981689453,130.7949981689453
1986-01-28,507306600,130.7949981689453,132.0449981689453,130.6699981689453,131.99000549316406
1986-01-29,507393000,131.99000549316406,134.1300048828125,131.99000549316406,133.05999755859375
1986-01-30,507479400,133.05999755859375,133.16000366210938,132.0850067138672,132.19000244140625
1986-01-31,507565800,132.19000244140625,133.22000122070312,132.02999877929688,132.9250030517578
1986-02-03,507825000,132.9250030517578,134.4250030517578,132.9250030517578,134.24000549316406
1986-02-04,507911400,134.24000549316406,135.69000244140625,134.24000549316406,134.60000610351562
1986-02-05,507997800,134.60000610351562,135.7899932861328,134.60000610351562,135.71499633789062
1986-02-06,508084200,135.71499633789062,136.94000244140625,135.56500244140625,136.63999938964844
1986-02-07,508170600,136.47000122070312,137.48500061035156,135.7449951171875,137.4199981689453
1986-02-10,508429800,137.39999389648438,138.2449951171875,137.30499267578125,138.125
1986-02-11,508516200,138.125,138.61000061035156,137.85000610351562,138.25999450683594
1986-02-12,508602600,138.25999450683594,138.76499938964844,138.03500366210938,138.6649932861328
1986-02-13,508689000,138.6649932861328,139.2949981689453,138.4499969482422,139.1649932861328
1986-02-14,508775400,139.1649932861328,140.6300048828125,139.1649932861328,140.16000366210938
1986-02-18,509121000,140.16000366210938,140.76499938964844,139.98500061035156,140.73500061035156
1986-02-19,509207400,140.73500061035156,140.9199981689453,139.5850067138672,139.63999938964844
1986-02-20,509293800,139.63999938964844,140.02499389648438,138.94000244140625,139.94500732421875
1986-02-21,509380200,139.94500732421875,141.23500061035156,139.94500732421875,141.14500427246094
1986-02-24,509639400,141.1649932861328,141.1750030517578,139.99000549316406,140.1999969482422
1986-02-25,509725800,140.1999969482422,140.1999969482422,138.86500549316406,139.39999389648438
1986-02-26,509812200,139.39999389648438,139.63499450683594,138.6750030517578,138.875
1986-02-27,509898600,138.875,140.52999877929688,138.73500061035156,140.52499389648438
1986-02-28,509985000,140.89999389648438,141.8300018310547,140.4149932861328,140.4250030517578
1986-03-03,510244200,140.4250030517578,140.6649932861328,139.60000610351562,139.74000549316406
1986-03-04,510330600,139.74000549316406,141.77000427246094,139.6999969482422,140.5449981689453
1986-03-05,510417000,140.5449981689453,140.61500549316406,139.56500244140625,140.2449951171875
1986-03-06,510503400,140.2449951171875,141.34500122070312,140.1699981689453,140.8000030517578
1986-03-07,510589800,140.8000030517578,141.1649932861328,140.24000549316406,140.7100067138672
1986-03-10,510849000,140.7100067138672,142.5800018310547,140.7100067138672,142.43499755859375
1986-03-11,510935400,142.43499755859375,145.5,142.43499755859375,145.34500122070312
1986-03-12,511021800,145.34500122070312,147.32000732421875,145.33999633789062,146.6199951171875
1986-03-13,511108200,146.6199951171875,147.0500030517578,145.8800048828125,147.00999450683594
1986-03-14,511194600,147.00999450683594,147.4499969482422,146.55499267578125,147
1986-03-17,511453800,147,147,145.57000732421875,146.36500549316406
1986-03-18,511540200,146.36500549316406,147.8249969482422,146.11500549316406,147.625
1986-03-19,511626600,147.625,148.57000732421875,147.4250030517578,147.47500610351562
1986-03-20,511713000,147.47500610351562,148.53500366210938,147.27000427246094,147.8000030517578
1986-03-21,511799400,147.8000030517578,148.78500366210938,147.55999755859375,148.0050048828125
1986-03-24,512058600,148.0050048828125,148.14500427246094,146.2050018310547,147.08999633789062
1986-03-25,512145000,147.08999633789062,147.7100067138672,146.625,147.48500061035156
1986-03-26,512231400,147.48500061035156,147.56500244140625,146.73500061035156,147.2550048828125
1986-03-27,512317800,147.25,149.05499267578125,147.1649932861328,148.375
1986-03-31,512663400,148.375,149.2050018310547,147.88999938964844,148.86000061035156
1986-04-01,512749800,148.86000061035156,149.22500610351562,148.06500244140625,148.4499969482422
1986-04-02,512836200,148.4499969482422,148.94000244140625,147.09500122070312,148.9199981689453
1986-04-03,512922600,148.9199981689453,149.93499755859375,148.5500030517578,148.7100067138672
1986-04-04,513009000,148.7100067138672,148.7949981689453,146.94000244140625,147.03500366210938
1986-04-07,513268200,147.03500366210938,147.0800018310547,144.8300018310547,146.05499267578125
1986-04-08,513354600,146.05499267578125,148.94500732421875,146.05499267578125,148.92999267578125
1986-04-09,513441000,148.92999267578125,150.02999877929688,148.5449981689453,149.05499267578125
1986-04-10,513527400,149.05499267578125,151.77499389648438,149.05499267578125,151.76499938964844
1986-04-11,513613800,151.76499938964844,153.5399932861328,151.76499938964844,152.6649932861328
1986-04-14,513873000,152.6649932861328,153.97500610351562,152.48500061035156,153.9250030517578
1986-04-15,513959400,153.9250030517578,155.02499389648438,153.43499755859375,154.9199981689453
1986-04-16,514045800,154.9199981689453,158.97500610351562,154.9199981689453,158.89500427246094
1986-04-17,514132200,158.89500427246094,159.86000061035156,158.28500366210938,159.05499267578125
1986-04-18,514218600,157.375,159.15499877929688,157.35000610351562,157.66000366210938
1986-04-21,514477800,157.66000366210938,158.6300048828125,157.24000549316406,158.52499389648438
1986-04-22,514564200,157.35000610351562,159.47000122070312,157.34500122070312,157.86000061035156
1986-04-23,514650600,156.64999389648438,158.2100067138672,156.6300048828125,157.4600067138672
1986-04-24,514737000,157.4600067138672,160.16000366210938,157.4600067138672,159.85499572753906
1986-04-25,514823400,159.85499572753906,160.625,159.59500122070312,160.4600067138672
1986-04-28,515079000,160.4600067138672,160.9499969482422,159.13999938964844,159.89999389648438
1986-04-29,515165400,159.89999389648438,160.30499267578125,157.69500732421875,158.25
1986-04-30,515251800,158.25,158.40499877929688,154.78500366210938,154.91000366210938
1986-05-01,515338200,154.91000366210938,154.94000244140625,153.72500610351562,154.2050018310547
1986-05-02,515424600,154.2050018310547,155.5850067138672,154.2050018310547,155.00999450683594
1986-05-05,515683800,155.00999450683594,157.4149932861328,155.00999450683594,157.13999938964844
1986-05-06,515770200,157.13999938964844,158.08999633789062,156.85499572753906,157.125
1986-05-07,515856600,157.125,157.125,155.30999755859375,156.2550048828125
1986-05-08,515943000,156.2550048828125,157.52999877929688,156.17999267578125,157.16000366210938
1986-05-09,516029400,157.16000366210938,157.9149932861328,156.3800048828125,157.9149932861328
1986-05-12,516288600,157.9149932861328,158.2550048828125,157.36000061035156,157.75
1986-05-13,516375000,157.75,157.9199981689453,156.40499877929688,157.0500030517578
1986-05-14,516461400,157.0500030517578,157.81500244140625,156.5449981689453,157.0050048828125
1986-05-15,516547800,157.0050048828125,157.11500549316406,155.39500427246094,155.76499938964844
1986-05-16,516634200,155.76499938964844,155.86000061035156,154.38999938964844,154.9949951171875
1986-05-19,516893400,154.9949951171875,155.59500122070312,154.875,155.30999755859375
1986-05-20,516979800,155.30999755859375,157.0500030517578,155,157.00999450683594
1986-05-21,517066200,157.00999450683594,158.3800048828125,156.9250030517578,157.44000244140625
1986-05-22,517152600,157.44000244140625,159.6750030517578,157.25999450683594,159.6300048828125
1986-05-23,517239000,159.6300048828125,160.38999938964844,159.4149932861328,160.1649932861328
1986-05-27,517584600,160.1649932861328,161.21499633789062,159.94000244140625,161.1750030517578
1986-05-28,517671000,161.1750030517578,162.02999877929688,160.64999389648438,161.30499267578125
1986-05-29,517757400,161.30499267578125,161.82000732421875,160.2899932861328,161.6199951171875
1986-05-30,517843800,161.6199951171875,163.6199951171875,161.51499938964844,163.16000366210938
1986-06-02,518103000,163.16000366210938,163.97999572753906,162,162.02999877929688
1986-06-03,518189400,162.02999877929688,162.22999572753906,161.3699951171875,162.11000061035156
1986-06-04,518275800,162.11000061035156,163.08999633789062,161.39999389648438,161.8249969482422
1986-06-05,518362200,161.8249969482422,162.80999755859375,161.7550048828125,162.36000061035156
1986-06-06,518448600,162.36000061035156,162.90499877929688,161.88499450683594,161.88499450683594
1986-06-09,518707800,161.88499450683594,161.97999572753906,158.2100067138672,158.61000061035156
1986-06-10,518794200,158.60499572753906,158.6999969482422,157.1750030517578,158.10499572753906
1986-06-11,518880600,158.10499572753906,160.0800018310547,158.10499572753906,160.03500366210938
1986-06-12,518967000,160.03500366210938,161.0449981689453,159.9499969482422,160.36500549316406
1986-06-13,519053400,160.36500549316406,162.52999877929688,160.3300018310547,162.35499572753906
1986-06-16,519312600,162.35499572753906,162.9250030517578,160.625,160.8000030517578
1986-06-17,519399000,160.8000030517578,161.2050018310547,158.42999267578125,158.5749969482422
1986-06-18,519485400,158.5749969482422,158.6649932861328,156.86500549316406,158.47999572753906
1986-06-19,519571800,158.47999572753906,160.13999938964844,158.2949981689453,159.27999877929688
1986-06-20,519658200,159.27999877929688,159.7100067138672,158.2949981689453,159.5850067138672
1986-06-23,519917400,159.5850067138672,160.5800018310547,159.35499572753906,159.55499267578125
1986-06-24,520003800,159.55499267578125,161.10000610351562,159.42999267578125,160.8000030517578
1986-06-25,520090200,160.8000030517578,162.52000427246094,160.8000030517578,162
1986-06-26,520176600,162,162.2550048828125,161.375,161.72000122070312
1986-06-27,520263000,161.72000122070312,162.05499267578125,161.2050018310547,161.61500549316406
1986-06-30,520522200,161.61500549316406,163.07000732421875,161.53500366210938,162.61500549316406
1986-07-01,520608600,162.61500549316406,163.61500549316406,162.61500549316406,163.3249969482422
1986-07-02,520695000,163.3249969482422,164.1999969482422,163.32000732421875,163.9600067138672
1986-07-03,520781400,163.9600067138672,164.55999755859375,163.60000610351562,164.51499938964844
1986-07-07,521127000,164.51499938964844,164.5449981689453,157.58999633789062,157.625
1986-07-08,521213400,157.625,157.625,152.42999267578125,153.25999450683594
1986-07-09,521299800,153.25999450683594,155.64999389648438,153.1699981689453,155.41000366210938
1986-07-10,521386200,155.41000366210938,156.34500122070312,153.14500427246094,154.2899932861328
1986-07-11,521472600,154.2899932861328,154.44500732421875,152.72500610351562,152.85499572753906
1986-07-14,521731800,152.85499572753906,152.9199981689453,149.00999450683594,149.28500366210938
1986-07-15,521818200,149.28500366210938,149.28500366210938,145.32000732421875,146.2550048828125
1986-07-16,521904600,146.2550048828125,148.4499969482422,146.2550048828125,147.39500427246094
1986-07-17,521991000,147.39500427246094,148.75,147.2550048828125,148.46499633789062
1986-07-18,522077400,148.46499633789062,148.52499389648438,146.47999572753906,147.75999450683594
1986-07-21,522336600,147.75999450683594,147.94500732421875,146.7949981689453,147.0749969482422
1986-07-22,522423000,147.0749969482422,148.1649932861328,146.5850067138672,147.40499877929688
1986-07-23,522509400,147.40499877929688,148.01499938964844,147.1199951171875,147.1750030517578
1986-07-24,522595800,147.1750030517578,148.15499877929688,146.97999572753906,147.27999877929688
1986-07-25,522682200,147.27999877929688,148.4149932861328,147.27999877929688,148.25999450683594
1986-07-28,522941400,148.25999450683594,148.73500061035156,145.21499633789062,145.5050048828125
1986-07-29,523027800,145.5050048828125,145.57000732421875,144.03500366210938,144.2050018310547
1986-07-30,523114200,144.2050018310547,144.6699981689453,142.72999572753906,144.52000427246094
1986-07-31,523200600,144.5850067138672,145.61000061035156,144.56500244140625,144.7050018310547
1986-08-01,523287000,144.7050018310547,145.76499938964844,144.0050048828125,144.19000244140625
1986-08-04,523546200,144.19000244140625,144.19000244140625,141.64500427246094,142.52499389648438
1986-08-05,523632600,142.52499389648438,142.91000366210938,141.75,141.86000061035156
1986-08-06,523719000,141.86000061035156,141.86000061035156,140.3000030517578,140.5449981689453
1986-08-07,523805400,140.5449981689453,141.47000122070312,140.17999267578125,140.69500732421875
1986-08-08,523891800,140.69500732421875,142.5500030517578,140.69500732421875,142.2949981689453
1986-08-11,524151000,142.2949981689453,145.51499938964844,142.2949981689453,145.44000244140625
1986-08-12,524237400,145.44000244140625,147.31500244140625,145.44000244140625,147.05999755859375
1986-08-13,524323800,147.05999755859375,149.44500732421875,147.05999755859375,148.8350067138672
1986-08-14,524410200,148.8350067138672,150.13999938964844,148.625,149.9949951171875
1986-08-15,524496600,150.0050048828125,150.3000030517578,149.18499755859375,149.5749969482422
1986-08-18,524755800,149.5749969482422,150.07000732421875,148.8300018310547,149.07000732421875
1986-08-19,524842200,149.07000732421875,149.0850067138672,147.97999572753906,148.59500122070312
1986-08-20,524928600,148.59500122070312,149.90499877929688,148.46499633789062,149.7550048828125
1986-08-21,525015000,149.7550048828125,150.65499877929688,149.4600067138672,150.00999450683594
1986-08-22,525101400,150.00999450683594,151.2550048828125,149.69000244140625,150.94500732421875
1986-08-25,525360600,150.94500732421875,151.11500549316406,149.77499389648438,149.91000366210938
1986-08-26,525447000,149.91000366210938,151.22999572753906,149.875,151.15499877929688
1986-08-27,525533400,151.15499877929688,152.1649932861328,151.07000732421875,152.02000427246094
1986-08-28,525619800,152.02000427246094,152.3000030517578,151.35499572753906,152.0449981689453
1986-08-29,525706200,152.0449981689453,152.55499267578125,151.69500732421875,151.6999969482422
1986-09-02,526051800,151.6999969482422,152.07000732421875,149.14999389648438,149.33999633789062
1986-09-03,526138200,149.33999633789062,149.83999633789062,148.59500122070312,149.82000732421875
1986-09-04,526224600,149.82000732421875,151.72500610351562,149.7899932861328,151.39500427246094
1986-09-05,526311000,151.39500427246094,151.90499877929688,149.5449981689453,149.6699981689453
1986-09-08,526570200,149.6699981689453,149.6699981689453,146.35000610351562,146.5500030517578
1986-09-09,526656600,146.5500030517578,147.31500244140625,145.41000366210938,145.75999450683594
1986-09-10,526743000,145.75999450683594,145.75999450683594,144.57000732421875,144.74000549316406
1986-09-11,526829400,144.74000549316406,144.74000549316406,138.4600067138672,138.4600067138672
1986-09-12,526915800,138.4600067138672,138.61500549316406,134.84500122070312,135.03500366210938
1986-09-15,527175000,135.03500366210938,135.9600067138672,134.0850067138672,134.94000244140625
1986-09-16,527261400,134.94000244140625,135.25,133.27999877929688,135.2100067138672
1986-09-17,527347800,135.2100067138672,136.99000549316406,135.05499267578125,136.38999938964844
1986-09-18,527434200,136.38999938964844,138.57000732421875,136.2949981689453,138.13499450683594
1986-09-19,527520600,138.13499450683594,138.4949951171875,137.02499389648438,138.4550018310547
1986-09-22,527779800,138.52000427246094,140.2949981689453,138.35000610351562,140.1199951171875
1986-09-23,527866200,140.1199951171875,141.05999755859375,139.0500030517578,139.56500244140625
1986-09-24,527952600,139.56500244140625,140.0749969482422,138.6649932861328,139.23500061035156
1986-09-25,528039000,137.61500549316406,137.61500549316406,137.61500549316406,137.61500549316406
1986-09-26,528125400,137.61500549316406,138.1199951171875,136.49000549316406,137.5850067138672
1986-09-29,528384600,137.5850067138672,137.5850067138672,134.81500244140625,135.53500366210938
1986-09-30,528471000,135.53500366210938,137.83999633789062,135.53500366210938,137.4949951171875
1986-10-01,528557400,137.52000427246094,139.00999450683594,137.52000427246094,138.26499938964844
1986-10-02,528643800,138.26499938964844,138.42999267578125,137.40499877929688,138.22000122070312
1986-10-03,528730200,138.22000122070312,139.3699951171875,137.66000366210938,138.55499267578125
1986-10-06,528989400,138.65499877929688,139.19000244140625,138.38999938964844,139.11500549316406
1986-10-07,529075800,139.11500549316406,139.2449951171875,137.91000366210938,138.2550048828125
1986-10-08,529162200,138.2550048828125,139.3300018310547,137.5449981689453,139.26499938964844
1986-10-09,529248600,139.2449951171875,140.14500427246094,139.02999877929688,139.1649932861328
1986-10-10,529335000,139.1649932861328,140.21499633789062,138.75999450683594,139.8699951171875
1986-10-13,529594200,139.8699951171875,140.71499633789062,139.625,140.6750030517578
1986-10-14,529680600,140.6750030517578,141.60000610351562,140.66000366210938,140.96499633789062
1986-10-15,529767000,140.96499633789062,142.22000122070312,140.7550048828125,142.10000610351562
1986-10-16,529853400,142.10000610351562,142.47999572753906,141.76499938964844,141.89999389648438
1986-10-17,529939800,141.88499450683594,142.09500122070312,140.90499877929688,141.19500732421875
1986-10-20,530199000,141.19500732421875,141.22999572753906,139.49000549316406,140.10000610351562
1986-10-21,530285400,140.10000610351562,140.47000122070312,139.3800048828125,139.9250030517578
1986-10-22,530371800,139.9250030517578,140.58999633789062,139.89999389648438,140.3000030517578
1986-10-23,530458200,140.3000030517578,142.39999389648438,140.22999572753906,142.14999389648438
1986-10-24,530544600,142.14999389648438,142.75,141.64500427246094,141.96499633789062
1986-10-27,530807400,141.96499633789062,142.2550048828125,141.25999450683594,141.75999450683594
1986-10-28,530893800,141.75999450683594,142.90499877929688,141.68499755859375,142.4949951171875
1986-10-29,530980200,142.4949951171875,143.27999877929688,142.11500549316406,143.1300048828125
1986-10-30,531066600,143.1300048828125,145.17999267578125,143.1300048828125,144.77999877929688
1986-10-31,531153000,144.77999877929688,145.17999267578125,143.7899932861328,144.47999572753906
1986-11-03,531412200,144.47999572753906,144.97000122070312,144.1199951171875,144.80999755859375
1986-11-04,531498600,144.80999755859375,146.05499267578125,144.5399932861328,145.96499633789062
1986-11-05,531585000,145.96499633789062,146.68499755859375,145.50999450683594,146.17999267578125
1986-11-06,531671400,146.18499755859375,146.22999572753906,144.63999938964844,145.41000366210938
1986-11-07,531757800,145.41000366210938,145.41000366210938,144.39999389648438,144.91000366210938
1986-11-10,532017000,144.91000366210938,145.0500030517578,143.6999969482422,144.2949981689453
1986-11-11,532103400,144.2949981689453,145.44500732421875,144.2949981689453,145.35000610351562
1986-11-12,532189800,145.35000610351562,145.9149932861328,145.02000427246094,145.5800018310547
1986-11-13,532276200,145.5800018310547,145.68499755859375,143.40499877929688,143.4149932861328
1986-11-14,532362600,143.4149932861328,143.77999877929688,142.86000061035156,143.5050048828125
1986-11-17,532621800,143.5050048828125,144.02000427246094,142.13999938964844,143.19500732421875
1986-11-18,532708200,143.19500732421875,143.6750030517578,140.625,140.66000366210938
1986-11-19,532794600,140.66000366210938,140.66000366210938,138.9550018310547,139.5449981689453
1986-11-20,532881000,139.5449981689453,141.43499755859375,139.5449981689453,141.30999755859375
1986-11-21,532967400,141.30999755859375,143.0500030517578,141.30999755859375,142.89999389648438
1986-11-24,533226600,142.89999389648438,144.63499450683594,142.77000427246094,144.4949951171875
1986-11-25,533313000,144.4949951171875,145.77000427246094,144.34500122070312,145.77000427246094
1986-11-26,533399400,145.77000427246094,146.9499969482422,145.5850067138672,146.8699951171875
1986-11-28,533572200,146.8699951171875,147.9600067138672,146.8699951171875,147.94000244140625
1986-12-01,533831400,147.94000244140625,147.94000244140625,145.6300048828125,146.85499572753906
1986-12-02,533917800,146.85499572753906,148.99000549316406,146.85499572753906,148.86500549316406
1986-12-03,534004200,148.86500549316406,150.71499633789062,148.86500549316406,150.0800018310547
1986-12-04,534090600,150.0850067138672,150.85000610351562,149.83999633789062,149.97999572753906
1986-12-05,534177000,149.97999572753906,150.375,148.69500732421875,149.0449981689453
1986-12-08,534436200,149.0449981689453,149.0449981689453,146.85000610351562,147.84500122070312
1986-12-09,534522600,147.84500122070312,147.85499572753906,146.81500244140625,146.86500549316406
1986-12-10,534609000,146.86500549316406,147.3249969482422,146.39999389648438,146.9550018310547
1986-12-11,534695400,146.9550018310547,147.39500427246094,145.6300048828125,146.0800018310547
1986-12-12,534781800,146.0749969482422,146.0749969482422,144.75,144.97999572753906
1986-12-15,535041000,144.97999572753906,144.97999572753906,142.84500122070312,144.0749969482422
1986-12-16,535127400,144.0749969482422,144.59500122070312,143.61000061035156,144.49000549316406
1986-12-17,535213800,144.49000549316406,144.4949951171875,142.9149932861328,143.0449981689453
1986-12-18,535300200,143.0449981689453,143.49000549316406,142.53500366210938,142.85499572753906
1986-12-19,535386600,142.85499572753906,144.0749969482422,142.8249969482422,143.77000427246094
1986-12-22,535645800,143.77000427246094,144.38999938964844,143.23500061035156,144.0850067138672
1986-12-23,535732200,144.0850067138672,144.2449951171875,142.39999389648438,142.80499267578125
1986-12-24,535818600,142.80499267578125,143.16000366210938,142.3249969482422,142.7949981689453
1986-12-26,535991400,142.7949981689453,143.0800018310547,142.5,142.93499755859375
1986-12-29,536250600,142.93499755859375,143.03500366210938,141.375,141.51499938964844
1986-12-30,536337000,141.51499938964844,141.7949981689453,140.94500732421875,141.52499389648438
1986-12-31,536423400,141.52499389648438,142.125,141.0449981689453,141.40499877929688
1987-01-02,536596200,141.40499877929688,143.00999450683594,141.40499877929688,142.86000061035156
1987-01-05,536855400,142.86000061035156,147.63999938964844,142.86000061035156,147.40499877929688
1987-01-06,536941800,147.40499877929688,149.0800018310547,147.40499877929688,149.05999755859375
1987-01-07,537028200,149.05999755859375,153.0850067138672,149.05999755859375,152.97500610351562
1987-01-08,537114600,152.97500610351562,155.69500732421875,152.97500610351562,155.69000244140625
1987-01-09,537201000,155.69000244140625,157.38499450683594,155.11000061035156,156.99000549316406
1987-01-12,537460200,156.99000549316406,159.42999267578125,156.60000610351562,159.30499267578125
1987-01-13,537546600,159.30499267578125,159.84500122070312,158.375,159.6199951171875
1987-01-14,537633000,159.6199951171875,162.6699981689453,159.6199951171875,162.66000366210938
1987-01-15,537719400,162.66000366210938,165.0500030517578,162.66000366210938,164.14500427246094
1987-01-16,537805800,164.14500427246094,164.1699981689453,161.63499450683594,162.51499938964844
1987-01-19,538065000,162.51499938964844,166.4550018310547,161.71499633789062,166.4550018310547
1987-01-20,538151400,166.4550018310547,168.35000610351562,166.02000427246094,166.52000427246094
1987-01-21,538237800,166.52000427246094,166.52000427246094,164.13999938964844,164.25999450683594
1987-01-22,538324200,164.25999450683594,168.0050048828125,163.44500732421875,167.94500732421875
1987-01-23,538410600,167.94500732421875,170.27499389648438,166.625,166.76499938964844
1987-01-26,538669800,166.76499938964844,166.76499938964844,163.8800048828125,164.13999938964844
1987-01-27,538756200,164.13999938964844,167.3249969482422,164.0749969482422,166.65499877929688
1987-01-28,538842600,166.65499877929688,167.77000427246094,165.99000549316406,167.625
1987-01-29,538929000,167.625,168.875,165.11000061035156,165.74000549316406
1987-01-30,539015400,165.7100067138672,166.77499389648438,164.33999633789062,166.6750030517578
1987-02-02,539274600,166.7050018310547,170.32000732421875,166.5800018310547,170.30499267578125
1987-02-03,539361000,170.30499267578125,171.72500610351562,170.30499267578125,171.55499267578125
1987-02-04,539447400,171.55499267578125,173.67999267578125,170.68499755859375,173.5
1987-02-05,539533800,173.5,175.42999267578125,173.4550018310547,174.63499450683594
1987-02-06,539620200,174.3350067138672,175.48500061035156,174.3350067138672,174.6300048828125
1987-02-09,539879400,173.22500610351562,174.6300048828125,173.22500610351562,173.625
1987-02-10,539965800,173.625,173.74000549316406,171.24000549316406,172.3249969482422
1987-02-11,540052200,172.3249969482422,176.125,172.3249969482422,175.97999572753906
1987-02-12,540138600,175.98500061035156,177.0500030517578,175.7550048828125,176.26499938964844
1987-02-13,540225000,176.26499938964844,179.30499267578125,175.7550048828125,179.06500244140625
1987-02-17,540570600,179.06500244140625,183.6750030517578,179.06500244140625,183.64999389648438
1987-02-18,540657000,183.64999389648438,184.72999572753906,180.41000366210938,181.2100067138672
1987-02-19,540743400,181.2100067138672,181.375,178.89500427246094,179.8699951171875
1987-02-20,540829800,179.8699951171875,179.90499877929688,178,178.68499755859375
1987-02-23,541089000,178.68499755859375,178.73500061035156,175.17999267578125,177.7050018310547
1987-02-24,541175400,177.7050018310547,179.2899932861328,176.98500061035156,178.94000244140625
1987-02-25,541261800,178.94000244140625,181.05499267578125,178.9199981689453,180.97000122070312
1987-02-26,541348200,180.97000122070312,183.36000061035156,180.59500122070312,182.18499755859375
1987-02-27,541434600,182.18499755859375,182.9149932861328,181.5800018310547,182.75
1987-03-02,541693800,182.75,183.38499450683594,180.98500061035156,181.06500244140625
1987-03-03,541780200,181.06500244140625,181.6649932861328,179.86500549316406,180.56500244140625
1987-03-04,541866600,180.56500244140625,183.5500030517578,180.55999755859375,183.27499389648438
1987-03-05,541953000,183.27499389648438,185.7449951171875,183.27499389648438,184.6699981689453
1987-03-06,542039400,184.6699981689453,184.8000030517578,183.39999389648438,184.28500366210938
1987-03-09,542298600,184.28500366210938,184.28500366210938,181.2949981689453,182.47500610351562
1987-03-10,542385000,182.47500610351562,184.76499938964844,182.30999755859375,184.46499633789062
1987-03-11,542471400,184.46499633789062,186.4250030517578,184.46499633789062,185.30999755859375
1987-03-12,542557800,185.30999755859375,185.3300018310547,184.11500549316406,184.77000427246094
1987-03-13,542644200,184.77000427246094,185.4499969482422,182.89500427246094,183.1649932861328
1987-03-16,542903400,183.1649932861328,183.1649932861328,181.4199981689453,182.72999572753906
1987-03-17,542989800,182.72999572753906,185.89999389648438,182.72999572753906,185.89999389648438
1987-03-18,543076200,185.89999389648438,187.97500610351562,185.13499450683594,186.0449981689453
1987-03-19,543162600,186.0449981689453,188.10499572753906,185.8699951171875,187.9600067138672
1987-03-20,543249000,187.9600067138672,190.4250030517578,187.9600067138672,189.8249969482422
1987-03-23,543508200,189.8249969482422,190.36500549316406,188.55499267578125,189.39999389648438
1987-03-24,543594600,189.39999389648438,190.3300018310547,188.48500061035156,190.17999267578125
1987-03-25,543681000,190.17999267578125,190.52499389648438,188.89500427246094,190.19500732421875
1987-03-26,543767400,190.19500732421875,191.36500549316406,190.19500732421875,190.7050018310547
1987-03-27,543853800,190.7050018310547,191.7449951171875,188.8800048828125,189.0500030517578
1987-03-30,544113000,189.0500030517578,189.0500030517578,183.27000427246094,183.8350067138672
1987-03-31,544199400,183.8350067138672,186.2550048828125,183.80499267578125,186.0399932861328
1987-04-01,544285800,186.0399932861328,186.10000610351562,182.5749969482422,186.0749969482422
1987-04-02,544372200,186.0749969482422,188.0399932861328,186.0749969482422,187.66000366210938
1987-04-03,544458600,179.81500244140625,191.42999267578125,179.81500244140625,191.36000061035156
1987-04-06,544714200,191.36000061035156,192.4600067138672,189.6649932861328,190.9149932861328
1987-04-07,544800600,190.9149932861328,190.9600067138672,187.43499755859375,187.43499755859375
1987-04-08,544887000,187.43499755859375,189.97000122070312,187.43499755859375,189.27999877929688
1987-04-09,544973400,189.27999877929688,189.50999450683594,187.17999267578125,188.72999572753906
1987-04-10,545059800,188.72999572753906,189.0449981689453,187.73500061035156,188.28500366210938
1987-04-13,545319000,188.28500366210938,188.2899932861328,183.89999389648438,183.94500732421875
1987-04-14,545405400,183.94500732421875,183.94500732421875,179.02499389648438,179.72500610351562
1987-04-15,545491800,179.72500610351562,182.4600067138672,179.72500610351562,182.4600067138672
1987-04-16,545578200,182.4600067138672,185.06500244140625,182.4550018310547,183.7449951171875
1987-04-20,545923800,183.7449951171875,184.375,181.67999267578125,182.125
1987-04-21,546010200,182.125,184.7550048828125,180.1750030517578,184.63499450683594
1987-04-22,546096600,184.63499450683594,185.68499755859375,183.9550018310547,183.9550018310547
1987-04-23,546183000,183.9550018310547,185.0749969482422,182.96499633789062,183.77000427246094
1987-04-24,546269400,183.77000427246094,183.77000427246094,180.27499389648438,180.375
1987-04-27,546528600,180.375,180.375,177.50999450683594,179.5500030517578
1987-04-28,546615000,179.5500030517578,182.0500030517578,179.5500030517578,181.26499938964844
1987-04-29,546701400,181.26499938964844,183.72000122070312,181.26499938964844,182.22000122070312
1987-04-30,546787800,182.22000122070312,185.875,182.22000122070312,184.8300018310547
1987-05-01,546874200,184.8300018310547,186.1699981689453,184.28500366210938,185.8300018310547
1987-05-04,547133400,185.8300018310547,186.74000549316406,185.00999450683594,186.4499969482422
1987-05-05,547219800,186.4499969482422,189.99000549316406,186.4499969482422,189.73500061035156
1987-05-06,547306200,189.73500061035156,190.5050048828125,188.68499755859375,189.2949981689453
1987-05-07,547392600,189.2949981689453,190.5850067138672,189.2949981689453,190.01499938964844
1987-05-08,547479000,190.01499938964844,191.4199981689453,189.52499389648438,190.36000061035156
1987-05-11,547738200,190.36000061035156,191.6999969482422,189.24000549316406,189.24000549316406
1987-05-12,547824600,189.24000549316406,189.35000610351562,187.46499633789062,188.97500610351562
1987-05-13,547911000,188.97500610351562,190.46499633789062,188.97500610351562,190.2949981689453
1987-05-14,547997400,190.2949981689453,191.1649932861328,190.2100067138672,190.74000549316406
1987-05-15,548083800,190.74000549316406,190.74000549316406,187.91000366210938,187.91000366210938
1987-05-18,548343000,187.91000366210938,188.1199951171875,183.3300018310547,185.4550018310547
1987-05-19,548429400,185.4550018310547,185.92999267578125,181,181.46499633789062
1987-05-20,548515800,181.46499633789062,182.72000122070312,179.73500061035156,181.6999969482422
1987-05-21,548602200,181.6999969482422,183.57000732421875,181.6999969482422,182.66000366210938
1987-05-22,548688600,182.66000366210938,183.53500366210938,181.27000427246094,181.63999938964844
1987-05-26,549034200,181.63999938964844,185.19000244140625,181.63999938964844,185.1699981689453
1987-05-27,549120600,185.1699981689453,186.5050048828125,185.07000732421875,185.9550018310547
1987-05-28,549207000,185.9550018310547,188.2100067138672,185.85499572753906,188.11000061035156
1987-05-29,549293400,188.11000061035156,189.8300018310547,188.11000061035156,188.77000427246094
1987-06-01,549552600,188.77000427246094,189.15499877929688,185.5399932861328,185.86000061035156
1987-06-02,549639000,185.86000061035156,186.18499755859375,184.44000244140625,184.5
1987-06-03,549725400,184.5,186.39500427246094,184.5,185.75999450683594
1987-06-04,549811800,185.75999450683594,186.47000122070312,185.2050018310547,186.2550048828125
1987-06-05,549898200,186.2550048828125,186.86000061035156,185.4949951171875,185.68499755859375
1987-06-08,550157400,185.68499755859375,187.65499877929688,185.01499938964844,187.53500366210938
1987-06-09,550243800,187.53500366210938,189.6199951171875,187.53500366210938,189.47500610351562
1987-06-10,550330200,189.47500610351562,191.83999633789062,189.34500122070312,190.02000427246094
1987-06-11,550416600,190.02000427246094,190.72500610351562,188.85000610351562,189.6649932861328
1987-06-12,550503000,189.6649932861328,191.25999450683594,189.6649932861328,190.36000061035156
1987-06-15,550762200,190.36000061035156,191.0500030517578,189.27999877929688,189.60000610351562
1987-06-16,550848600,189.60000610351562,191.2949981689453,188.63499450683594,191.13999938964844
1987-06-17,550935000,191.13999938964844,192.14500427246094,190.7449951171875,191.32000732421875
1987-06-18,551021400,191.32000732421875,192.77999877929688,190.14500427246094,192.3699951171875
1987-06-19,551107800,192.3699951171875,193.19500732421875,191.3000030517578,192.0500030517578
1987-06-22,551367000,192.0500030517578,193.0449981689453,192,192.89999389648438
1987-06-23,551453400,192.89999389648438,193.27499389648438,191.0749969482422,191.83999633789062
1987-06-24,551539800,191.83999633789062,193.36000061035156,191.56500244140625,191.90499877929688
1987-06-25,551626200,191.90499877929688,192.8699951171875,191.22500610351562,191.34500122070312
1987-06-26,551712600,191.34500122070312,191.44500732421875,189.31500244140625,191.05999755859375
1987-06-29,551971800,191.05999755859375,191.2949981689453,190.375,190.6999969482422
1987-06-30,552058200,190.6999969482422,191.09500122070312,188.35000610351562,189.24000549316406
1987-07-01,552144600,189.24000549316406,190.1649932861328,188.875,189.47500610351562
1987-07-02,552231000,189.53500366210938,190.94500732421875,189.53500366210938,190.38499450683594
1987-07-06,552576600,190.38499450683594,191.1699981689453,188.72999572753906,189.02499389648438
1987-07-07,552663000,189.02499389648438,189.02499389648438,187.40499877929688,187.7550048828125
1987-07-08,552749400,187.7550048828125,188.375,186.56500244140625,187.38499450683594
1987-07-09,552835800,187.38499450683594,189.39999389648438,187.35000610351562,187.97500610351562
1987-07-10,552922200,187.97500610351562,188.94000244140625,187.7899932861328,188.73500061035156
1987-07-13,553181400,188.73500061035156,190.4199981689453,188.05999755859375,190.4199981689453
1987-07-14,553267800,190.4199981689453,194.9949951171875,190.4199981689453,194.98500061035156
1987-07-15,553354200,194.98500061035156,196.03500366210938,193.6999969482422,194.8699951171875
1987-07-16,553440600,194.8699951171875,196.35499572753906,194.8300018310547,196.0399932861328
1987-07-17,553527000,196.0399932861328,197.30499267578125,195.30999755859375,195.86500549316406
1987-07-20,553786200,195.86500549316406,195.86500549316406,193.77000427246094,193.86000061035156
1987-07-21,553872600,193.86000061035156,194.9149932861328,192.8300018310547,193.19500732421875
1987-07-22,553959000,193.19500732421875,193.8249969482422,192.56500244140625,193.63499450683594
1987-07-23,554045400,193.63499450683594,193.875,190.4600067138672,191.5050048828125
1987-07-24,554131800,191.5050048828125,193.11500549316406,191.49000549316406,193.02499389648438
1987-07-27,554391000,193.02499389648438,193.36500549316406,191.9949951171875,193.19500732421875
1987-07-28,554477400,193.19500732421875,194.24000549316406,193.19500732421875,193.7550048828125
1987-07-29,554563800,193.7550048828125,194.84500122070312,193.5850067138672,194.72500610351562
1987-07-30,554650200,194.72500610351562,196.75,194.60499572753906,196.56500244140625
1987-07-31,554736600,196.56500244140625,197.1199951171875,195.8300018310547,196.35000610351562
1987-08-03,554995800,196.35000610351562,196.7050018310547,194.5850067138672,195.24000549316406
1987-08-04,555082200,195.24000549316406,195.99000549316406,194.09500122070312,195.8800048828125
1987-08-05,555168600,195.8800048828125,198.625,195.8800048828125,198.2449951171875
1987-08-06,555255000,198.2449951171875,201.9149932861328,198.0500030517578,201.86500549316406
1987-08-07,555341400,201.86500549316406,204.7050018310547,201.86500549316406,203.72999572753906
1987-08-10,555600600,203.72999572753906,206.05999755859375,203.10000610351562,206.02999877929688
1987-08-11,555687000,206.02999877929688,208.46499633789062,206.02999877929688,208.38999938964844
1987-08-12,555773400,208.38999938964844,208.5850067138672,206.7949981689453,207.05999755859375
1987-08-13,555859800,207.05999755859375,207.60499572753906,206.13999938964844,206.47000122070312
1987-08-14,555946200,206.47000122070312,206.98500061035156,205.30999755859375,206.46499633789062
1987-08-17,556205400,206.46499633789062,207.13499450683594,205.6300048828125,206.8300018310547
1987-08-18,556291800,206.8300018310547,206.86500549316406,203.30999755859375,203.89999389648438
1987-08-19,556378200,203.89999389648438,205.38999938964844,203.35000610351562,205.38999938964844
1987-08-20,556464600,205.38999938964844,208.97500610351562,205.36500549316406,208.92999267578125
1987-08-21,556551000,208.92999267578125,210.7100067138672,208.88499450683594,210.5749969482422
1987-08-24,556810200,210.5749969482422,210.5749969482422,208.77499389648438,209.47999572753906
1987-08-25,556896600,209.47999572753906,211.55999755859375,209.47999572753906,210.71499633789062
1987-08-26,556983000,210.71499633789062,211.90499877929688,210.5,211.16000366210938
1987-08-27,557069400,211.16000366210938,212.1649932861328,210.2449951171875,210.63499450683594
1987-08-28,557155800,210.63499450683594,211.02499389648438,208.84500122070312,208.84500122070312
1987-08-31,557415000,208.84500122070312,209.75,207.65499877929688,209.5749969482422
1987-09-01,557501400,209.5749969482422,210.77999877929688,206.875,206.88999938964844
1987-09-02,557587800,206.88999938964844,207.36000061035156,204.22000122070312,205.72999572753906
1987-09-03,557674200,205.72999572753906,207.48500061035156,203.68499755859375,205.01499938964844
1987-09-04,557760600,205.01499938964844,205.85000610351562,203.9199981689453,204.05999755859375
1987-09-08,558106200,204.05999755859375,204.11000061035156,197.4250030517578,199.89999389648438
1987-09-09,558192600,199.89999389648438,201.98500061035156,199.8300018310547,201.60000610351562
1987-09-10,558279000,201.60000610351562,205.34500122070312,201.60000610351562,205.1649932861328
1987-09-11,558365400,205.1649932861328,206.89500427246094,204.9499969482422,206.36500549316406
1987-09-14,558624600,206.36500549316406,207.07000732421875,204.33999633789062,205.16000366210938
1987-09-15,558711000,205.16000366210938,205.16000366210938,201.6750030517578,202.2550048828125
1987-09-16,558797400,202.2550048828125,203.44000244140625,201.24000549316406,201.3000030517578
1987-09-17,558883800,201.3000030517578,202.2449951171875,200.7100067138672,202.05499267578125
1987-09-18,558970200,202.05499267578125,202.9600067138672,201.15499877929688,201.6750030517578
1987-09-21,559229400,201.6750030517578,202.22000122070312,197.24000549316406,197.25999450683594
1987-09-22,559315800,197.25999450683594,201.4550018310547,196.13499450683594,201.42999267578125
1987-09-23,559402200,201.42999267578125,204.13999938964844,201.42999267578125,204.0749969482422
1987-09-24,559488600,204.0749969482422,206.1750030517578,203.7449951171875,204.63999938964844
1987-09-25,559575000,204.63999938964844,205.66000366210938,204.05499267578125,205.11500549316406
1987-09-28,559834200,205.11500549316406,206.86000061035156,204.35000610351562,204.625
1987-09-29,559920600,204.625,205.1199951171875,203.7550048828125,204.14999389648438
1987-09-30,560007000,204.14999389648438,205.6999969482422,203.6750030517578,205.5050048828125
1987-10-01,560093400,205.5050048828125,209.72500610351562,205.5050048828125,209.7050018310547
1987-10-02,560179800,209.7050018310547,212.22999572753906,209.7050018310547,212.14500427246094
1987-10-05,560439000,212.14500427246094,213.8300018310547,211.41000366210938,213.80999755859375
1987-10-06,560525400,213.80999755859375,214.02999877929688,208.07000732421875,208.07000732421875
1987-10-07,560611800,208.07000732421875,208.07000732421875,205.08999633789062,206.88999938964844
1987-10-08,560698200,206.88999938964844,207.6199951171875,202.4949951171875,203.625
1987-10-09,560784600,203.625,205.11500549316406,202.13999938964844,202.46499633789062
1987-10-12,561043800,202.46499633789062,202.46499633789062,197.85499572753906,199.625
1987-10-13,561130200,199.625,202.0500030517578,199.01499938964844,201.22999572753906
1987-10-14,561216600,201.22999572753906,201.23500061035156,196.38999938964844,197.4949951171875
1987-10-15,561303000,197.4949951171875,197.4949951171875,192.85000610351562,193.06500244140625
1987-10-16,561389400,193.06500244140625,193.5449981689453,182.96499633789062,183.28500366210938
1987-10-19,561648600,183.28500366210938,183.3000030517578,155.625,155.64999389648438
1987-10-20,561735000,155.64999389648438,156.7550048828125,142.3800048828125,143.9600067138672
1987-10-21,561821400,143.9600067138672,160.27499389648438,143.9600067138672,158.77999877929688
1987-10-22,561907800,158.77999877929688,158.77999877929688,149.19000244140625,149.98500061035156
1987-10-23,561994200,149.98500061035156,149.98500061035156,145.03500366210938,145.4199981689453
1987-10-26,562257000,145.4199981689453,145.4199981689453,128.2050018310547,128.4250030517578
1987-10-27,562343400,128.4250030517578,134.94000244140625,128.4250030517578,129.86500549316406
1987-10-28,562429800,129.86500549316406,131.9499969482422,126.25,131.2100067138672
1987-10-29,562516200,131.2050018310547,144.30999755859375,131.2050018310547,143.63999938964844
1987-10-30,562602600,143.63999938964844,152.11000061035156,143.63999938964844,150.07000732421875
1987-11-02,562861800,150.07000732421875,152.50999450683594,148.5050048828125,152.19500732421875
1987-11-03,562948200,152.19500732421875,152.19500732421875,143.77999877929688,147.13499450683594
1987-11-04,563034600,147.13499450683594,149.3350067138672,143.86000061035156,147.94500732421875
1987-11-05,563121000,147.94500732421875,153.60499572753906,147.77999877929688,153.02999877929688
1987-11-06,563207400,153.02999877929688,154.1199951171875,150.5749969482422,150.67999267578125
1987-11-09,563466600,150.67999267578125,150.67999267578125,145.34500122070312,146.48500061035156
1987-11-10,563553000,146.48500061035156,146.48500061035156,143.1300048828125,143.44500732421875
1987-11-11,563639400,143.44500732421875,147.2550048828125,143.44500732421875,145.47999572753906
1987-11-12,563725800,145.47999572753906,151.02000427246094,145.47999572753906,149.84500122070312
1987-11-13,563812200,149.84500122070312,150.94500732421875,147.93499755859375,147.9499969482422
1987-11-16,564071400,147.9499969482422,150.625,146.72500610351562,147.4600067138672
1987-11-17,564157800,147.4600067138672,147.4600067138672,142.77999877929688,143.5749969482422
1987-11-18,564244200,143.5749969482422,145.5449981689453,142.14500427246094,144.8350067138672
1987-11-19,564330600,144.8350067138672,145.08999633789062,140.89500427246094,141.05999755859375
1987-11-20,564417000,141.05999755859375,141.22500610351562,137.7100067138672,140.8350067138672
1987-11-23,564676200,140.8350067138672,141.83999633789062,139.77499389648438,141.83999633789062
1987-11-24,564762600,141.83999633789062,145.86000061035156,141.83999633789062,144.66000366210938
1987-11-25,564849000,144.66000366210938,145.25999450683594,143.81500244140625,144.9949951171875
1987-11-27,565021800,145,145,143.22999572753906,143.35499572753906
1987-11-30,565281000,143.35499572753906,143.35499572753906,133.13999938964844,137.125
1987-12-01,565367400,137.125,139.36500549316406,136.5449981689453,137.16000366210938
1987-12-02,565453800,137.16000366210938,138.60499572753906,136.16000366210938,137.9550018310547
1987-12-03,565540200,137.9550018310547,138.875,132.86500549316406,132.9499969482422
1987-12-04,565626600,132.9499969482422,132.9499969482422,129.46499633789062,130.43499755859375
1987-12-07,565885800,130.43499755859375,133.42999267578125,130.43499755859375,133.14500427246094
1987-12-08,565972200,133.14500427246094,136.72000122070312,133.14500427246094,136.69000244140625
1987-12-09,566058600,136.69000244140625,140.41000366210938,135.9949951171875,139.75999450683594
1987-12-10,566145000,139.63499450683594,141.4600067138672,135.41000366210938,139.01499938964844
1987-12-11,566231400,139.01499938964844,140.1699981689453,138.8300018310547,139.82000732421875
1987-12-14,566490600,139.82000732421875,146.34500122070312,139.82000732421875,146.0800018310547
1987-12-15,566577000,146.0800018310547,148.22500610351562,146.0800018310547,146.88999938964844
1987-12-16,566663400,146.88999938964844,151.28500366210938,146.21499633789062,151.05999755859375
1987-12-17,566749800,151.05999755859375,152.78500366210938,149.83999633789062,149.91000366210938
1987-12-18,566836200,149.91000366210938,154.83999633789062,149.91000366210938,154.7449951171875
1987-12-21,567095400,154.7449951171875,156.17999267578125,154.30999755859375,156.02000427246094
1987-12-22,567181800,156.02000427246094,156.05999755859375,153.13999938964844,155.55499267578125
1987-12-23,567268200,155.55499267578125,158.30499267578125,155.55499267578125,158.05999755859375
1987-12-24,567354600,158.05999755859375,158.4199981689453,157.3800048828125,158.18499755859375
1987-12-28,567700200,158.18499755859375,158.18499755859375,151.8000030517578,152.77999877929688
1987-12-29,567786600,152.77999877929688,154.69000244140625,152.5749969482422,154.34500122070312
1987-12-30,567873000,154.34500122070312,157.5850067138672,154.34500122070312,157.28500366210938
1987-12-31,567959400,157.28500366210938,157.28500366210938,154.9550018310547,156.25
1988-01-04,568305000,156.25,162.10000610351562,156.25,161.80999755859375
1988-01-05,568391400,161.80999755859375,166.3699951171875,161.80999755859375,164.27999877929688
1988-01-06,568477800,164.27999877929688,166.7449951171875,163.72000122070312,166.1750030517578
1988-01-07,568564200,166.1750030517578,168.7050018310547,163.9250030517578,168.6999969482422
1988-01-08,568650600,168.6999969482422,169.13999938964844,158.13499450683594,158.19500732421875
1988-01-11,568909800,158.19500732421875,158.875,155.24000549316406,158.875
1988-01-12,568996200,158.875,159.48500061035156,152.14500427246094,155.72500610351562
1988-01-13,569082600,155.72500610351562,157,152.80499267578125,155.5449981689453
1988-01-14,569169000,155.5449981689453,157.42999267578125,155.5050048828125,156.03500366210938
1988-01-15,569255400,156.03500366210938,161.375,156.03500366210938,159.8249969482422
1988-01-18,569514600,159.8249969482422,159.8800048828125,157.9250030517578,159.02499389648438
1988-01-19,569601000,159.02499389648438,159.3800048828125,156.9199981689453,158.00999450683594
1988-01-20,569687400,158.00999450683594,158.02000427246094,151.7899932861328,152.46499633789062
1988-01-21,569773800,152.46499633789062,153.8000030517578,151.57000732421875,152.9499969482422
1988-01-22,569860200,152.9499969482422,154.98500061035156,152.9499969482422,154.35499572753906
1988-01-25,570119400,154.35499572753906,157.85499572753906,154.35499572753906,157.05499267578125
1988-01-26,570205800,157.05499267578125,157.06500244140625,154.78500366210938,155.22999572753906
1988-01-27,570292200,155.22999572753906,156.52499389648438,154.7899932861328,155.4250030517578
1988-01-28,570378600,155.4250030517578,158.0050048828125,155.4250030517578,157.65499877929688
1988-01-29,570465000,157.65499877929688,159.14500427246094,157.26499938964844,159.1300048828125
1988-02-01,570724200,159.1300048828125,160.40499877929688,158.4499969482422,158.61500549316406
1988-02-02,570810600,158.61500549316406,159.03500366210938,157.50999450683594,158.97500610351562
1988-02-03,570897000,158.97500610351562,159.52999877929688,156.1300048828125,156.5800018310547
1988-02-04,570983400,156.5800018310547,157.71499633789062,156.09500122070312,157.3800048828125
1988-02-05,571069800,157.3800048828125,159.26499938964844,157.3800048828125,158.01499938964844
1988-02-08,571329000,158.01499938964844,158.39500427246094,156.6649932861328,157.875
1988-02-09,571415400,157.875,159.05499267578125,157.50999450683594,158.92999267578125
1988-02-10,571501800,158.92999267578125,162.4949951171875,158.8800048828125,162.24000549316406
1988-02-11,571588200,162.24000549316406,163.6199951171875,161.94000244140625,162.9550018310547
1988-02-12,571674600,162.9550018310547,164.86000061035156,162.9550018310547,163.93499755859375
1988-02-16,572020200,163.93499755859375,165.69500732421875,163.35000610351562,165.5399932861328
1988-02-17,572106600,165.5399932861328,167.77999877929688,165.5399932861328,165.80499267578125
1988-02-18,572193000,165.80499267578125,167.11000061035156,165.30999755859375,165.75
1988-02-19,572279400,165.75,167.3350067138672,165.35499572753906,167.0749969482422
1988-02-22,572538600,167.0749969482422,170.28500366210938,167.0749969482422,170.1999969482422
1988-02-23,572625000,170.27499389648438,171.71499633789062,169.98500061035156,171.28500366210938
1988-02-24,572711400,171.28500366210938,173.06500244140625,171.0850067138672,172.47500610351562
1988-02-25,572797800,172.47500610351562,174.0500030517578,170.6999969482422,170.78500366210938
1988-02-26,572884200,170.78500366210938,171.03500366210938,169.67999267578125,170.64500427246094
1988-02-29,573143400,170.64500427246094,172.72999572753906,170.19500732421875,172.63999938964844
1988-03-01,573229800,172.63999938964844,173.36500549316406,171.72000122070312,172.63499450683594
1988-03-02,573316200,172.63499450683594,175.67999267578125,172.5449981689453,175.11500549316406
1988-03-03,573402600,175.11500549316406,177.27999877929688,175.07000732421875,176.5
1988-03-04,573489000,176.5,177.4199981689453,174.7550048828125,177.38999938964844
1988-03-07,573748200,177.38999938964844,178.66000366210938,176.77999877929688,178.46499633789062
1988-03-08,573834600,178.46499633789062,180.5399932861328,178.4550018310547,179.625
1988-03-09,573921000,179.625,182.02999877929688,179.625,181.24000549316406
1988-03-10,574007400,181.24000549316406,182.73500061035156,178.28500366210938,178.43499755859375
1988-03-11,574093800,178.43499755859375,178.7550048828125,175.68499755859375,177.88999938964844
1988-03-14,574353000,177.88999938964844,179.22000122070312,177.88999938964844,179.2100067138672
1988-03-15,574439400,179.2100067138672,179.32000732421875,177.48500061035156,178.31500244140625
1988-03-16,574525800,178.31500244140625,180.4499969482422,177.36500549316406,180.4199981689453
1988-03-17,574612200,180.4199981689453,182.11500549316406,180.4199981689453,181.23500061035156
1988-03-18,574698600,181.23500061035156,182.5749969482422,180.36000061035156,181.03500366210938
1988-03-21,574957800,181.03500366210938,181.07000732421875,177.72000122070312,178.89999389648438
1988-03-22,575044200,178.89999389648438,180.2550048828125,178.63499450683594,180.01499938964844
1988-03-23,575130600,180.01499938964844,180.61000061035156,178.41000366210938,179.2449951171875
1988-03-24,575217000,179.2449951171875,179.2449951171875,174.0500030517578,174.76499938964844
1988-03-25,575303400,174.76499938964844,175.52000427246094,172.5050048828125,172.8800048828125
1988-03-28,575562600,172.8800048828125,173.14500427246094,170.52499389648438,172.83999633789062
1988-03-29,575649000,172.83999633789062,175.125,172.83999633789062,173.6649932861328
1988-03-30,575735400,173.6649932861328,174.4149932861328,171.44000244140625,172.1300048828125
1988-03-31,575821800,172.1300048828125,173.34500122070312,171.0850067138672,173.25999450683594
1988-04-04,576163800,173.25999450683594,173.25999450683594,170.8699951171875,171.40499877929688
1988-04-05,576250200,171.40499877929688,172.97000122070312,171.26499938964844,172.89500427246094
1988-04-06,576336600,172.89500427246094,176.60000610351562,172.8249969482422,176.60000610351562
1988-04-07,576423000,176.60000610351562,178.22000122070312,176.60000610351562,177.3300018310547
1988-04-08,576509400,177.3000030517578,179.55999755859375,176.91000366210938,178.92999267578125
1988-04-11,576768600,179.38999938964844,180.2100067138672,178.61000061035156,179.94000244140625
1988-04-12,576855000,180.1199951171875,180.64500427246094,178.9949951171875,180.10000610351562
1988-04-13,576941400,180.10499572753906,180.91000366210938,178.92999267578125,180.38499450683594
1988-04-14,577027800,180.22000122070312,180.22000122070312,173.19500732421875,173.27000427246094
1988-04-15,577114200,173.1649932861328,173.78500366210938,170.13999938964844,173.13499450683594
1988-04-18,577373400,173.1699981689453,173.94500732421875,172.05499267578125,173.5500030517578
1988-04-19,577459800,173.9149932861328,177.02499389648438,173.9149932861328,174.35499572753906
1988-04-20,577546200,174.27000427246094,174.27000427246094,172.61000061035156,172.93499755859375
1988-04-21,577632600,173.22999572753906,174.66000366210938,171.5749969482422,172.07000732421875
1988-04-22,577719000,171.88999938964844,173.63999938964844,171.88999938964844,173.32000732421875
1988-04-25,577978200,173.375,174.93499755859375,173.375,174.39999389648438
1988-04-26,578064600,174.47999572753906,176.85499572753906,174.47999572753906,176.7449951171875
1988-04-27,578151000,176.74000549316406,177.78500366210938,176.53500366210938,177.2100067138672
1988-04-28,578237400,177.27999877929688,177.6199951171875,176.4949951171875,176.72999572753906
1988-04-29,578323800,176.74000549316406,176.74000549316406,174.76499938964844,175.9199981689453
1988-05-02,578583000,175.93499755859375,177.03500366210938,175.42999267578125,176.7449951171875
1988-05-03,578669400,176.85000610351562,179.6300048828125,176.85000610351562,178.9949951171875
1988-05-04,578755800,179.11500549316406,180.10499572753906,178.4250030517578,178.625
1988-05-05,578842200,178.52999877929688,178.66000366210938,177.14999389648438,177.67999267578125
1988-05-06,578928600,177.6999969482422,178.6199951171875,176.9499969482422,177.17999267578125
1988-05-09,579187800,177.11000061035156,177.11000061035156,174.4250030517578,174.92999267578125
1988-05-10,579274200,174.80999755859375,175.5749969482422,173.40499877929688,174.32000732421875
1988-05-11,579360600,174.0050048828125,174.0050048828125,169.8249969482422,170.8000030517578
1988-05-12,579447000,170.82000732421875,172.02999877929688,170.82000732421875,171.7050018310547
1988-05-13,579533400,171.97000122070312,173.9550018310547,171.97000122070312,173.84500122070312
1988-05-16,579792600,174.0449981689453,175.19500732421875,173.36500549316406,174.98500061035156
1988-05-17,579879000,175.2449951171875,177.36000061035156,174.07000732421875,174.07000732421875
1988-05-18,579965400,174.07000732421875,174.16000366210938,169.72500610351562,170.28500366210938
1988-05-19,580051800,170.14500427246094,170.5449981689453,167.51499938964844,170.34500122070312
1988-05-20,580138200,170.44500732421875,171.5500030517578,169.64500427246094,169.88499450683594
1988-05-23,580397400,169.74000549316406,169.8000030517578,166.76499938964844,167.64999389648438
1988-05-24,580483800,167.7949981689453,169.3300018310547,167.26499938964844,169.2100067138672
1988-05-25,580570200,169.22999572753906,170.14500427246094,168.83999633789062,169.00999450683594
1988-05-26,580656600,169.06500244140625,170.0749969482422,168.6999969482422,169.85499572753906
1988-05-27,580743000,169.69500732421875,169.9600067138672,168.9550018310547,169.5850067138672
1988-05-31,581088600,169.51499938964844,173.44500732421875,169.41000366210938,173.34500122070312
1988-06-01,581175000,173.48500061035156,177.25999450683594,173.48500061035156,176.6750030517578
1988-06-02,581261400,176.53500366210938,178.10000610351562,175.77999877929688,176.4499969482422
1988-06-03,581347800,176.6699981689453,178.67999267578125,176.5050048828125,178.0050048828125
1988-06-06,581607000,177.9250030517578,179.8000030517578,177.875,179.7449951171875
1988-06-07,581693400,179.5850067138672,181.0749969482422,179.16000366210938,179.76499938964844
1988-06-08,581779800,179.86500549316406,183.13999938964844,179.77499389648438,183.01499938964844
1988-06-09,581866200,183.01499938964844,183.56500244140625,181.89500427246094,182.77499389648438
1988-06-10,581952600,182.8300018310547,185.1750030517578,182.3300018310547,184.28500366210938
1988-06-13,582211800,184.49000549316406,185.00999450683594,183.76499938964844,184.73500061035156
1988-06-14,582298200,185.08999633789062,187.16000366210938,185.08999633789062,185.77499389648438
1988-06-15,582384600,185.5399932861328,186.1699981689453,184.4600067138672,186.10499572753906
1988-06-16,582471000,185.77999877929688,185.77999877929688,183.8249969482422,184.5050048828125
1988-06-17,582557400,184.69000244140625,184.97000122070312,183.36500549316406,183.94000244140625
1988-06-20,582816600,184,184,182.75999450683594,183.19500732421875
1988-06-21,582903000,183.38499450683594,184.7899932861328,182.77999877929688,184.7899932861328
1988-06-22,582989400,184.92999267578125,187.60000610351562,184.92999267578125,186.97999572753906
1988-06-23,583075800,186.97500610351562,187.49000549316406,186.3249969482422,187.07000732421875
1988-06-24,583162200,187.15499877929688,187.7449951171875,186.63999938964844,187.35000610351562
1988-06-27,583421400,187.09500122070312,187.16000366210938,185.0449981689453,185.11500549316406
1988-06-28,583507800,185.0850067138672,188.30499267578125,184.72500610351562,188.19000244140625
1988-06-29,583594200,188.27000427246094,189.1649932861328,186.88999938964844,187.78500366210938
1988-06-30,583680600,187.72500610351562,189.34500122070312,187.4250030517578,189.02499389648438
1988-07-01,583767000,189.22999572753906,190.1750030517578,188.9199981689453,189.9550018310547
1988-07-05,584112600,189.94500732421875,191.9550018310547,188.76499938964844,191.90499877929688
1988-07-06,584199000,191.8300018310547,192.77000427246094,190.09500122070312,190.42999267578125
1988-07-07,584285400,190.33999633789062,190.33999633789062,188.0449981689453,189.38499450683594
1988-07-08,584371800,189.21499633789062,189.2949981689453,187.80499267578125,188.14500427246094
1988-07-11,584631000,188.4199981689453,188.94500732421875,187.43499755859375,187.68499755859375
1988-07-12,584717400,188.30999755859375,188.5449981689453,186.19500732421875,187.23500061035156
1988-07-13,584803800,187.23500061035156,188.55999755859375,186.55499267578125,188.1199951171875
1988-07-14,584890200,188.17999267578125,188.97000122070312,187.34500122070312,188.67999267578125
1988-07-15,584976600,188.57000732421875,189.3300018310547,187.9949951171875,188.50999450683594
1988-07-18,585235800,188.5850067138672,189.3699951171875,187.6649932861328,188.7949981689453
1988-07-19,585322200,188.52499389648438,188.52499389648438,184.96499633789062,185.77999877929688
1988-07-20,585408600,185.84500122070312,186.82000732421875,184.68499755859375,185.2550048828125
1988-07-21,585495000,184.9199981689453,184.9199981689453,182.10000610351562,182.40499877929688
1988-07-22,585581400,182.3800048828125,182.3800048828125,180.36500549316406,181.86000061035156
1988-07-25,585840600,181.8249969482422,182.05499267578125,180.6199951171875,181.58999633789062
1988-07-26,585927000,181.3000030517578,181.3000030517578,179.31500244140625,179.7050018310547
1988-07-27,586013400,179.73500061035156,180.44000244140625,176.94500732421875,177.3699951171875
1988-07-28,586099800,177.4550018310547,178.58999633789062,176.3800048828125,178.22000122070312
1988-07-29,586186200,178.50999450683594,181.31500244140625,178.50999450683594,181.16000366210938
1988-08-01,586445400,181.15499877929688,182.19000244140625,180.68499755859375,181.44000244140625
1988-08-02,586531800,181.43499755859375,182.08999633789062,179.64999389648438,180.53500366210938
1988-08-03,586618200,180.69000244140625,181.31500244140625,180.01499938964844,181.07000732421875
1988-08-04,586704600,181.14500427246094,181.99000549316406,180.7949981689453,181.1750030517578
1988-08-05,586791000,181.1699981689453,181.1699981689453,179.77000427246094,179.89500427246094
1988-08-08,587050200,180.03500366210938,180.77000427246094,179.69500732421875,179.81500244140625
1988-08-09,587136600,179.94500732421875,180.0500030517578,176.1750030517578,177.27000427246094
1988-08-10,587223000,177.0749969482422,177.11000061035156,172.6750030517578,172.67999267578125
1988-08-11,587309400,172.96499633789062,174.68499755859375,172.96499633789062,174.63499450683594
1988-08-12,587395800,174.52000427246094,174.5449981689453,173.10000610351562,173.7449951171875
1988-08-15,587655000,173.6300048828125,173.6300048828125,169.96499633789062,170.0850067138672
1988-08-16,587741400,170.0850067138672,173.625,169,172.64500427246094
1988-08-17,587827800,172.5449981689453,173.92999267578125,171.7550048828125,172.90499877929688
1988-08-18,587914200,172.88499450683594,174.55499267578125,172.75,173.5500030517578
1988-08-19,588000600,173.69000244140625,174.2899932861328,172.3249969482422,172.81500244140625
1988-08-22,588259800,172.72999572753906,172.98500061035156,169.71499633789062,169.89500427246094
1988-08-23,588346200,169.9149932861328,170.38499450683594,168.85000610351562,169.60499572753906
1988-08-24,588432600,169.71499633789062,172.16000366210938,169.2050018310547,171.9550018310547
1988-08-25,588519000,171.49000549316406,171.51499938964844,168.88999938964844,170.52999877929688
1988-08-26,588605400,170.28500366210938,171.2100067138672,170.28500366210938,170.97999572753906
1988-08-29,588864600,171.13499450683594,173.21499633789062,171.13499450683594,172.76499938964844
1988-08-30,588951000,172.84500122070312,173.0050048828125,171.75,172.36500549316406
1988-08-31,589037400,172.4550018310547,173.25,170.4149932861328,170.9949951171875
1988-09-01,589123800,170.93499755859375,170.93499755859375,167.1699981689453,168.22000122070312
1988-09-02,589210200,168.72999572753906,171.88499450683594,168.72999572753906,171.46499633789062
1988-09-06,589555800,171.61000061035156,172.36500549316406,170.90499877929688,171.93499755859375
1988-09-07,589642200,172.14500427246094,172.9199981689453,170.59500122070312,172.09500122070312
1988-09-08,589728600,172.06500244140625,173.2449951171875,170.94000244140625,172.96499633789062
1988-09-09,589815000,173.0749969482422,176.15499877929688,171.64999389648438,175.47999572753906
1988-09-12,590074200,175.63999938964844,176.8249969482422,175.3350067138672,175.59500122070312
1988-09-13,590160600,175.09500122070312,175.94000244140625,174.15499877929688,175.8699951171875
1988-09-14,590247000,176.5449981689453,177.90499877929688,176.0050048828125,176.97999572753906
1988-09-15,590333400,176.99000549316406,177.0800018310547,175.2449951171875,175.4149932861328
1988-09-16,590419800,175.64500427246094,176.9149932861328,175.1649932861328,176.64500427246094
1988-09-19,590679000,176.625,176.75,174.7050018310547,176.11000061035156
1988-09-20,590765400,175.74000549316406,177.06500244140625,175.72000122070312,176.80499267578125
1988-09-21,590851800,176.77999877929688,178.02499389648438,176.67999267578125,177.80499267578125
1988-09-22,590938200,177.88499450683594,178.6649932861328,177.10000610351562,178.27499389648438
1988-09-23,591024600,178.22500610351562,178.22500610351562,177.05999755859375,177.47500610351562
1988-09-26,591283800,177.5500030517578,177.75999450683594,175.64500427246094,175.8699951171875
1988-09-27,591370200,175.89500427246094,176.14999389648438,175.30999755859375,175.8000030517578
1988-09-28,591456600,175.84500122070312,177.22000122070312,175.27999877929688,177.05499267578125
1988-09-29,591543000,177.0800018310547,179.125,177.0800018310547,178.8249969482422
1988-09-30,591629400,178.99000549316406,180.30999755859375,178.5500030517578,179.36500549316406
1988-10-03,591888600,179.2899932861328,179.2899932861328,175.77999877929688,176.7899932861328
1988-10-04,591975000,176.74000549316406,177.55499267578125,175.84500122070312,176.2899932861328
1988-10-05,592061400,176.22500610351562,176.9149932861328,174.9499969482422,175.86000061035156
1988-10-06,592147800,175.89500427246094,176.875,175.3249969482422,176.23500061035156
1988-10-07,592234200,175.8800048828125,176.1999969482422,174.11500549316406,176
1988-10-10,592493400,175.97500610351562,176.0399932861328,173.47500610351562,174.93499755859375
1988-10-11,592579800,175.0749969482422,175.85000610351562,174.07000732421875,175.625
1988-10-12,592666200,175.27499389648438,175.27499389648438,172.80999755859375,173.2899932861328
1988-10-13,592752600,173.15499877929688,175.21499633789062,172.88499450683594,174.8350067138672
1988-10-14,592839000,175.47999572753906,176.77499389648438,174.55999755859375,175.3699951171875
1988-10-17,593098200,175.49000549316406,176.08999633789062,175.14999389648438,175.78500366210938
1988-10-18,593184600,176,176.99000549316406,174.88499450683594,176.99000549316406
1988-10-19,593271000,177.1649932861328,179.23500061035156,176.48500061035156,176.99000549316406
1988-10-20,593357400,177.0749969482422,180.52499389648438,177.0749969482422,180.36500549316406
1988-10-21,593443800,180.06500244140625,180.40499877929688,179.1199951171875,179.74000549316406
1988-10-24,593703000,179.7949981689453,180.22000122070312,178.1999969482422,178.41000366210938
1988-10-25,593789400,178.4949951171875,178.55999755859375,176.85000610351562,177.39999389648438
1988-10-26,593875800,177.30999755859375,177.44500732421875,175.4600067138672,176.35000610351562
1988-10-27,593962200,176.02499389648438,176.02499389648438,172.9550018310547,174.27999877929688
1988-10-28,594048600,174.27999877929688,175.1750030517578,174,174.88499450683594
1988-10-31,594311400,174.8699951171875,175.02999877929688,173.14999389648438,174.77999877929688
1988-11-01,594397800,174.77499389648438,175.6199951171875,173.8300018310547,174.59500122070312
1988-11-02,594484200,174.60000610351562,174.60000610351562,172.71499633789062,174.01499938964844
1988-11-03,594570600,173.89999389648438,174.6750030517578,173.4149932861328,174.25
1988-11-04,594657000,173.7899932861328,174.77499389648438,172.73500061035156,173.55999755859375
1988-11-07,594916200,173.4550018310547,173.4550018310547,171.05499267578125,171.33999633789062
1988-11-08,595002600,171.6199951171875,174.39500427246094,171.6199951171875,173.75
1988-11-09,595089000,173.60499572753906,173.72000122070312,172.39999389648438,173.4949951171875
1988-11-10,595175400,173.50999450683594,174.0800018310547,172.5500030517578,173.27499389648438
1988-11-11,595261800,173.22500610351562,173.22500610351562,169.08999633789062,169.24000549316406
1988-11-14,595521000,169.4149932861328,169.97999572753906,167.84500122070312,168.9550018310547
1988-11-15,595607400,169.0050048828125,169.5749969482422,167.97500610351562,168.10499572753906
1988-11-16,595693800,168.4149932861328,168.5,165.1750030517578,165.52499389648438
1988-11-17,595780200,165.66000366210938,166.63499450683594,165.46499633789062,166.2050018310547
1988-11-18,595866600,166.14999389648438,166.75999450683594,165.4600067138672,166.52499389648438
1988-11-21,596125800,165.38499450683594,165.38499450683594,162.65499877929688,163.81500244140625
1988-11-22,596212200,163.90499877929688,164.72000122070312,163.27499389648438,164.35000610351562
1988-11-23,596298600,164.47000122070312,167.48500061035156,164.47000122070312,167.19000244140625
1988-11-25,596471400,167.06500244140625,167.06500244140625,165.1199951171875,165.72000122070312
1988-11-28,596730600,165.63999938964844,166.4550018310547,164.44000244140625,165.9949951171875
1988-11-29,596817000,166.13999938964844,167.3000030517578,165.60000610351562,167.1699981689453
1988-11-30,596903400,167.2050018310547,169.49000549316406,167.2050018310547,169.18499755859375
1988-12-01,596989800,169.13499450683594,171.82000732421875,168.73500061035156,171.3300018310547
1988-12-02,597076200,171.2949981689453,172.63999938964844,170.1999969482422,171.61500549316406
1988-12-05,597335400,172.85499572753906,173.9550018310547,172.85499572753906,172.85499572753906
1988-12-06,597421800,172.85499572753906,174.01499938964844,171.68499755859375,174.01499938964844
1988-12-07,597508200,174.01499938964844,174.2449951171875,172.7550048828125,172.83999633789062
1988-12-08,597594600,172.83999633789062,172.90499877929688,171.2550048828125,171.88499450683594
1988-12-09,597681000,171.88499450683594,172.25999450683594,171.21499633789062,171.7949981689453
1988-12-12,597940200,171.7949981689453,172.61500549316406,170.85499572753906,171.11000061035156
1988-12-13,598026600,171.0850067138672,171.0850067138672,169.78500366210938,170.2550048828125
1988-12-14,598113000,170.2550048828125,171.5449981689453,170.05999755859375,170.8699951171875
1988-12-15,598199400,171.00999450683594,172.19000244140625,171.00999450683594,171.6199951171875
1988-12-16,598285800,171.6199951171875,174.2449951171875,171.5500030517578,174.01499938964844
1988-12-19,598545000,174.01499938964844,175.68499755859375,173.75999450683594,175.38999938964844
1988-12-20,598631400,175.38999938964844,176.82000732421875,174.94000244140625,175.0749969482422
1988-12-21,598717800,175.0749969482422,175.52999877929688,173.9149932861328,174.66000366210938
1988-12-22,598804200,174.66000366210938,175.1199951171875,173.86500549316406,174.75999450683594
1988-12-23,598890600,174.75999450683594,175.94000244140625,174.72000122070312,175.61000061035156
1988-12-27,599236200,175.61000061035156,176.42999267578125,174.9199981689453,175.22000122070312
1988-12-28,599322600,175.22000122070312,175.24000549316406,174.125,175.1300048828125
1988-12-29,599409000,175.1300048828125,176.98500061035156,175.0050048828125,176.67999267578125
1988-12-30,599495400,176.67999267578125,177.86000061035156,176.56500244140625,177.41000366210938
1989-01-03,599841000,177.39999389648438,177.39999389648438,172.94500732421875,174.625
1989-01-04,599927400,174.9250030517578,177.84500122070312,174.9250030517578,177.55999755859375
1989-01-05,600013800,177.55999755859375,179.25,177.07000732421875,177.48500061035156
1989-01-06,600100200,177.48500061035156,178.51499938964844,177.27999877929688,177.52000427246094
1989-01-09,600359400,177.52000427246094,178.57000732421875,176.89500427246094,177.64999389648438
1989-01-10,600445800,177.64999389648438,177.75999450683594,176.36000061035156,177.06500244140625
1989-01-11,600532200,177.06500244140625,177.8249969482422,176.18499755859375,177.59500122070312
1989-01-12,600618600,177.81500244140625,179.44500732421875,177.81500244140625,179
1989-01-13,600705000,179,179.4149932861328,178.4250030517578,179.10000610351562
1989-01-16,600964200,179.10000610351562,179.8350067138672,178.5800018310547,179.1999969482422
1989-01-17,601050600,179.1999969482422,179.1999969482422,176.72500610351562,177.08999633789062
1989-01-18,601137000,177.08999633789062,179.05999755859375,176.35499572753906,178.64500427246094
1989-01-19,601223400,178.64500427246094,181.61500549316406,178.64500427246094,180.57000732421875
1989-01-20,601309800,180.57000732421875,181.32000732421875,179.2449951171875,180.32000732421875
1989-01-23,601569000,180.32000732421875,180.72999572753906,178.06500244140625,178.2050018310547
1989-01-24,601655400,178.2050018310547,180.5500030517578,177.89500427246094,180.1750030517578
1989-01-25,601741800,180.1750030517578,181.8800048828125,180.1750030517578,181.55999755859375
1989-01-26,601828200,181.55999755859375,184.11000061035156,180.76499938964844,183.9949951171875
1989-01-27,601914600,183.9949951171875,184.5850067138672,182.25999450683594,183.5449981689453
1989-01-30,602173800,183.5449981689453,185.00999450683594,183.5449981689453,184.78500366210938
1989-01-31,602260200,184.78500366210938,186.69000244140625,183.97999572753906,186.47000122070312
1989-02-01,602346600,186.47000122070312,188.63999938964844,186.47000122070312,188.3699951171875
1989-02-02,602433000,188.3699951171875,191.1300048828125,188.09500122070312,189.86500549316406
1989-02-03,602519400,189.86500549316406,190.63999938964844,188.94000244140625,189.97500610351562
1989-02-06,602778600,189.97500610351562,190.2899932861328,188.7949981689453,189.46499633789062
1989-02-07,602865000,189.46499633789062,192.9949951171875,189.22000122070312,192.05499267578125
1989-02-08,602951400,192.05499267578125,192.63499450683594,189.8800048828125,190.0500030517578
1989-02-09,603037800,190.0500030517578,190.47999572753906,188.06500244140625,188.69000244140625
1989-02-10,603124200,188.69000244140625,188.69000244140625,185.44500732421875,185.7050018310547
1989-02-13,603383400,185.7050018310547,186.1750030517578,184.61000061035156,185.40499877929688
1989-02-14,603469800,185.40499877929688,186.93499755859375,185.21499633789062,185.6300048828125
1989-02-15,603556200,185.6300048828125,187.43499755859375,185.4499969482422,187.4149932861328
1989-02-16,603642600,187.4149932861328,188.34500122070312,187.2550048828125,187.8249969482422
1989-02-17,603729000,187.8249969482422,189.44000244140625,187.59500122070312,188.50999450683594
1989-02-21,604074600,188.50999450683594,188.86000061035156,187.3249969482422,188.1699981689453
1989-02-22,604161000,188.1699981689453,188.1699981689453,184.6750030517578,185.75999450683594
1989-02-23,604247400,185.75999450683594,186.76499938964844,184.3300018310547,186.47000122070312
1989-02-24,604333800,186.47000122070312,186.7949981689453,184.34500122070312,184.58999633789062
1989-02-27,604593000,184.58999633789062,184.6300048828125,183.24000549316406,183.81500244140625
1989-02-28,604679400,183.81500244140625,185.03500366210938,183.22999572753906,183.7899932861328
1989-03-01,604765800,183.7899932861328,185.46499633789062,183.3350067138672,183.60000610351562
1989-03-02,604852200,183.60000610351562,185.5449981689453,183.60000610351562,185.4600067138672
1989-03-03,604938600,185.4600067138672,186.16000366210938,184.93499755859375,185.81500244140625
1989-03-06,605197800,185.81500244140625,187.5800018310547,185.81500244140625,187.5050048828125
1989-03-07,605284200,187.5050048828125,187.52999877929688,185.63999938964844,186.6999969482422
1989-03-08,605370600,186.6999969482422,187.68499755859375,185.9250030517578,186.2550048828125
1989-03-09,605457000,186.2550048828125,186.4149932861328,185.10499572753906,185.35000610351562
1989-03-10,605543400,185.35000610351562,185.66000366210938,184.17999267578125,184.9949951171875
1989-03-13,605802600,184.9949951171875,186.38999938964844,184.5749969482422,185.8800048828125
1989-03-14,605889000,185.8800048828125,186.53500366210938,185.02499389648438,185.35499572753906
1989-03-15,605975400,185.35499572753906,186.48500061035156,185.0749969482422,185.36500549316406
1989-03-16,606061800,185.36500549316406,187.4199981689453,185.13499450683594,187.13499450683594
1989-03-17,606148200,187.13499450683594,187.13499450683594,181.7899932861328,182.00999450683594
1989-03-20,606407400,182.00999450683594,182.00999450683594,178.96499633789062,179.875
1989-03-21,606493800,179.875,182.23500061035156,179.875,182.0399932861328
1989-03-22,606580200,182.0399932861328,182.0399932861328,180.19500732421875,180.58999633789062
1989-03-23,606666600,180.58999633789062,181.64500427246094,180.02499389648438,181.0399932861328
1989-03-27,607012200,181.0399932861328,181.78500366210938,180.36000061035156,181.14500427246094
1989-03-28,607098600,181.14500427246094,182.57000732421875,181.14500427246094,182.01499938964844
1989-03-29,607185000,182.01499938964844,183.33999633789062,181.6649932861328,183.33999633789062
1989-03-30,607271400,183.33999633789062,184.4600067138672,182.31500244140625,184.36500549316406
1989-03-31,607357800,184.36500549316406,186.1750030517578,184.36500549316406,185.8699951171875
1989-04-03,607613400,185.8699951171875,186.78500366210938,185.66000366210938,185.8300018310547
1989-04-04,607699800,185.8300018310547,185.91000366210938,184.4499969482422,185.53500366210938
1989-04-05,607786200,185.53500366210938,186.2449951171875,184.98500061035156,186.08999633789062
1989-04-06,607872600,186.08999633789062,186.22000122070312,185.00999450683594,186.1999969482422
1989-04-07,607959000,186.1999969482422,188.59500122070312,186.1300048828125,188.39999389648438
1989-04-10,608218200,188.39999389648438,189.43499755859375,188.30999755859375,189.27499389648438
1989-04-11,608304600,189.27499389648438,191.52000427246094,189.27499389648438,190.91000366210938
1989-04-12,608391000,190.91000366210938,193.60000610351562,190.91000366210938,192.52999877929688
1989-04-13,608477400,192.52999877929688,193.4499969482422,191.14999389648438,191.8300018310547
1989-04-14,608563800,191.8300018310547,194.71499633789062,191.8249969482422,194.6300048828125
1989-04-17,608823000,194.6300048828125,195.1199951171875,194.0800018310547,194.58999633789062
1989-04-18,608909400,194.58999633789062,197.27499389648438,194.58999633789062,196.8300018310547
1989-04-19,608995800,196.8300018310547,198.72000122070312,196.72999572753906,198.07000732421875
1989-04-20,609082200,198.07000732421875,198.4949951171875,195.80499267578125,197.64999389648438
1989-04-21,609168600,197.64999389648438,199.05499267578125,197.39999389648438,198.86000061035156
1989-04-24,609427800,198.86000061035156,198.86000061035156,197.84500122070312,198.31500244140625
1989-04-25,609514200,198.31500244140625,199.3000030517578,196.82000732421875,197.24000549316406
1989-04-26,609600600,197.24000549316406,197.7550048828125,196.6750030517578,197.25
1989-04-27,609687000,197.25,199.80999755859375,197.13999938964844,199.57000732421875
1989-04-28,609773400,199.57000732421875,200.4949951171875,198.80999755859375,200.47000122070312
1989-05-01,610032600,200.47000122070312,201.10000610351562,199.14500427246094,200.75
1989-05-02,610119000,200.75,201.6300048828125,200.15499877929688,200.7449951171875
1989-05-03,610205400,200.7449951171875,202.0449981689453,200.60499572753906,201.5850067138672
1989-05-04,610291800,201.5850067138672,202.99000549316406,201.41000366210938,202.09500122070312
1989-05-05,610378200,202.09500122070312,205.2550048828125,202.09500122070312,203.44000244140625
1989-05-08,610637400,203.44000244140625,203.9600067138672,201.85000610351562,203.0399932861328
1989-05-09,610723800,203.0399932861328,204.05499267578125,201.80999755859375,202.68499755859375
1989-05-10,610810200,202.68499755859375,203.5449981689453,202.375,203.01499938964844
1989-05-11,610896600,203.01499938964844,204.0399932861328,202.77000427246094,203.51499938964844
1989-05-12,610983000,203.51499938964844,207.18499755859375,203.51499938964844,207.15499877929688
1989-05-15,611242200,207.15499877929688,209.1649932861328,207,208.89500427246094
1989-05-16,611328600,208.89500427246094,209.1300048828125,207.44000244140625,208.2550048828125
1989-05-17,611415000,208.2550048828125,211.2949981689453,208.2550048828125,210.72999572753906
1989-05-18,611501400,210.72999572753906,211.47999572753906,210.19500732421875,211.05999755859375
1989-05-19,611587800,211.05999755859375,213.1300048828125,211.05999755859375,212.61000061035156
1989-05-22,611847000,212.61000061035156,213.6999969482422,211.4550018310547,212.3699951171875
1989-05-23,611933400,212.3699951171875,212.44000244140625,210.5449981689453,210.625
1989-05-24,612019800,210.625,212.06500244140625,209.7050018310547,211.98500061035156
1989-05-25,612106200,211.98500061035156,213.77000427246094,211.875,212.83999633789062
1989-05-26,612192600,212.83999633789062,214.4600067138672,212.63499450683594,214.43499755859375
1989-05-30,612538200,214.43499755859375,215.18499755859375,212.38499450683594,213.58999633789062
1989-05-31,612624600,213.58999633789062,215.06500244140625,213.0399932861328,214.5449981689453
1989-06-01,612711000,214.5449981689453,216.19500732421875,214.0399932861328,215.58999633789062
1989-06-02,612797400,215.58999633789062,218.11000061035156,215.27999877929688,217.7899932861328
1989-06-05,613056600,217.7899932861328,218.14500427246094,213.19000244140625,213.39999389648438
1989-06-06,613143000,213.39999389648438,215.0500030517578,212.82000732421875,214.39500427246094
1989-06-07,613229400,214.39500427246094,220.18499755859375,214.39500427246094,219.8800048828125
1989-06-08,613315800,219.8800048828125,220.80999755859375,219.14500427246094,219.38999938964844
1989-06-09,613402200,219.38999938964844,219.4550018310547,217.86000061035156,218.7949981689453
1989-06-12,613661400,218.7949981689453,218.7949981689453,216.86000061035156,218.60000610351562
1989-06-13,613747800,218.60000610351562,218.60499572753906,215.27499389648438,216.5449981689453
1989-06-14,613834200,216.5449981689453,217.72500610351562,215.75,216.6649932861328
1989-06-15,613920600,216.6649932861328,216.6999969482422,212.64999389648438,213.08999633789062
1989-06-16,614007000,213.08999633789062,213.08999633789062,211.05999755859375,212.81500244140625
1989-06-19,614266200,212.81500244140625,213.14500427246094,210.52999877929688,212.28500366210938
1989-06-20,614352600,212.28500366210938,213.11000061035156,210.97500610351562,211.0399932861328
1989-06-21,614439000,211.0399932861328,212.50999450683594,210.38999938964844,210.91000366210938
1989-06-22,614525400,210.91000366210938,212.4499969482422,210.65499877929688,212.22000122070312
1989-06-23,614611800,212.22000122070312,214.44000244140625,212.22000122070312,214.25999450683594
1989-06-26,614871000,214.25999450683594,215.52999877929688,213.5749969482422,213.61500549316406
1989-06-27,614957400,213.61500549316406,215.0850067138672,213.61500549316406,213.93499755859375
1989-06-28,615043800,213.93499755859375,213.93499755859375,209.99000549316406,211.07000732421875
1989-06-29,615130200,211.07000732421875,211.07000732421875,205.9499969482422,206.77000427246094
1989-06-30,615216600,206.77000427246094,206.9949951171875,201.99000549316406,204.5850067138672
1989-07-03,615475800,204.5850067138672,205.6649932861328,203.61000061035156,205.46499633789062
1989-07-05,615648600,205.46499633789062,206.7949981689453,204.60499572753906,206.36500549316406
1989-07-06,615735000,206.36500549316406,207.6699981689453,206.36500549316406,207.6699981689453
1989-07-07,615821400,207.6699981689453,210.22000122070312,207.47000122070312,209.5800018310547
1989-07-10,616080600,209.5800018310547,210.02999877929688,208.6999969482422,209.3300018310547
1989-07-11,616167000,209.3300018310547,211.13499450683594,209.3300018310547,209.94000244140625
1989-07-12,616253400,209.94000244140625,211.1750030517578,209.36000061035156,210.8699951171875
1989-07-13,616339800,210.8699951171875,212.25,210.22000122070312,211.47999572753906
1989-07-14,616426200,211.47999572753906,212.89500427246094,210.5399932861328,212.86500549316406
1989-07-17,616685400,212.86500549316406,214.14500427246094,212.09500122070312,213.73500061035156
1989-07-18,616771800,213.73500061035156,213.73500061035156,210.9949951171875,211.38499450683594
1989-07-19,616858200,211.38499450683594,213.6199951171875,211.38499450683594,213.61000061035156
1989-07-20,616944600,213.61000061035156,214.19000244140625,211.01499938964844,211.09500122070312
1989-07-21,617031000,211.09500122070312,211.6199951171875,209.88499450683594,210.86500549316406
1989-07-24,617290200,210.86500549316406,210.86500549316406,208.0500030517578,208.11500549316406
1989-07-25,617376600,208.11500549316406,210.61000061035156,207.58999633789062,208.01499938964844
1989-07-26,617463000,208.01499938964844,209.90499877929688,207.52000427246094,209.89500427246094
1989-07-27,617549400,209.89500427246094,213.02000427246094,209.89500427246094,212.7550048828125
1989-07-28,617635800,212.7550048828125,213.36000061035156,212.07000732421875,213.14500427246094
1989-07-31,617895000,213.14500427246094,214.3350067138672,212.0800018310547,214.27499389648438
1989-08-01,617981400,214.27499389648438,215.4949951171875,212.5050048828125,212.8350067138672
1989-08-02,618067800,212.8350067138672,212.94000244140625,211.63499450683594,212.83999633789062
1989-08-03,618154200,212.83999633789062,214.9499969482422,212.83999633789062,214.55999755859375
1989-08-04,618240600,214.55999755859375,215.72500610351562,213.22999572753906,215.13999938964844
1989-08-07,618499800,215.13999938964844,219.02000427246094,215.13999938964844,218.75999450683594
1989-08-08,618586200,218.75999450683594,220.0850067138672,217.85499572753906,219.72999572753906
1989-08-09,618672600,219.72999572753906,220.4149932861328,217.73500061035156,217.85000610351562
1989-08-10,618759000,217.85000610351562,218.1649932861328,216.02499389648438,217.4199981689453
1989-08-11,618845400,217.4199981689453,219.4149932861328,215.69000244140625,216.30499267578125
1989-08-14,619104600,216.30499267578125,216.30499267578125,214.55499267578125,214.80999755859375
1989-08-15,619191000,214.80999755859375,215.8800048828125,214.5800018310547,215.8699951171875
1989-08-16,619277400,215.8699951171875,216.77999877929688,214.36500549316406,214.8699951171875
1989-08-17,619363800,214.8699951171875,216.23500061035156,214.3350067138672,216.14999389648438
1989-08-18,619450200,216.14999389648438,217.19000244140625,215.9600067138672,216.72000122070312
1989-08-21,619709400,216.72000122070312,217.24000549316406,214.13499450683594,214.18499755859375
1989-08-22,619795800,214.18499755859375,215.39999389648438,213.3350067138672,215.38499450683594
1989-08-23,619882200,215.38499450683594,217.8300018310547,215.375,217.49000549316406
1989-08-24,619968600,217.49000549316406,220.55999755859375,217.49000549316406,220.39500427246094
1989-08-25,620055000,220.39500427246094,221.4199981689453,220.0800018310547,220.82000732421875
1989-08-28,620314200,220.82000732421875,221.50999450683594,219.52000427246094,221.4600067138672
1989-08-29,620400600,221.4600067138672,222.09500122070312,219.72999572753906,220.3000030517578
1989-08-30,620487000,220.3000030517578,221.9149932861328,220.3000030517578,221.39999389648438
1989-08-31,620573400,221.39999389648438,222.14999389648438,221.3800048828125,222.0050048828125
1989-09-01,620659800,222.0050048828125,223.94500732421875,222.0050048828125,223.51499938964844
1989-09-05,621005400,223.51499938964844,224.875,223.49000549316406,223.5800018310547
1989-09-06,621091800,223.5800018310547,223.5800018310547,220.3300018310547,221.6699981689453
1989-09-07,621178200,221.6699981689453,223.06500244140625,221.0800018310547,221.1999969482422
1989-09-08,621264600,221.1999969482422,222.9149932861328,219.7949981689453,222.65499877929688
1989-09-11,621523800,222.65499877929688,223.7100067138672,221.8300018310547,222.9600067138672
1989-09-12,621610200,222.9600067138672,224.92999267578125,222.9600067138672,224.3249969482422
1989-09-13,621696600,224.3249969482422,227.3249969482422,224.3249969482422,224.61500549316406
1989-09-14,621783000,224.61500549316406,224.78500366210938,222.38999938964844,222.41000366210938
1989-09-15,621869400,222.41000366210938,223.9149932861328,221.38999938964844,221.9600067138672
1989-09-18,622128600,221.9600067138672,222.00999450683594,220.61500549316406,221.75
1989-09-19,622215000,221.75,222.68499755859375,221.46499633789062,221.93499755859375
1989-09-20,622301400,221.93499755859375,222.76499938964844,221.40499877929688,222.30499267578125
1989-09-21,622387800,222.30499267578125,224.43499755859375,222.1750030517578,222.65499877929688
1989-09-22,622474200,222.65499877929688,224.2100067138672,222.24000549316406,223.88999938964844
1989-09-25,622733400,223.88999938964844,224.97999572753906,223.125,223.88999938964844
1989-09-26,622819800,223.88999938964844,224.77499389648438,223.44000244140625,223.8699951171875
1989-09-27,622906200,223.8699951171875,223.8699951171875,220.97500610351562,223.80499267578125
1989-09-28,622992600,223.80499267578125,226.25,223.80499267578125,226.25
1989-09-29,623079000,226.25,227.63499450683594,225.80499267578125,226.38999938964844
1989-10-02,623338200,226.4149932861328,228.11500549316406,225.63999938964844,228.11000061035156
1989-10-03,623424600,228.11000061035156,229.0399932861328,227.84500122070312,228.73500061035156
1989-10-04,623511000,228.73500061035156,231.375,228.73500061035156,230.89999389648438
1989-10-05,623597400,230.89999389648438,232.85000610351562,229.77499389648438,231.74000549316406
1989-10-06,623683800,231.74000549316406,234.8800048828125,231.74000549316406,234.40499877929688
1989-10-09,623943000,234.40499877929688,236.97999572753906,233.21499633789062,236.78500366210938
1989-10-10,624029400,236.78500366210938,238.84500122070312,234.97999572753906,236.0850067138672
1989-10-11,624115800,236.0850067138672,236.0850067138672,233.5749969482422,235.0850067138672
1989-10-12,624202200,235.0850067138672,236,234.34500122070312,234.5449981689453
1989-10-13,624288600,234.5449981689453,235.52999877929688,224.51499938964844,224.6649932861328
1989-10-16,624547800,224.6649932861328,225.02999877929688,213.60499572753906,224.94500732421875
1989-10-17,624634200,224.94500732421875,225.86500549316406,220.42999267578125,224.2449951171875
1989-10-18,624720600,224.2449951171875,226.57000732421875,222.4949951171875,226.52499389648438
1989-10-19,624807000,226.52499389648438,231.86000061035156,226.52499389648438,231.52999877929688
1989-10-20,624893400,231.52999877929688,231.64999389648438,229.22000122070312,231.0500030517578
1989-10-23,625152600,231.0500030517578,231.64999389648438,228.21499633789062,228.75999450683594
1989-10-24,625239000,228.75999450683594,228.75999450683594,223.26499938964844,226.1750030517578
1989-10-25,625325400,226.1750030517578,228.11000061035156,225.9250030517578,226.11500549316406
1989-10-26,625411800,226.11500549316406,226.11500549316406,221.99000549316406,222.05499267578125
1989-10-27,625498200,222.05499267578125,222.68499755859375,217.21499633789062,218.83999633789062
1989-10-30,625761000,218.83999633789062,220.52999877929688,217.7550048828125,219.0749969482422
1989-10-31,625847400,219.0749969482422,223.1199951171875,219.0749969482422,222.61500549316406
1989-11-01,625933800,222.61500549316406,224.10000610351562,222.01499938964844,223.30999755859375
1989-11-02,626020200,223.30999755859375,223.30999755859375,218.38999938964844,219.4499969482422
1989-11-03,626106600,219.4499969482422,220.7050018310547,218.61500549316406,219.05499267578125
1989-11-06,626365800,219.05499267578125,219.2550048828125,215.13499450683594,215.18499755859375
1989-11-07,626452200,215.18499755859375,217.99000549316406,214.65499877929688,217.64999389648438
1989-11-08,626538600,217.64999389648438,221.72500610351562,217.64999389648438,220.3699951171875
1989-11-09,626625000,220.3699951171875,221.24000549316406,219.72999572753906,220.64999389648438
1989-11-10,626711400,220.64999389648438,223.19500732421875,220.64999389648438,222.52999877929688
1989-11-13,626970600,222.52999877929688,223.5500030517578,221.47000122070312,222.7550048828125
1989-11-14,627057000,222.7550048828125,223.0800018310547,220.25,221.3699951171875
1989-11-15,627143400,221.3699951171875,222.55499267578125,219.625,222.34500122070312
1989-11-16,627229800,222.34500122070312,222.82000732421875,220.6750030517578,221.6999969482422
1989-11-17,627316200,221.6999969482422,223.22999572753906,221.30499267578125,222.6300048828125
1989-11-20,627575400,222.6300048828125,223.9199981689453,221.07000732421875,223.4149932861328
1989-11-21,627661800,223.4149932861328,224,221.72999572753906,222.75999450683594
1989-11-22,627748200,222.75999450683594,224.33999633789062,222.43499755859375,223.625
1989-11-24,627921000,223.6300048828125,225.03500366210938,223.6300048828125,224.8350067138672
1989-11-27,628180200,224.8350067138672,225.75999450683594,223.44500732421875,223.64500427246094
1989-11-28,628266600,223.64500427246094,224.35000610351562,222.88499450683594,223.5850067138672
1989-11-29,628353000,223.5850067138672,223.5850067138672,222.10499572753906,223.4949951171875
1989-11-30,628439400,223.4949951171875,224.97500610351562,222.5,224.44500732421875
1989-12-01,628525800,224.44500732421875,226.39999389648438,224.44500732421875,225.31500244140625
1989-12-04,628785000,225.31500244140625,226.91000366210938,224.3300018310547,226.72000122070312
1989-12-05,628871400,226.72000122070312,227.85499572753906,226.4550018310547,227.30499267578125
1989-12-06,628957800,227.30499267578125,227.64500427246094,224.11000061035156,224.15499877929688
1989-12-07,629044200,224.15499877929688,225.375,223.77000427246094,224.76499938964844
1989-12-08,629130600,224.76499938964844,225.60000610351562,223.5749969482422,224.02499389648438
1989-12-11,629389800,224.02499389648438,224.02499389648438,219.14500427246094,220.26499938964844
1989-12-12,629476200,220.26499938964844,220.47500610351562,217.30999755859375,217.80499267578125
1989-12-13,629562600,217.80499267578125,219.1300048828125,217.3249969482422,217.91000366210938
1989-12-14,629649000,217.91000366210938,217.91000366210938,215.01499938964844,216.35499572753906
1989-12-15,629735400,216.35499572753906,217.4550018310547,212.6300048828125,214.13999938964844
1989-12-18,629994600,214.13999938964844,215.44000244140625,209.93499755859375,210.85000610351562
1989-12-19,630081000,210.85000610351562,211.7050018310547,208.68499755859375,211.18499755859375
1989-12-20,630167400,211.18499755859375,213.24000549316406,210.92999267578125,213.23500061035156
1989-12-21,630253800,213.23500061035156,216.36500549316406,213.23500061035156,216.22999572753906
1989-12-22,630340200,216.22999572753906,219.2100067138672,216.22999572753906,217.625
1989-12-26,630685800,217.625,218.71499633789062,217.19000244140625,217.61500549316406
1989-12-27,630772200,217.61500549316406,221.5749969482422,217.61500549316406,221.5749969482422
1989-12-28,630858600,221.5749969482422,221.68499755859375,220.36000061035156,221.5800018310547
1989-12-29,630945000,221.5800018310547,223.86000061035156,221.5500030517578,223.8350067138672
1990-01-02,631290600,223.8350067138672,227.72500610351562,220.43499755859375,227.72500610351562
1990-01-03,631377000,227.72500610351562,228.94000244140625,226.10000610351562,226.10000610351562
1990-01-04,631463400,226.10000610351562,226.1750030517578,222.7100067138672,224.71499633789062
1990-01-05,631549800,224.71499633789062,224.7949981689453,222.88999938964844,223.13999938964844
1990-01-08,631809000,223.13999938964844,223.5800018310547,221.63999938964844,223.5399932861328
1990-01-09,631895400,223.5399932861328,224.3300018310547,221.0800018310547,221.17999267578125
1990-01-10,631981800,221.17999267578125,221.17999267578125,216.46499633789062,216.55499267578125
1990-01-11,632068200,216.55499267578125,218.22000122070312,213.5050048828125,213.5050048828125
1990-01-12,632154600,213.5050048828125,213.5050048828125,208.40499877929688,208.7949981689453
1990-01-15,632413800,208.7949981689453,209.3350067138672,207.2899932861328,207.61500549316406
1990-01-16,632500200,207.61500549316406,212,204.75999450683594,211.9149932861328
1990-01-17,632586600,211.9149932861328,213.89999389648438,210.4499969482422,210.60499572753906
1990-01-18,632673000,210.60499572753906,210.625,208.30999755859375,210.57000732421875
1990-01-19,632759400,210.57000732421875,214.88999938964844,210.57000732421875,213.91000366210938
1990-01-22,633018600,213.91000366210938,213.91000366210938,207.88499450683594,208.05999755859375
1990-01-23,633105000,208.05999755859375,209.98500061035156,206.0749969482422,207.47999572753906
1990-01-24,633191400,207.47999572753906,209.75,205.75,206.7449951171875
1990-01-25,633277800,206.7449951171875,209.8300018310547,205.47000122070312,205.77499389648438
1990-01-26,633364200,205.77499389648438,206.75,201.24000549316406,203.2449951171875
1990-01-29,633623400,203.2449951171875,204.81500244140625,200.1199951171875,202.05499267578125
1990-01-30,633709800,202.05499267578125,202.05499267578125,196.68499755859375,197.65499877929688
1990-01-31,633796200,197.65499877929688,201.96499633789062,197.65499877929688,201.94000244140625
1990-02-01,633882600,201.94000244140625,203.0449981689453,200.52499389648438,203.0449981689453
1990-02-02,633969000,203.0449981689453,206.7550048828125,202.69000244140625,205.61500549316406
1990-02-05,634228200,205.61500549316406,206.8350067138672,205.07000732421875,206.49000549316406
1990-02-06,634314600,206.49000549316406,206.71499633789062,203.77499389648438,205.0749969482422
1990-02-07,634401000,205.0749969482422,207.1999969482422,202.91000366210938,206.80499267578125
1990-02-08,634487400,206.80499267578125,209.5800018310547,206.80499267578125,207.2449951171875
1990-02-09,634573800,207.2449951171875,208.7449951171875,206.9199981689453,208.4949951171875
1990-02-12,634833000,208.4949951171875,208.52000427246094,205.94500732421875,206.8800048828125
1990-02-13,634919400,206.8800048828125,207.9949951171875,205.34500122070312,207.1999969482422
1990-02-14,635005800,207.1999969482422,208.53500366210938,206.98500061035156,208.05999755859375
1990-02-15,635092200,208.05999755859375,210.10499572753906,206.8699951171875,209.92999267578125
1990-02-16,635178600,209.92999267578125,210.43499755859375,208.30999755859375,208.35499572753906
1990-02-20,635524200,208.35499572753906,208.35499572753906,203.34500122070312,205.06500244140625
1990-02-21,635610600,205.06500244140625,205.44000244140625,201.82000732421875,204.75
1990-02-22,635697000,204.75,206.85499572753906,203.97500610351562,204.19000244140625
1990-02-23,635783400,204.19000244140625,204.19000244140625,200.40499877929688,201.7949981689453
1990-02-26,636042600,201.7949981689453,204.6750030517578,201.39500427246094,204.625
1990-02-27,636129000,204.64999389648438,206.7100067138672,204.64999389648438,205.78500366210938
1990-02-28,636215400,205.78500366210938,208.58999633789062,205.60000610351562,207.9149932861328
1990-03-01,636301800,207.9149932861328,210.02000427246094,206.52499389648438,209.10499572753906
1990-03-02,636388200,209.10499572753906,211.5449981689453,208.90499877929688,211.5399932861328
1990-03-05,636647400,211.5399932861328,212.0800018310547,209.34500122070312,210.38999938964844
1990-03-06,636733800,210.38999938964844,212.5050048828125,207.6699981689453,210.9600067138672
1990-03-07,636820200,210.9600067138672,211.86500549316406,209.80999755859375,210.15499877929688
1990-03-08,636906600,210.15499877929688,213.57000732421875,209.61000061035156,213.11000061035156
1990-03-09,636993000,213.11000061035156,214.1300048828125,212.47500610351562,213.82000732421875
1990-03-12,637252200,213.82000732421875,213.8300018310547,211.9199981689453,213.52499389648438
1990-03-13,637338600,213.52499389648438,214.02499389648438,211.49000549316406,211.50999450683594
1990-03-14,637425000,211.50999450683594,212.84500122070312,210.7100067138672,212.27000427246094
1990-03-15,637511400,212.30499267578125,214.1300048828125,212.09500122070312,213.47999572753906
1990-03-16,637597800,214.0800018310547,218.8000030517578,214.0800018310547,217.9600067138672
1990-03-19,637857000,217.9600067138672,220.13499450683594,215.9600067138672,219.8699951171875
1990-03-20,637943400,219.8699951171875,220.10499572753906,216.25,216.9250030517578
1990-03-21,638029800,216.9250030517578,217.8249969482422,215.6999969482422,215.85000610351562
1990-03-22,638116200,215.85000610351562,216.2550048828125,211.22500610351562,212.5399932861328
1990-03-23,638202600,212.5399932861328,215.38499450683594,212.5399932861328,214.49000549316406
1990-03-26,638461800,214.49000549316406,217.27499389648438,214.49000549316406,216.43499755859375
1990-03-27,638548200,216.43499755859375,217.9499969482422,214.97000122070312,217.47000122070312
1990-03-28,638634600,217.47000122070312,217.47000122070312,213.22000122070312,214.22999572753906
1990-03-29,638721000,214.22999572753906,214.61000061035156,212.3699951171875,213.11000061035156
1990-03-30,638807400,213.11000061035156,214.26499938964844,211.7050018310547,213.14500427246094
1990-04-02,639063000,213.14500427246094,213.14500427246094,209.89500427246094,212.6699981689453
1990-04-03,639149400,212.6699981689453,216.80999755859375,212.6699981689453,216.80999755859375
1990-04-04,639235800,216.80999755859375,217.72999572753906,214.5800018310547,215.47999572753906
1990-04-05,639322200,215.47999572753906,216.05499267578125,213.8699951171875,214.05999755859375
1990-04-06,639408600,214.05999755859375,214.69500732421875,212.01499938964844,212.47500610351562
1990-04-09,639667800,212.47500610351562,213.14999389648438,211.27499389648438,212.11500549316406
1990-04-10,639754200,212.11500549316406,214.0449981689453,211.94500732421875,213.22500610351562
1990-04-11,639840600,213.22500610351562,215.60000610351562,213.22500610351562,214.52499389648438
1990-04-12,639927000,214.52499389648438,217.19000244140625,214.52499389648438,216.0449981689453
1990-04-16,640272600,216.0449981689453,218.25,216.0449981689453,216.9250030517578
1990-04-17,640359000,216.8800048828125,216.8800048828125,214.39999389648438,216.5
1990-04-18,640445400,216.5,217.09500122070312,212.80499267578125,213.14500427246094
1990-04-19,640531800,213.14500427246094,213.14500427246094,210.7050018310547,210.8699951171875
1990-04-20,640618200,210.8699951171875,212.06500244140625,207.93499755859375,208.6199951171875
1990-04-23,640877400,208.5800018310547,208.5800018310547,203.76499938964844,205.6300048828125
1990-04-24,640963800,205.6300048828125,207.84500122070312,204.22999572753906,204.75999450683594
1990-04-25,641050200,204.75999450683594,205.93499755859375,204.4600067138672,205.5800018310547
1990-04-26,641136600,205.5800018310547,207.09500122070312,204.7449951171875,205.78500366210938
1990-04-27,641223000,205.78500366210938,206.52000427246094,203.01499938964844,203.6699981689453
1990-04-30,641482200,203.6699981689453,206.0500030517578,202.97000122070312,205.81500244140625
1990-05-01,641568600,205.81500244140625,207.58999633789062,205.81500244140625,207.0399932861328
1990-05-02,641655000,207.0399932861328,208.68499755859375,207.0399932861328,208.5
1990-05-03,641741400,208.5800018310547,211.26499938964844,208.5800018310547,210.08999633789062
1990-05-04,641827800,210.08999633789062,212.72999572753906,209.89999389648438,212.7050018310547
1990-05-07,642087000,212.7050018310547,216.05499267578125,212.7050018310547,215.02999877929688
1990-05-08,642173400,215.02999877929688,215.625,214.18499755859375,215.1699981689453
1990-05-09,642259800,215.1699981689453,215.65499877929688,214.1199951171875,215.42999267578125
1990-05-10,642346200,215.42999267578125,217.0749969482422,214.86500549316406,216.80999755859375
1990-05-11,642432600,216.80999755859375,221.09500122070312,216.6199951171875,220.88999938964844
1990-05-14,642691800,220.9199981689453,225.6750030517578,220.9199981689453,223.86000061035156
1990-05-15,642778200,223.86000061035156,224.78500366210938,222.28500366210938,224.49000549316406
1990-05-16,642864600,224.49000549316406,225.21499633789062,222.5050048828125,225.125
1990-05-17,642951000,225.1300048828125,227.30499267578125,225.1300048828125,226.63999938964844
1990-05-18,643037400,226.63999938964844,228.97500610351562,225.84500122070312,228.50999450683594
1990-05-21,643296600,228.50999450683594,232.4149932861328,228.50999450683594,232.21499633789062
1990-05-22,643383000,232.21499633789062,234.72500610351562,230.94500732421875,232.84500122070312
1990-05-23,643469400,232.84500122070312,236.1199951171875,232.10499572753906,236.05999755859375
1990-05-24,643555800,236.05999755859375,237.8249969482422,235.80999755859375,237.03500366210938
1990-05-25,643642200,236.99000549316406,236.99000549316406,232.0050048828125,232.1999969482422
1990-05-29,643987800,232.1999969482422,235.99000549316406,232.02000427246094,235.83999633789062
1990-05-30,644074200,235.83999633789062,237.9250030517578,235.24000549316406,236.35499572753906
1990-05-31,644160600,236.35499572753906,237.47000122070312,234.77999877929688,236.14999389648438
1990-06-01,644247000,236.14999389648438,238.6699981689453,236.14999389648438,237.88499450683594
1990-06-04,644506200,237.88499450683594,240.25999450683594,235.93499755859375,240.11000061035156
1990-06-05,644592600,240.11000061035156,240.97000122070312,236.99000549316406,237.84500122070312
1990-06-06,644679000,237.84500122070312,238.78500366210938,236.6750030517578,238.05499267578125
1990-06-07,644765400,238.05499267578125,239.5850067138672,235.93499755859375,237.38499450683594
1990-06-08,644851800,237.38499450683594,237.38499450683594,233.15499877929688,234.72999572753906
1990-06-11,645111000,234.72999572753906,236.97000122070312,232.7550048828125,236.9499969482422
1990-06-12,645197400,236.9499969482422,240.2050018310547,236.8300018310547,240.11000061035156
1990-06-13,645283800,240.11000061035156,242.84500122070312,240.0800018310547,242.05499267578125
1990-06-14,645370200,242.05499267578125,242.11500549316406,239.26499938964844,240.51499938964844
1990-06-15,645456600,240.51499938964844,241.36500549316406,239.50999450683594,240.78500366210938
1990-06-18,645715800,240.78500366210938,240.78500366210938,236.2899932861328,236.7100067138672
1990-06-19,645802200,236.7100067138672,237.27000427246094,234.94000244140625,236.77499389648438
1990-06-20,645888600,236.77499389648438,238.38499450683594,235.71499633789062,237.31500244140625
1990-06-21,645975000,237.31500244140625,238.25999450683594,236.0850067138672,238.14500427246094
1990-06-22,646061400,238.14500427246094,239.57000732421875,235.69000244140625,235.74000549316406
1990-06-25,646320600,235.74000549316406,236.53500366210938,232.6649932861328,232.9149932861328
1990-06-26,646407000,232.9149932861328,235.60499572753906,232.5850067138672,232.94000244140625
1990-06-27,646493400,232.94000244140625,235.47500610351562,231.75999450683594,234.9499969482422
1990-06-28,646579800,235.25999450683594,237.72999572753906,235.25999450683594,237.4149932861328
1990-06-29,646666200,237.49000549316406,238.92999267578125,237.49000549316406,238.4600067138672
1990-07-02,646925400,238.4600067138672,238.90499877929688,237.5749969482422,238.4199981689453
1990-07-03,647011800,238.4199981689453,238.4199981689453,236.8249969482422,238.18499755859375
1990-07-05,647184600,238.18499755859375,238.18499755859375,236.2100067138672,237.3000030517578
1990-07-06,647271000,237.3000030517578,238.72999572753906,235.83999633789062,238.46499633789062
1990-07-09,647530200,238.46499633789062,240.18499755859375,238.25,239.60000610351562
1990-07-10,647616600,239.60000610351562,240.44500732421875,238.03500366210938,238.66000366210938
1990-07-11,647703000,238.66000366210938,240.8249969482422,237.19000244140625,240.77499389648438
1990-07-12,647789400,240.77499389648438,243.5850067138672,239.92999267578125,243.4250030517578
1990-07-13,647875800,243.4250030517578,246.47000122070312,243.1300048828125,244.74000549316406
1990-07-16,648135000,244.74000549316406,246.81500244140625,244.25,246.17999267578125
1990-07-17,648221400,246.17999267578125,246.38999938964844,240.93499755859375,241.52499389648438
1990-07-18,648307800,241.52499389648438,241.52499389648438,237.3249969482422,238.22000122070312
1990-07-19,648394200,238.22000122070312,238.22000122070312,233.13999938964844,236.39999389648438
1990-07-20,648480600,236.39999389648438,237.82000732421875,232.13499450683594,232.44000244140625
1990-07-23,648739800,232.44000244140625,232.44000244140625,224.36500549316406,227.3800048828125
1990-07-24,648826200,227.3800048828125,229.27000427246094,222.0399932861328,226.48500061035156
1990-07-25,648912600,226.48500061035156,229.63499450683594,226.48500061035156,228.76499938964844
1990-07-26,648999000,228.76499938964844,229.0749969482422,226.10499572753906,227.1999969482422
1990-07-27,649085400,227.1999969482422,227.1999969482422,224.97500610351562,225.63499450683594
1990-07-30,649344600,225.63499450683594,225.63499450683594,221.36000061035156,223.9199981689453
1990-07-31,649431000,223.9199981689453,224.86000061035156,221.92999267578125,223.38499450683594
1990-08-01,649517400,223.38499450683594,224.625,221.65499877929688,223.11500549316406
1990-08-02,649603800,223.09500122070312,223.09500122070312,217.17999267578125,218.97000122070312
1990-08-03,649690200,218.97000122070312,218.97000122070312,204.61500549316406,212.60499572753906
1990-08-06,649949400,212.60499572753906,212.60499572753906,200.86500549316406,201.4550018310547
1990-08-07,650035800,201.4550018310547,206.5449981689453,201.4550018310547,202.65499877929688
1990-08-08,650122200,202.65499877929688,206.02999877929688,202.65499877929688,205.5800018310547
1990-08-09,650208600,205.5800018310547,209.875,205.5800018310547,209.125
1990-08-10,650295000,209.125,209.4600067138672,204.55499267578125,206.22999572753906
1990-08-13,650554200,206.22999572753906,207.8800048828125,203.2050018310547,207.4199981689453
1990-08-14,650640600,207.4199981689453,209.33999633789062,206.8249969482422,208.2949981689453
1990-08-15,650727000,208.2949981689453,210.8699951171875,207.97999572753906,208.46499633789062
1990-08-16,650813400,208.46499633789062,208.46499633789062,202.17999267578125,202.19000244140625
1990-08-17,650899800,202.19000244140625,202.19000244140625,194.02999877929688,196.84500122070312
1990-08-20,651159000,196.84500122070312,197.92999267578125,192.6999969482422,193.10000610351562
1990-08-21,651245400,193.10000610351562,193.10000610351562,184.11000061035156,188.2550048828125
1990-08-22,651331800,188.2550048828125,191.3350067138672,184.9949951171875,185.01499938964844
1990-08-23,651418200,185.01499938964844,185.01499938964844,177.05499267578125,178.2949981689453
1990-08-24,651504600,178.2949981689453,185.05499267578125,178.2949981689453,184.96499633789062
1990-08-27,651763800,184.96499633789062,194.8800048828125,184.96499633789062,193.97500610351562
1990-08-28,651850200,193.97500610351562,195.98500061035156,193.03500366210938,194.90499877929688
1990-08-29,651936600,194.90499877929688,194.90499877929688,192.22500610351562,192.90499877929688
1990-08-30,652023000,192.90499877929688,194.19500732421875,190.57000732421875,190.72500610351562
1990-08-31,652109400,190.72500610351562,193.6999969482422,189.3000030517578,193.61500549316406
1990-09-04,652455000,193.61500549316406,194.86500549316406,191.32000732421875,194.7449951171875
1990-09-05,652541400,194.7449951171875,195.875,193.25999450683594,193.81500244140625
1990-09-06,652627800,193.81500244140625,193.81500244140625,189.56500244140625,190.6699981689453
1990-09-07,652714200,190.6699981689453,192.50999450683594,188.25999450683594,191.8000030517578
1990-09-10,652973400,191.8000030517578,195.8699951171875,191.8000030517578,192.64999389648438
1990-09-11,653059800,192.64999389648438,192.83999633789062,189.53500366210938,190.96499633789062
1990-09-12,653146200,190.96499633789062,192.77499389648438,190.05999755859375,192.35499572753906
1990-09-13,653232600,192.35499572753906,193.72999572753906,189.1699981689453,189.72000122070312
1990-09-14,653319000,189.72000122070312,189.7949981689453,187.51499938964844,189.52000427246094
1990-09-17,653578200,189.52000427246094,190.4149932861328,187.9550018310547,189.60499572753906
1990-09-18,653664600,189.60499572753906,189.60499572753906,186.75,189.42999267578125
1990-09-19,653751000,189.42999267578125,190.90499877929688,188.49000549316406,188.77499389648438
1990-09-20,653837400,188.77499389648438,188.77499389648438,183.6750030517578,183.97999572753906
1990-09-21,653923800,183.97999572753906,184.86500549316406,181.39999389648438,183.1999969482422
1990-09-24,654183000,183.1999969482422,183.1999969482422,176.27499389648438,177.60499572753906
1990-09-25,654269400,177.60499572753906,180.72000122070312,177.39999389648438,180.7100067138672
1990-09-26,654355800,180.7100067138672,180.94000244140625,177.5850067138672,179.4550018310547
1990-09-27,654442200,179.4550018310547,181.63499450683594,173.05499267578125,174.19000244140625
1990-09-28,654528600,174.19000244140625,177.0850067138672,169.3249969482422,177.05499267578125
1990-10-01,654787800,177.05499267578125,184.94500732421875,177.05499267578125,184.73500061035156
1990-10-02,654874200,184.7449951171875,189.05499267578125,184.7449951171875,184.9199981689453
1990-10-03,654960600,184.9199981689453,184.9199981689453,180.03500366210938,180.5050048828125
1990-10-04,655047000,180.5050048828125,180.625,177.90499877929688,179.4949951171875
1990-10-05,655133400,179.4949951171875,180.6750030517578,174.63499450683594,178.36500549316406
1990-10-08,655392600,178.36500549316406,180.7899932861328,178.36500549316406,179.56500244140625
1990-10-09,655479000,179.56500244140625,179.56500244140625,173.0500030517578,173.625
1990-10-10,655565400,173.625,173.625,169.1999969482422,169.46499633789062
1990-10-11,655651800,169.46499633789062,170.30499267578125,163.60499572753906,165.19500732421875
1990-10-12,655738200,165.19500732421875,167.63999938964844,162.5500030517578,166.71499633789062
1990-10-15,655997400,166.71499633789062,169.5399932861328,165.1300048828125,169.35000610351562
1990-10-16,656083800,169.35000610351562,169.74000549316406,164.96499633789062,165.49000549316406
1990-10-17,656170200,165.49000549316406,168.47500610351562,164.21499633789062,167.27000427246094
1990-10-18,656256600,167.27000427246094,172.5800018310547,167.22000122070312,172.3800048828125
1990-10-19,656343000,172.3800048828125,176.19500732421875,172.3800048828125,174.6199951171875
1990-10-22,656602200,174.6199951171875,179.61000061035156,173.76499938964844,178.56500244140625
1990-10-23,656688600,178.56500244140625,180.1300048828125,177.35000610351562,178.39999389648438
1990-10-24,656775000,178.39999389648438,178.61000061035156,176.125,178.47000122070312
1990-10-25,656861400,178.47000122070312,179.58999633789062,175.63499450683594,177.33999633789062
1990-10-26,656947800,177.33999633789062,177.33999633789062,173.9499969482422,174.2100067138672
1990-10-29,657210600,174.2100067138672,175.1750030517578,171.1750030517578,171.7550048828125
1990-10-30,657297000,171.7550048828125,173.1699981689453,169.78500366210938,172.9949951171875
1990-10-31,657383400,172.9949951171875,174.55499267578125,171.9499969482422,172.55499267578125
1990-11-01,657469800,172.55499267578125,173.22500610351562,170.8800048828125,172.88499450683594
1990-11-02,657556200,172.88499450683594,177.1750030517578,172.68499755859375,176.86500549316406
1990-11-05,657815400,176.86500549316406,180.69500732421875,176.86500549316406,180.4600067138672
1990-11-06,657901800,180.4600067138672,182.5800018310547,179.8000030517578,180.25999450683594
1990-11-07,657988200,180.25999450683594,180.25999450683594,176.61000061035156,177.0800018310547
1990-11-08,658074600,177.0800018310547,179.13999938964844,176.19500732421875,177.7050018310547
1990-11-09,658161000,177.7050018310547,182.24000549316406,177.7050018310547,182.24000549316406
1990-11-12,658420200,182.24000549316406,188.875,182.24000549316406,188.6699981689453
1990-11-13,658506600,188.6699981689453,190.84500122070312,187.7949981689453,189.875
1990-11-14,658593000,189.875,192.6699981689453,189.13499450683594,192.4499969482422
1990-11-15,658679400,192.4499969482422,192.4499969482422,188.625,189.5500030517578
1990-11-16,658765800,189.5500030517578,189.5500030517578,183.16000366210938,184.9600067138672
1990-11-19,659025000,184.9600067138672,187.4949951171875,184.9600067138672,187.0399932861328
1990-11-20,659111400,187.0399932861328,187.5449981689453,183.07000732421875,183.31500244140625
1990-11-21,659197800,183.31500244140625,184.1999969482422,182.36000061035156,183.93499755859375
1990-11-23,659370600,183.93499755859375,185.2550048828125,183.86500549316406,184.27999877929688
1990-11-26,659629800,184.27999877929688,185.21499633789062,181.8000030517578,185.1199951171875
1990-11-27,659716200,185.1199951171875,189.35000610351562,185.1199951171875,189.1750030517578
1990-11-28,659802600,189.1750030517578,191.6750030517578,189.1750030517578,189.69500732421875
1990-11-29,659889000,189.69500732421875,191.1649932861328,188.3000030517578,191.11000061035156
1990-11-30,659975400,191.11000061035156,193.05499267578125,188.99000549316406,192.5800018310547
1990-12-03,660234600,192.65499877929688,195.4550018310547,192.65499877929688,194.52499389648438
1990-12-04,660321000,194.52499389648438,195.77999877929688,192.96499633789062,195.60499572753906
1990-12-05,660407400,195.60499572753906,199.3300018310547,194.89500427246094,199.02499389648438
1990-12-06,660493800,199.02499389648438,203.48500061035156,198.4149932861328,199.48500061035156
1990-12-07,660580200,199.48500061035156,199.71499633789062,197.0749969482422,199.34500122070312
1990-12-10,660839400,199.34500122070312,199.7050018310547,197.75,199.44000244140625
1990-12-11,660925800,199.44000244140625,199.44000244140625,196.19000244140625,196.55499267578125
1990-12-12,661012200,196.55499267578125,198.02499389648438,194.99000549316406,198.02499389648438
1990-12-13,661098600,198.02499389648438,198.5850067138672,197.01499938964844,198.02999877929688
1990-12-14,661185000,198.02999877929688,198.0449981689453,194.72000122070312,196.13499450683594
1990-12-17,661444200,196.13499450683594,196.13499450683594,193.375,195.05499267578125
1990-12-18,661530600,195.05499267578125,199.46499633789062,195.05499267578125,199.24000549316406
1990-12-19,661617000,199.26499938964844,200.78500366210938,198.92999267578125,200.4149932861328
1990-12-20,661703400,200.4149932861328,202.19500732421875,197.74000549316406,201.51499938964844
1990-12-21,661789800,201.51499938964844,203.01499938964844,200.88499450683594,202.7550048828125
1990-12-24,662049000,202.7550048828125,202.7550048828125,200.68499755859375,201.22000122070312
1990-12-26,662221800,201.22000122070312,202.25999450683594,200.1199951171875,200.57000732421875
1990-12-27,662308200,200.57000732421875,201.1699981689453,198.61500549316406,199.16000366210938
1990-12-28,662394600,199.16000366210938,199.5800018310547,198.03500366210938,199.4199981689453
1990-12-31,662653800,199.4199981689453,200.52999877929688,198.38499450683594,200.52999877929688
1991-01-02,662826600,200.52999877929688,200.8000030517578,199.0399932861328,199.76499938964844
1991-01-03,662913000,199.76499938964844,199.8000030517578,196.16000366210938,196.39500427246094
1991-01-04,662999400,196.39500427246094,198.0749969482422,195.6699981689453,196.8249969482422
1991-01-07,663258600,196.8249969482422,196.8249969482422,192.21499633789062,192.35000610351562
1991-01-08,663345000,192.35000610351562,193.15499877929688,190.89500427246094,192.08999633789062
1991-01-09,663431400,192.08999633789062,197.43499755859375,191.1649932861328,191.68499755859375
1991-01-10,663517800,191.68499755859375,196.34500122070312,191.68499755859375,196.0800018310547
1991-01-11,663604200,196.0800018310547,196.4149932861328,194.5800018310547,196.19500732421875
1991-01-14,663863400,196.19500732421875,196.19500732421875,191.5500030517578,193.77000427246094
1991-01-15,663949800,193.77000427246094,195.5749969482422,192.7100067138672,195.3350067138672
1991-01-16,664036200,195.3350067138672,203.06500244140625,195.3350067138672,202.9550018310547
1991-01-17,664122600,202.9550018310547,213.71499633789062,202.9550018310547,209.25999450683594
1991-01-18,664209000,209.25999450683594,211.625,205.61000061035156,211.4949951171875
1991-01-21,664468200,211.4949951171875,214.82000732421875,208.97500610351562,214.36500549316406
1991-01-22,664554600,214.36500549316406,214.86000061035156,211.55499267578125,211.97500610351562
1991-01-23,664641000,211.97500610351562,216.11000061035156,210.74000549316406,215.8300018310547
1991-01-24,664727400,215.8300018310547,220.63999938964844,215.8300018310547,219.78500366210938
1991-01-25,664813800,219.78500366210938,222.0800018310547,218.9949951171875,221.01499938964844
1991-01-28,665073000,221.01499938964844,223.4949951171875,220.03500366210938,222.24000549316406
1991-01-29,665159400,222.24000549316406,224.56500244140625,221.03500366210938,224.47000122070312
1991-01-30,665245800,224.47000122070312,229.2899932861328,223.6750030517578,229.27499389648438
1991-01-31,665332200,229.27499389648438,232.6750030517578,228.7550048828125,232.4250030517578
1991-02-01,665418600,232.4250030517578,236.01499938964844,231.27499389648438,234.4499969482422
1991-02-04,665677800,234.4499969482422,237.39500427246094,233.1300048828125,236.8699951171875
1991-02-05,665764200,236.8699951171875,241.72999572753906,236.2899932861328,241.56500244140625
1991-02-06,665850600,241.56500244140625,247.4949951171875,240.30499267578125,247.05499267578125
1991-02-07,665937000,247.05499267578125,249.2949981689453,241.5850067138672,243.4250030517578
1991-02-08,666023400,243.4250030517578,245.11500549316406,241.5399932861328,244.47500610351562
1991-02-11,666282600,244.47500610351562,249.5399932861328,244.47500610351562,249.30499267578125
1991-02-12,666369000,249.30499267578125,250.4550018310547,247.5,248.1999969482422
1991-02-13,666455400,248.1999969482422,250.375,246.5749969482422,250.3350067138672
1991-02-14,666541800,250.3350067138672,251.71499633789062,244.46499633789062,245.58999633789062
1991-02-15,666628200,245.58999633789062,249.2449951171875,245.5850067138672,248.3350067138672
1991-02-19,666973800,248.3350067138672,251.06500244140625,247.53500366210938,250.81500244140625
1991-02-20,667060200,250.0449981689453,250.0449981689453,247.2949981689453,247.75999450683594
1991-02-21,667146600,247.75999450683594,249.17999267578125,246.64999389648438,246.85499572753906
1991-02-22,667233000,246.85499572753906,252.85000610351562,246.71499633789062,248.63499450683594
1991-02-25,667492200,248.63499450683594,252.53500366210938,248.40499877929688,250.0399932861328
1991-02-26,667578600,250.0399932861328,250.0399932861328,246.3800048828125,247.80499267578125
1991-02-27,667665000,247.80499267578125,250.05999755859375,246.6750030517578,249.71499633789062
1991-02-28,667751400,249.71499633789062,251.34500122070312,248.1199951171875,250.11500549316406
1991-03-01,667837800,250.11500549316406,252.8699951171875,247.7949981689453,252.38999938964844
1991-03-04,668097000,252.38999938964844,253.92999267578125,251.21499633789062,253.3800048828125
1991-03-05,668183400,253.3800048828125,262.9800109863281,253.3800048828125,262.17999267578125
1991-03-06,668269800,262.18499755859375,267.385009765625,262.18499755859375,263.1499938964844
1991-03-07,668356200,263.1499938964844,265.44500732421875,261.4949951171875,264.56500244140625
1991-03-08,668442600,264.56500244140625,267.4599914550781,262.80499267578125,262.8599853515625
1991-03-11,668701800,262.8599853515625,262.8599853515625,254.75,255.17999267578125
1991-03-12,668788200,255.17999267578125,255.17999267578125,250.31500244140625,250.6699981689453
1991-03-13,668874600,250.6699981689453,257.3399963378906,250.6699981689453,257.07000732421875
1991-03-14,668961000,257.07000732421875,260.19000244140625,254.60499572753906,255.7949981689453
1991-03-15,669047400,255.7949981689453,256.6549987792969,252.56500244140625,254.6300048828125
1991-03-18,669306600,254.6300048828125,256.94500732421875,252.83999633789062,255.625
1991-03-19,669393000,255.625,255.625,249.6999969482422,253.85000610351562
1991-03-20,669479400,253.85000610351562,256.3500061035156,252.97999572753906,256.0899963378906
1991-03-21,669565800,256.0899963378906,258.5199890136719,252.03500366210938,252.97000122070312
1991-03-22,669652200,252.97000122070312,253.56500244140625,251.30999755859375,252.27000427246094
1991-03-25,669911400,252.27000427246094,256.8999938964844,252.22999572753906,255.77499389648438
1991-03-26,669997800,255.77499389648438,264.8349914550781,255.77499389648438,264.6700134277344
1991-03-27,670084200,264.6700134277344,267.92999267578125,264.6650085449219,266.55499267578125
1991-03-28,670170600,266.55499267578125,267.5400085449219,264.8500061035156,264.9049987792969
1991-04-01,670516200,264.9049987792969,265.0950012207031,262.7300109863281,264.5950012207031
1991-04-02,670602600,264.5950012207031,273.885009765625,264.5950012207031,273.8500061035156
1991-04-03,670689000,273.8500061035156,277.010009765625,273.8500061035156,275.1499938964844
1991-04-04,670775400,275.1499938964844,279.635009765625,274.2799987792969,277.2850036621094
1991-04-05,670861800,277.2850036621094,278.92498779296875,273.8999938964844,275.44000244140625
1991-04-08,671117400,275.44000244140625,276.0050048828125,273.9649963378906,275.6549987792969
1991-04-09,671203800,275.6549987792969,277.4599914550781,272.4200134277344,272.93499755859375
1991-04-10,671290200,272.93499755859375,274.6300048828125,269.5050048828125,271.06500244140625
1991-04-11,671376600,271.06500244140625,278.8349914550781,271.06500244140625,278.45001220703125
1991-04-12,671463000,278.45001220703125,280.260009765625,275.8599853515625,279.2049865722656
1991-04-15,671722200,279.2049865722656,279.2049865722656,274.635009765625,278.2900085449219
1991-04-16,671808600,278.2900085449219,282.2250061035156,277.56500244140625,282.0299987792969
1991-04-17,671895000,282.0299987792969,286.04998779296875,282.0299987792969,283.385009765625
1991-04-18,671981400,283.385009765625,283.42999267578125,277.7349853515625,277.7799987792969
1991-04-19,672067800,277.7799987792969,277.7799987792969,273.3550109863281,274.0050048828125
1991-04-22,672327000,274.0050048828125,274.0050048828125,268.9049987792969,271.32501220703125
1991-04-23,672413400,271.32501220703125,274.6199951171875,270.54998779296875,272.1449890136719
1991-04-24,672499800,272.1449890136719,275.19500732421875,271.7550048828125,274.5350036621094
1991-04-25,672586200,274.5350036621094,275.04998779296875,271.7699890136719,271.9649963378906
1991-04-26,672672600,271.9649963378906,271.9649963378906,268.6300048828125,271.29998779296875
1991-04-29,672931800,271.29998779296875,272.739990234375,266.0350036621094,266.1449890136719
1991-04-30,673018200,266.1449890136719,266.2049865722656,259.3500061035156,263.6549987792969
1991-05-01,673104600,263.6549987792969,264.2449951171875,259.69000244140625,264.2200012207031
1991-05-02,673191000,264.2200012207031,268.19500732421875,264.2200012207031,266.5150146484375
1991-05-03,673277400,266.5150146484375,267.2550048828125,265,267.1099853515625
1991-05-06,673536600,267.1099853515625,267.4049987792969,265.1600036621094,267.3299865722656
1991-05-07,673623000,267.3299865722656,269.7349853515625,265.9849853515625,266.2449951171875
1991-05-08,673709400,266.2449951171875,268.0450134277344,265.0249938964844,267.1650085449219
1991-05-09,673795800,267.1650085449219,271.885009765625,267.1650085449219,271.239990234375
1991-05-10,673882200,271.239990234375,273.6000061035156,268.1050109863281,268.7099914550781
1991-05-13,674141400,268.7099914550781,270.635009765625,267.1499938964844,268.989990234375
1991-05-14,674227800,268.989990234375,268.989990234375,264.8550109863281,266.0899963378906
1991-05-15,674314200,266.0899963378906,266.0899963378906,256.5450134277344,258.1099853515625
1991-05-16,674400600,258.1099853515625,261.9800109863281,258.1099853515625,260.69500732421875
1991-05-17,674487000,260.69500732421875,260.8949890136719,258.1449890136719,260.4649963378906
1991-05-20,674746200,260.4649963378906,261.260009765625,257.82501220703125,258.6199951171875
1991-05-21,674832600,258.6199951171875,262.4700012207031,258.6199951171875,261.2550048828125
1991-05-22,674919000,261.2550048828125,266.5450134277344,261.2550048828125,265.69000244140625
1991-05-23,675005400,265.69000244140625,267.93499755859375,265.69000244140625,267.17498779296875
1991-05-24,675091800,267.17498779296875,270.0249938964844,267.17498779296875,269.5050048828125
1991-05-28,675437400,269.5050048828125,273.43499755859375,269.5050048828125,273.375
1991-05-29,675523800,273.375,275.67999267578125,272.8550109863281,274.3599853515625
1991-05-30,675610200,274.3599853515625,278.1199951171875,273.6050109863281,277.239990234375
1991-05-31,675696600,277.239990234375,279,275.31500244140625,279
1991-06-03,675955800,279,281.4200134277344,277.0400085449219,280.93499755859375
1991-06-04,676042200,280.93499755859375,281.32000732421875,278.625,281.1300048828125
1991-06-05,676128600,281.1300048828125,281.1300048828125,276.8550109863281,277.364990234375
1991-06-06,676215000,277.364990234375,277.8800048828125,273.8699951171875,274.2099914550781
1991-06-07,676301400,274.2099914550781,274.2099914550781,268.80499267578125,270.57000732421875
1991-06-10,676560600,270.57000732421875,271.625,268.1199951171875,268.375
1991-06-11,676647000,268.375,271.010009765625,268.18499755859375,269.2550048828125
1991-06-12,676733400,269.2550048828125,269.2550048828125,263.239990234375,265.2900085449219
1991-06-13,676819800,265.2900085449219,266.55999755859375,263.8599853515625,264.7900085449219
1991-06-14,676906200,264.7900085449219,268.4549865722656,264.7900085449219,267.79998779296875
1991-06-17,677165400,267.79998779296875,269.7950134277344,267.17498779296875,267.57000732421875
1991-06-18,677251800,267.57000732421875,268.4599914550781,264.7650146484375,265.4800109863281
1991-06-19,677338200,265.4800109863281,265.4800109863281,260.0150146484375,260.2699890136719
1991-06-20,677424600,260.2699890136719,261.19500732421875,257.9049987792969,260.55999755859375
1991-06-21,677511000,260.55999755859375,261.9700012207031,259.4849853515625,260.2799987792969
1991-06-24,677770200,260.2799987792969,260.2799987792969,250.74000549316406,250.88499450683594
1991-06-25,677856600,250.88499450683594,254.3699951171875,250.4600067138672,250.9949951171875
1991-06-26,677943000,250.9949951171875,253.14999389648438,249.78500366210938,252.4499969482422
1991-06-27,678029400,252.4499969482422,255.5749969482422,252.44500732421875,255.2550048828125
1991-06-28,678115800,255.2550048828125,256.010009765625,251.10499572753906,254.19500732421875
1991-07-01,678375000,254.19500732421875,259.92498779296875,254.19500732421875,259.1199951171875
1991-07-02,678461400,259.1199951171875,259.1199951171875,255.88499450683594,256.0899963378906
1991-07-03,678547800,256.0899963378906,256.0899963378906,251.2100067138672,252.4250030517578
1991-07-05,678720600,252.4250030517578,253.5749969482422,251.34500122070312,251.97500610351562
1991-07-08,678979800,251.97500610351562,259.07501220703125,249.9949951171875,258.92999267578125
1991-07-09,679066200,258.92999267578125,262.875,258.92999267578125,260.67999267578125
1991-07-10,679152600,260.67999267578125,265.4700012207031,260.67999267578125,263.32501220703125
1991-07-11,679239000,263.32501220703125,264.1449890136719,262.0799865722656,263.8399963378906
1991-07-12,679325400,263.8399963378906,267.7250061035156,263.1000061035156,267.44000244140625
1991-07-15,679584600,267.44000244140625,269.2699890136719,266.8450012207031,268.8999938964844
1991-07-16,679671000,268.8999938964844,269.7799987792969,264.4750061035156,264.4750061035156
1991-07-17,679757400,264.4750061035156,264.4750061035156,261.7300109863281,263.3800048828125
1991-07-18,679843800,263.3800048828125,266.93499755859375,263.3800048828125,266.2349853515625
1991-07-19,679930200,266.2349853515625,268.04998779296875,265.7900085449219,266.92498779296875
1991-07-22,680189400,266.92498779296875,266.92498779296875,263.56500244140625,264.3399963378906
1991-07-23,680275800,264.3399963378906,265.32501220703125,259.2950134277344,259.32000732421875
1991-07-24,680362200,259.32000732421875,260.510009765625,257.8500061035156,257.8550109863281
1991-07-25,680448600,257.8550109863281,261.5899963378906,257.8550109863281,261.20001220703125
1991-07-26,680535000,261.20001220703125,264.7699890136719,261.20001220703125,264.2200012207031
1991-07-29,680794200,264.2200012207031,264.7749938964844,262.07501220703125,264.625
1991-07-30,680880600,264.625,269.3550109863281,264.625,269.31500244140625
1991-07-31,680967000,269.31500244140625,272.3450012207031,269.05999755859375,272.1549987792969
1991-08-01,681053400,272.1549987792969,274.7699890136719,271.614990234375,274.239990234375
1991-08-02,681139800,274.239990234375,277.2200012207031,274.239990234375,275.4700012207031
1991-08-05,681399000,275.4700012207031,275.4700012207031,272.114990234375,272.1600036621094
1991-08-06,681485400,272.1600036621094,274.9949951171875,271.5249938964844,274.739990234375
1991-08-07,681571800,274.739990234375,276.8599853515625,274.67999267578125,276.5400085449219
1991-08-08,681658200,276.5400085449219,279.7699890136719,276.5400085449219,278.760009765625
1991-08-09,681744600,278.760009765625,280.1400146484375,277.2250061035156,278.1549987792969
1991-08-12,682003800,278.1549987792969,280.8999938964844,277.06500244140625,280.25
1991-08-13,682090200,280.25,283.7300109863281,280.25,282.4700012207031
1991-08-14,682176600,282.4700012207031,284.7900085449219,282.4700012207031,284.7250061035156
1991-08-15,682263000,284.7250061035156,285.2250061035156,281.55499267578125,281.80999755859375
1991-08-16,682349400,281.80999755859375,282.4800109863281,277.7049865722656,279.510009765625
1991-08-19,682608600,279.510009765625,279.510009765625,263.54998779296875,271.9599914550781
1991-08-20,682695000,271.9599914550781,275.94000244140625,271.9599914550781,274.20001220703125
1991-08-21,682781400,274.20001220703125,286.06500244140625,274.20001220703125,286.06500244140625
1991-08-22,682867800,286.06500244140625,286.67999267578125,283.4599914550781,284.55499267578125
1991-08-23,682954200,284.55499267578125,287.7149963378906,282.6050109863281,286.7749938964844
1991-08-26,683213400,286.7749938964844,286.7749938964844,284.69000244140625,286.70001220703125
1991-08-27,683299800,286.70001220703125,287.3800048828125,284.2699890136719,286.7749938964844
1991-08-28,683386200,286.7749938964844,290.3550109863281,286.3399963378906,289.875
1991-08-29,683472600,289.875,290.9150085449219,287.739990234375,288.5899963378906
1991-08-30,683559000,288.5899963378906,289.0249938964844,286.04998779296875,287.4049987792969
1991-09-03,683904600,287.4049987792969,287.885009765625,284.114990234375,284.3299865722656
1991-09-04,683991000,284.3299865722656,285.4100036621094,280.69000244140625,281.81500244140625
1991-09-05,684077400,281.81500244140625,282.9800109863281,280.3599853515625,280.7349853515625
1991-09-06,684163800,280.7349853515625,282.07000732421875,279.7250061035156,279.9649963378906
1991-09-09,684423000,279.9649963378906,281.5799865722656,279.29998779296875,281.3399963378906
1991-09-10,684509400,281.3399963378906,282.125,276.3500061035156,276.385009765625
1991-09-11,684595800,276.385009765625,280.3349914550781,276.32501220703125,279.6549987792969
1991-09-12,684682200,279.6549987792969,285.56500244140625,279.6549987792969,285.54998779296875
1991-09-13,684768600,285.54998779296875,285.8999938964844,278.7749938964844,279.4949951171875
1991-09-16,685027800,279.4949951171875,279.8949890136719,276.7099914550781,278.57501220703125
1991-09-17,685114200,278.57501220703125,279.1199951171875,276.4649963378906,278.0899963378906
1991-09-18,685200600,278.0899963378906,281.6400146484375,276.385009765625,281.0350036621094
1991-09-19,685287000,281.0350036621094,285.4750061035156,281.0350036621094,283.510009765625
1991-09-20,685373400,283.510009765625,288.0899963378906,283.510009765625,286.635009765625
1991-09-23,685632600,286.635009765625,286.635009765625,283.6499938964844,284.864990234375
1991-09-24,685719000,284.864990234375,287.55999755859375,283.8299865722656,287.3450012207031
1991-09-25,685805400,287.3450012207031,289.6499938964844,286.8699951171875,288.989990234375
1991-09-26,685891800,288.989990234375,289.4800109863281,286.1549987792969,287.9150085449219
1991-09-27,685978200,287.9150085449219,290.43499755859375,284.7950134277344,285.94000244140625
1991-09-30,686237400,285.94000244140625,287.6650085449219,284.1400146484375,287.5350036621094
1991-10-01,686323800,287.5350036621094,289.1549987792969,286.4599914550781,288.3699951171875
1991-10-02,686410200,288.3699951171875,288.7650146484375,284.9649963378906,285.05999755859375
1991-10-03,686496600,285.05999755859375,285.05999755859375,279.864990234375,280.4100036621094
1991-10-04,686583000,280.4100036621094,283.0450134277344,279.75,280.5150146484375
1991-10-07,686842200,280.5150146484375,280.5150146484375,278.1099853515625,278.8949890136719
1991-10-08,686928600,278.8949890136719,280.04998779296875,277.3450012207031,280.0249938964844
1991-10-09,687015000,280.0249938964844,280.2149963378906,276.510009765625,276.510009765625
1991-10-10,687101400,276.510009765625,280.0199890136719,276.510009765625,279.114990234375
1991-10-11,687187800,279.114990234375,282.05499267578125,279.114990234375,281.5
1991-10-14,687447000,281.5,287.20001220703125,281.5,287.1650085449219
1991-10-15,687533400,287.1650085449219,293.30999755859375,287.1650085449219,293.30999755859375
1991-10-16,687619800,293.30999755859375,297.7650146484375,293.07000732421875,297.6549987792969
1991-10-17,687706200,297.6549987792969,297.6549987792969,291.44500732421875,292.4649963378906
1991-10-18,687792600,292.4649963378906,294.635009765625,292.4649963378906,293.1099853515625
1991-10-21,688051800,293.1099853515625,293.32000732421875,290.20001220703125,290.8599853515625
1991-10-22,688138200,290.8599853515625,293.70001220703125,290.7349853515625,290.7850036621094
1991-10-23,688224600,290.7850036621094,291.8599853515625,288.18499755859375,289.3450012207031
1991-10-24,688311000,289.3450012207031,289.3900146484375,284.0899963378906,285.6499938964844
1991-10-25,688397400,285.6499938964844,285.6499938964844,282.56500244140625,282.94000244140625
1991-10-28,688660200,282.94000244140625,286.42999267578125,282.94000244140625,286.375
1991-10-29,688746600,286.375,290.0849914550781,285.9800109863281,290.0849914550781
1991-10-30,688833000,290.0849914550781,295.5350036621094,290.0849914550781,294.7200012207031
1991-10-31,688919400,294.7200012207031,295.0450134277344,291.3599853515625,292.5050048828125
1991-11-01,689005800,292.5050048828125,293.0150146484375,288.6499938964844,290.0050048828125
1991-11-04,689265000,290.0050048828125,290.0050048828125,286.3999938964844,286.93499755859375
1991-11-05,689351400,286.93499755859375,290.4049987792969,286.4150085449219,289.04998779296875
1991-11-06,689437800,289.04998779296875,290.7799987792969,287.82501220703125,289.42999267578125
1991-11-07,689524200,289.42999267578125,293.2449951171875,289.42999267578125,292.875
1991-11-08,689610600,292.875,296.4700012207031,292.8299865722656,295.54998779296875
1991-11-11,689869800,295.54998779296875,298.5350036621094,295.54998779296875,297.8450012207031
1991-11-12,689956200,297.8450012207031,302.44000244140625,297.8450012207031,301.9649963378906
1991-11-13,690042600,301.9649963378906,303.1099853515625,298.5199890136719,302.8299865722656
1991-11-14,690129000,302.8299865722656,304.54998779296875,299.7850036621094,301.0450134277344
1991-11-15,690215400,301.0450134277344,301.0450134277344,284.4649963378906,284.5199890136719
1991-11-18,690474600,284.5199890136719,289.2049865722656,282.3399963378906,288.5899963378906
1991-11-19,690561000,288.5899963378906,288.5899963378906,277.8999938964844,284.3900146484375
1991-11-20,690647400,284.3900146484375,287.6199951171875,283.8900146484375,285.2049865722656
1991-11-21,690733800,285.2049865722656,288.7650146484375,284.9849853515625,288.6099853515625
1991-11-22,690820200,288.6099853515625,289.3699951171875,283.6099853515625,286.32000732421875
1991-11-25,691079400,286.32000732421875,286.8949890136719,282.989990234375,283.0150146484375
1991-11-26,691165800,283.0150146484375,285.3299865722656,279.2200012207031,284.1300048828125
1991-11-27,691252200,284.1300048828125,285.44500732421875,283.5199890136719,285.2250061035156
1991-11-29,691425000,285.2250061035156,285.8949890136719,283.5299987792969,284.7900085449219
1991-12-02,691684200,284.7900085449219,293.94000244140625,281.0950012207031,293.92999267578125
1991-12-03,691770600,293.92999267578125,294.79998779296875,292.3699951171875,293.94500732421875
1991-12-04,691857000,293.94500732421875,295.9200134277344,292.885009765625,295.1099853515625
1991-12-05,691943400,295.1099853515625,297.1099853515625,293.06500244140625,294.3349914550781
1991-12-06,692029800,294.3349914550781,297.93499755859375,292.2950134277344,296.1400146484375
1991-12-09,692289000,296.1400146484375,299.30499267578125,295.2300109863281,295.7699890136719
1991-12-10,692375400,295.7699890136719,296.989990234375,293.3699951171875,296.32501220703125
1991-12-11,692461800,296.32501220703125,299.4150085449219,292.43499755859375,294.8399963378906
1991-12-12,692548200,294.8399963378906,298.2250061035156,294.8399963378906,297.9750061035156
1991-12-13,692634600,297.9750061035156,302.135009765625,297.9750061035156,301.3299865722656
1991-12-16,692893800,301.3299865722656,303.4649963378906,300.1449890136719,303.0199890136719
1991-12-17,692980200,303.0199890136719,303.0899963378906,298.80499267578125,298.885009765625
1991-12-18,693066600,298.885009765625,300.1099853515625,297.1000061035156,299.6099853515625
1991-12-19,693153000,299.6099853515625,299.6099853515625,294.135009765625,294.5299987792969
1991-12-20,693239400,294.5299987792969,299.4100036621094,294.5299987792969,295.82000732421875
1991-12-23,693498600,295.82000732421875,303.44000244140625,295.4049987792969,303.2950134277344
1991-12-24,693585000,303.2950134277344,309.4100036621094,303.2950134277344,307.0849914550781
1991-12-26,693757800,307.0849914550781,314.57501220703125,307.0849914550781,313.67999267578125
1991-12-27,693844200,313.67999267578125,318.44000244140625,313.67999267578125,316.7749938964844
1991-12-30,694103400,316.7749938964844,326.7349853515625,316.7749938964844,326.7349853515625
1991-12-31,694189800,326.7349853515625,332.5799865722656,325.30499267578125,330.8550109863281
1992-01-02,694362600,330.8550109863281,333.364990234375,322.55999755859375,333.364990234375
1992-01-03,694449000,333.364990234375,335.3399963378906,331.3900146484375,334.82501220703125
1992-01-06,694708200,334.82501220703125,337.8699951171875,334.2200012207031,336.8949890136719
1992-01-07,694794600,336.8949890136719,340.0350036621094,333.3900146484375,339.6449890136719
1992-01-08,694881000,339.6449890136719,345.9849853515625,336.5950012207031,344.2900085449219
1992-01-09,694967400,344.2900085449219,352.20001220703125,344.2900085449219,350.32000732421875
1992-01-10,695053800,350.32000732421875,350.32000732421875,342.6099853515625,347.1099853515625
1992-01-13,695313000,347.1099853515625,348.6549987792969,344.0150146484375,348.2650146484375
1992-01-14,695399400,348.2650146484375,352.6499938964844,347.2349853515625,352.5899963378906
1992-01-15,695485800,352.5899963378906,356.2900085449219,350.70001220703125,355.5950012207031
1992-01-16,695572200,355.5950012207031,357.70001220703125,351.9150085449219,351.9150085449219
1992-01-17,695658600,351.9150085449219,354.3500061035156,349.5849914550781,349.7300109863281
1992-01-20,695917800,349.7300109863281,349.875,341.55999755859375,341.80999755859375
1992-01-21,696004200,331.05999755859375,331.05999755859375,328.0400085449219,328.0400085449219
1992-01-22,696090600,331.9150085449219,346.32501220703125,331.9150085449219,346.32000732421875
1992-01-23,696177000,346.32000732421875,350.6600036621094,343.7200012207031,346.07501220703125
1992-01-24,696263400,346.07501220703125,347.80999755859375,343.45001220703125,345.4549865722656
1992-01-27,696522600,345.4549865722656,345.7099914550781,340.4800109863281,340.4800109863281
1992-01-28,696609000,340.4800109863281,342.8299865722656,337.94500732421875,340.8450012207031
1992-01-29,696695400,340.8450012207031,346.5050048828125,337.2349853515625,337.2900085449219
1992-01-30,696781800,337.2900085449219,341.2900085449219,336.05999755859375,338.385009765625
1992-01-31,696868200,341.19500732421875,341.45001220703125,337.8299865722656,338.31500244140625
1992-02-03,697127400,338.31500244140625,342.135009765625,336.9200134277344,341.3800048828125
1992-02-04,697213800,341.3800048828125,347.4150085449219,341.3800048828125,346.9150085449219
1992-02-05,697300200,346.9150085449219,351.8999938964844,346.9150085449219,350.8599853515625
1992-02-06,697386600,350.8599853515625,352.92999267578125,347.7699890136719,349.07000732421875
1992-02-07,697473000,349.07000732421875,351.1300048828125,344.0799865722656,346.80499267578125
1992-02-10,697732200,346.80499267578125,346.80499267578125,343.2799987792969,345.2349853515625
1992-02-11,697818600,345.2349853515625,346.2449951171875,342.625,344.4049987792969
1992-02-12,697905000,344.4049987792969,355.9750061035156,343.4800109863281,355.9750061035156
1992-02-13,697991400,355.9750061035156,356.2799987792969,349.3299865722656,349.80999755859375
1992-02-14,698077800,349.80999755859375,349.80999755859375,346.19500732421875,346.69500732421875
1992-02-18,698423400,346.69500732421875,347.17999267578125,338.5450134277344,338.5450134277344
1992-02-19,698509800,338.5450134277344,338.5950012207031,333.7699890136719,338.05999755859375
1992-02-20,698596200,338.05999755859375,346.0249938964844,338.05999755859375,345.3349914550781
1992-02-21,698682600,345.3349914550781,346.6600036621094,340.8999938964844,342.3900146484375
1992-02-24,698941800,342.3900146484375,343.4849853515625,337.7449951171875,338.9649963378906
1992-02-25,699028200,338.9649963378906,339.3550109863281,332.9750061035156,338.3299865722656
1992-02-26,699114600,338.3299865722656,348.0299987792969,338.3299865722656,347.80999755859375
1992-02-27,699201000,347.80999755859375,350.8900146484375,347.2799987792969,347.3900146484375
1992-02-28,699287400,347.3900146484375,349.30999755859375,343.7300109863281,345.8800048828125
1992-03-02,699546600,345.8800048828125,347.4800109863281,343.8550109863281,346.635009765625
1992-03-03,699633000,346.635009765625,348.3949890136719,345.4599914550781,345.7049865722656
1992-03-04,699719400,345.7049865722656,346.3550109863281,341.6099853515625,341.6099853515625
1992-03-05,699805800,341.6099853515625,341.6099853515625,335.9100036621094,337.5199890136719
1992-03-06,699892200,337.5199890136719,338.2650146484375,331.1000061035156,333
1992-03-09,700151400,333,335.2550048828125,332.9949951171875,333.31500244140625
1992-03-10,700237800,333.31500244140625,340.7900085449219,333.31500244140625,340.32000732421875
1992-03-11,700324200,340.32000732421875,340.3999938964844,334.4649963378906,335.0450134277344
1992-03-12,700410600,335.0450134277344,335.6300048828125,331.0299987792969,334.8299865722656
1992-03-13,700497000,334.8299865722656,338.57501220703125,334.8299865722656,336.4700012207031
1992-03-16,700756200,336.4700012207031,338.5799865722656,334.6300048828125,338.2749938964844
1992-03-17,700842600,338.2749938964844,343.3699951171875,338.2749938964844,342.9200134277344
1992-03-18,700929000,342.9200134277344,345,342.4750061035156,342.625
1992-03-19,701015400,342.625,344.7850036621094,342.364990234375,342.54998779296875
1992-03-20,701101800,342.54998779296875,343.06500244140625,340.06500244140625,340.864990234375
1992-03-23,701361000,340.864990234375,341.1650085449219,338.9649963378906,339.0350036621094
1992-03-24,701447400,339.0350036621094,341.2550048828125,335.2349853515625,336.93499755859375
1992-03-25,701533800,336.93499755859375,338.5849914550781,334.9549865722656,337.6549987792969
1992-03-26,701620200,337.6549987792969,339.7699890136719,332.43499755859375,333.2950134277344
1992-03-27,701706600,333.2950134277344,333.2950134277344,321.7699890136719,324.2200012207031
1992-03-30,701965800,324.2200012207031,326.6449890136719,321.75,322.3500061035156
1992-03-31,702052200,322.3500061035156,326.30999755859375,320.1549987792969,323.04998779296875
1992-04-01,702138600,323.04998779296875,324.29998779296875,318.7850036621094,323.9150085449219
1992-04-02,702225000,323.9150085449219,324.81500244140625,317.2950134277344,317.6650085449219
1992-04-03,702311400,317.6650085449219,319.0299987792969,314.5299987792969,316.385009765625
1992-04-06,702567000,316.385009765625,324.9800109863281,316.385009765625,324.54998779296875
1992-04-07,702653400,324.54998779296875,326.2300109863281,312.7550048828125,312.9549865722656
1992-04-08,702739800,312.9549865722656,312.9549865722656,304.7099914550781,310.8500061035156
1992-04-09,702826200,310.8500061035156,319.7900085449219,310.8500061035156,319.5350036621094
1992-04-10,702912600,319.5350036621094,322.5299987792969,312.6650085449219,312.9849853515625
1992-04-13,703171800,312.9849853515625,317.1499938964844,312.010009765625,317.1499938964844
1992-04-14,703258200,317.1499938964844,324.94500732421875,317.1499938964844,320.54998779296875
1992-04-15,703344600,320.54998779296875,326.7900085449219,320.54998779296875,326.07000732421875
1992-04-16,703431000,326.07000732421875,326.1000061035156,318.9049987792969,319.2349853515625
1992-04-20,703776600,319.2349853515625,319.2349853515625,305.0450134277344,307.875
1992-04-21,703863000,307.875,309.3800048828125,304.2349853515625,305.625
1992-04-22,703949400,305.625,310.6000061035156,304.92999267578125,309.5400085449219
1992-04-23,704035800,309.5400085449219,312.06500244140625,303.05499267578125,307.5199890136719
1992-04-24,704122200,307.5199890136719,307.875,303.4800109863281,303.81500244140625
1992-04-27,704381400,303.81500244140625,305.30499267578125,299.3349914550781,299.6499938964844
1992-04-28,704467800,299.6499938964844,299.739990234375,291.3550109863281,294.625
1992-04-29,704554200,294.625,303.19500732421875,294.625,302.9750061035156
1992-04-30,704640600,302.9750061035156,307.8949890136719,302.9700012207031,307.8599853515625
1992-05-01,704727000,307.8599853515625,309.8500061035156,304.4549865722656,307.4750061035156
1992-05-04,704986200,307.4750061035156,312.2650146484375,307.4750061035156,310.7149963378906
1992-05-05,705072600,310.7149963378906,315.8800048828125,310.44500732421875,314.7699890136719
1992-05-06,705159000,314.7699890136719,317.2650146484375,314.3900146484375,315.1050109863281
1992-05-07,705245400,315.1050109863281,315.4949951171875,311.7699890136719,312.7250061035156
1992-05-08,705331800,312.7250061035156,314.1700134277344,310.4599914550781,311.2650146484375
1992-05-11,705591000,311.2650146484375,313.55499267578125,311.18499755859375,311.8999938964844
1992-05-12,705677400,311.8999938964844,313.3550109863281,308.5899963378906,310.0400085449219
1992-05-13,705763800,310.0400085449219,310.7900085449219,308.44000244140625,308.75
1992-05-14,705850200,308.75,309.0450134277344,302.7349853515625,304.5450134277344
1992-05-15,705936600,304.5450134277344,304.5450134277344,300.5350036621094,303.0150146484375
1992-05-18,706195800,303.0150146484375,306.82000732421875,303.0150146484375,304.57501220703125
1992-05-19,706282200,304.57501220703125,306.5299987792969,303.3299865722656,306.4100036621094
1992-05-20,706368600,306.4100036621094,309.81500244140625,306.3949890136719,309.54998779296875
1992-05-21,706455000,309.54998779296875,309.56500244140625,306.4700012207031,307.94000244140625
1992-05-22,706541400,307.94000244140625,309.8550109863281,307.4599914550781,308.3800048828125
1992-05-26,706887000,308.3800048828125,308.8999938964844,304.9949951171875,305.8949890136719
1992-05-27,706973400,305.8949890136719,309.04998779296875,305.885009765625,308.07501220703125
1992-05-28,707059800,308.07501220703125,312.19500732421875,306.6600036621094,311.9800109863281
1992-05-29,707146200,311.9800109863281,317.1600036621094,311.7149963378906,315.2950134277344
1992-06-01,707405400,315.2950134277344,319.0050048828125,312.5950012207031,318.9800109863281
1992-06-02,707491800,318.9800109863281,319.2250061035156,316.17999267578125,317.2349853515625
1992-06-03,707578200,317.2349853515625,318.8450012207031,315.55999755859375,317.3399963378906
1992-06-04,707664600,317.3399963378906,317.75,315.7749938964844,315.93499755859375
1992-06-05,707751000,315.93499755859375,317.0199890136719,312.82000732421875,313.2449951171875
1992-06-08,708010200,313.2449951171875,313.3800048828125,309.45001220703125,310.2300109863281
1992-06-09,708096600,310.2300109863281,310.9649963378906,303.2200012207031,304.8550109863281
1992-06-10,708183000,304.8550109863281,306.1000061035156,302.5,302.6000061035156
1992-06-11,708269400,302.6000061035156,305.3999938964844,301.6199951171875,302.57501220703125
1992-06-12,708355800,302.57501220703125,306.3550109863281,302.57501220703125,304.1099853515625
1992-06-15,708615000,304.1099853515625,306.489990234375,302.4849853515625,303.864990234375
1992-06-16,708701400,303.864990234375,304.42999267578125,299.2049865722656,299.2049865722656
1992-06-17,708787800,299.2049865722656,299.32000732421875,292.8500061035156,293.3999938964844
1992-06-18,708874200,293.3999938964844,296.9200134277344,290.8500061035156,291.93499755859375
1992-06-19,708960600,291.93499755859375,297.07501220703125,291.93499755859375,296.864990234375
1992-06-22,709219800,296.864990234375,296.864990234375,290.4599914550781,295.2449951171875
1992-06-23,709306200,295.2449951171875,300.1000061035156,295.2449951171875,297.44500732421875
1992-06-24,709392600,297.44500732421875,298.05999755859375,295.1400146484375,295.2900085449219
1992-06-25,709479000,295.2900085449219,296.0199890136719,288.4800109863281,291.2550048828125
1992-06-26,709565400,291.2550048828125,291.2550048828125,288.010009765625,290.0299987792969
1992-06-29,709824600,290.0299987792969,300.93499755859375,290.0299987792969,300.7950134277344
1992-06-30,709911000,300.7950134277344,302.3500061035156,299.635009765625,301.2300109863281
1992-07-01,709997400,301.2300109863281,306.5199890136719,300.7550048828125,306.0299987792969
1992-07-02,710083800,306.0299987792969,307.7149963378906,299.8699951171875,300.875
1992-07-06,710429400,300.875,302.4049987792969,297.4599914550781,302.3999938964844
1992-07-07,710515800,302.3999938964844,303.7699890136719,295.7799987792969,296.2650146484375
1992-07-08,710602200,296.2650146484375,297.67999267578125,292.79998779296875,297.55999755859375
1992-07-09,710688600,297.55999755859375,303.3999938964844,297.55999755859375,302.19000244140625
1992-07-10,710775000,302.19000244140625,304.17498779296875,300.6199951171875,302.8349914550781
1992-07-13,711034200,302.8349914550781,306.05999755859375,302.2200012207031,304.9800109863281
1992-07-14,711120600,304.9800109863281,309.5249938964844,304.9800109863281,309.2449951171875
1992-07-15,711207000,309.2449951171875,311.635009765625,308.7449951171875,309.3900146484375
1992-07-16,711293400,309.3900146484375,311.2799987792969,307.1300048828125,311.2799987792969
1992-07-17,711379800,311.2799987792969,311.2799987792969,303.29998779296875,305.5400085449219
1992-07-20,711639000,305.5400085449219,305.5400085449219,297.5899963378906,300.44500732421875
1992-07-21,711725400,300.45001220703125,306.0150146484375,300.45001220703125,305.1000061035156
1992-07-22,711811800,305.1000061035156,305.2449951171875,301.04998779296875,301.1700134277344
1992-07-23,711898200,301.1700134277344,303.1449890136719,300.55999755859375,302.4949951171875
1992-07-24,711984600,302.4949951171875,304.5249938964844,299.92498779296875,303.42498779296875
1992-07-27,712243800,303.42498779296875,303.42498779296875,301.1099853515625,301.8399963378906
1992-07-28,712330200,301.8399963378906,306.7799987792969,301.8399963378906,306.7550048828125
1992-07-29,712416600,306.7550048828125,310.80499267578125,306.7550048828125,310.1050109863281
1992-07-30,712503000,310.1050109863281,311.489990234375,308.7850036621094,310.93499755859375
1992-07-31,712589400,310.93499755859375,311.7550048828125,308.8949890136719,310.8949890136719
1992-08-03,712848600,310.8949890136719,313.3399963378906,309.56500244140625,312.75
1992-08-04,712935000,312.75,313.4849853515625,310.3900146484375,311.07501220703125
1992-08-05,713021400,311.07501220703125,311.07501220703125,305.7900085449219,306.5849914550781
1992-08-06,713107800,306.5849914550781,306.5849914550781,302.6650085449219,304.55999755859375
1992-08-07,713194200,304.55999755859375,307.17498779296875,302.2699890136719,303.31500244140625
1992-08-10,713453400,303.31500244140625,305.2850036621094,301.9949951171875,304.2300109863281
1992-08-11,713539800,304.2300109863281,305.6449890136719,301.2799987792969,302.510009765625
1992-08-12,713626200,302.510009765625,303.6300048828125,300.9549865722656,300.9549865722656
1992-08-13,713712600,300.9549865722656,302.6499938964844,300.82000732421875,301.2749938964844
1992-08-14,713799000,301.2749938964844,302.7099914550781,300.9599914550781,302.2300109863281
1992-08-17,714058200,302.2300109863281,302.4949951171875,299.8949890136719,300.385009765625
1992-08-18,714144600,300.385009765625,301.2900085449219,298.8699951171875,300.44000244140625
1992-08-19,714231000,300.44000244140625,301.7449951171875,298.1700134277344,298.31500244140625
1992-08-20,714317400,298.31500244140625,299.75,297.125,299.42498779296875
1992-08-21,714403800,299.42498779296875,301.2850036621094,293.9549865722656,295.69000244140625
1992-08-24,714663000,295.69000244140625,295.69000244140625,290.3900146484375,290.7149963378906
1992-08-25,714749400,290.7149963378906,292.9200134277344,287.635009765625,292.0849914550781
1992-08-26,714835800,292.0849914550781,296.82000732421875,292.0849914550781,296.2049865722656
1992-08-27,714922200,296.2049865722656,300.8450012207031,296.2049865722656,299.4599914550781
1992-08-28,715008600,299.4599914550781,299.93499755859375,298.239990234375,299.135009765625
1992-08-31,715267800,299.135009765625,299.7650146484375,297.0199890136719,299.260009765625
1992-09-01,715354200,299.260009765625,302.07000732421875,298.1050109863281,301.9700012207031
1992-09-02,715440600,301.9700012207031,306.80999755859375,301.7300109863281,306.56500244140625
1992-09-03,715527000,306.56500244140625,309.9599914550781,306.56500244140625,308.1700134277344
1992-09-04,715613400,308.1700134277344,308.4849853515625,305.7250061035156,306.3949890136719
1992-09-08,715959000,306.3949890136719,306.3949890136719,303.7850036621094,305.7699890136719
1992-09-09,716045400,305.7699890136719,310.2799987792969,305.6300048828125,309.989990234375
1992-09-10,716131800,309.989990234375,315,309.94500732421875,314.81500244140625
1992-09-11,716218200,314.81500244140625,316.9800109863281,314.2950134277344,315.19000244140625
1992-09-14,716477400,315.19000244140625,324.69000244140625,315.19000244140625,324.6300048828125
1992-09-15,716563800,324.6300048828125,324.6300048828125,318.1099853515625,319.885009765625
1992-09-16,716650200,319.885009765625,321.4200134277344,315.7950134277344,318.44500732421875
1992-09-17,716736600,318.44500732421875,321.17999267578125,318.2349853515625,319.2349853515625
1992-09-18,716823000,319.2349853515625,320.1000061035156,317.17498779296875,319.9100036621094
1992-09-21,717082200,319.9100036621094,319.9100036621094,316.9849853515625,319.2550048828125
1992-09-22,717168600,319.2550048828125,319.4800109863281,313.6199951171875,314.2749938964844
1992-09-23,717255000,314.2749938964844,316.2300109863281,312.3949890136719,315.81500244140625
1992-09-24,717341400,315.81500244140625,318.32000732421875,315.81500244140625,317.5350036621094
1992-09-25,717427800,317.5350036621094,317.7300109863281,307.69500732421875,310.2250061035156
1992-09-28,717687000,310.2250061035156,310.2250061035156,305.57501220703125,307.8699951171875
1992-09-29,717773400,307.8699951171875,311.17498779296875,306.9549865722656,310.6499938964844
1992-09-30,717859800,310.6499938964844,313.4549865722656,310.2250061035156,313.18499755859375
1992-10-01,717946200,313.18499755859375,313.18499755859375,308.7799987792969,309.0350036621094
1992-10-02,718032600,309.0350036621094,309.0350036621094,303.6700134277344,304.3900146484375
1992-10-05,718291800,304.3900146484375,304.3900146484375,291.9649963378906,303.68499755859375
1992-10-06,718378200,303.68499755859375,309.0400085449219,303.32000732421875,307.9599914550781
1992-10-07,718464600,307.9599914550781,310.68499755859375,305.0050048828125,305.3800048828125
1992-10-08,718551000,305.3800048828125,310.0249938964844,305.3800048828125,308.3500061035156
1992-10-09,718637400,308.3500061035156,309.135009765625,304.885009765625,305.6300048828125
1992-10-12,718896600,305.6300048828125,309.0400085449219,305.6300048828125,308.1050109863281
1992-10-13,718983000,308.1050109863281,311.6499938964844,307.82501220703125,310.1300048828125
1992-10-14,719069400,310.1300048828125,311.57501220703125,308.3800048828125,309.5849914550781
1992-10-15,719155800,309.5849914550781,312.55499267578125,307.79998779296875,312.135009765625
1992-10-16,719242200,312.135009765625,316.9549865722656,310.8800048828125,316.385009765625
1992-10-19,719501400,316.385009765625,322.95001220703125,315.6400146484375,322.7850036621094
1992-10-20,719587800,322.7850036621094,326.69000244140625,322.0350036621094,323.3800048828125
1992-10-21,719674200,323.3800048828125,326.2699890136719,323.1700134277344,326.07000732421875
1992-10-22,719760600,326.07000732421875,327.4549865722656,323.4700012207031,326.0950012207031
1992-10-23,719847000,326.0950012207031,328.17999267578125,324.9549865722656,325.44000244140625
1992-10-26,720109800,325.44000244140625,327.45001220703125,323.3299865722656,327.1700134277344
1992-10-27,720196200,327.1700134277344,328.6099853515625,321.7349853515625,323.92498779296875
1992-10-28,720282600,323.92498779296875,327.0450134277344,322.19500732421875,326.67498779296875
1992-10-29,720369000,326.67498779296875,332.4649963378906,326.67498779296875,331.0899963378906
1992-10-30,720455400,331.0899963378906,331.44000244140625,327.0849914550781,329.1549987792969
1992-11-02,720714600,329.1549987792969,330.56500244140625,327.2049865722656,330.3299865722656
1992-11-03,720801000,330.3299865722656,331.0350036621094,325.2449951171875,325.9649963378906
1992-11-04,720887400,325.9649963378906,329.0799865722656,324.9800109863281,327.760009765625
1992-11-05,720973800,327.760009765625,337.0050048828125,327.239990234375,336.489990234375
1992-11-06,721060200,336.489990234375,338.67999267578125,334.4800109863281,338.1449890136719
1992-11-09,721319400,338.1449890136719,341.7850036621094,336.135009765625,340.5849914550781
1992-11-10,721405800,340.5849914550781,344.885009765625,339.5450134277344,344.3900146484375
1992-11-11,721492200,344.3900146484375,349.7799987792969,344.3800048828125,347.8550109863281
1992-11-12,721578600,347.8550109863281,349.4849853515625,345.5799865722656,346.79998779296875
1992-11-13,721665000,346.79998779296875,348.5799865722656,345.1549987792969,348.489990234375
1992-11-16,721924200,348.489990234375,348.6099853515625,344.2850036621094,344.6300048828125
1992-11-17,722010600,344.6300048828125,344.6300048828125,337.3450012207031,338.2300109863281
1992-11-18,722097000,338.2300109863281,344.82000732421875,337.6700134277344,344.30999755859375
1992-11-19,722183400,344.30999755859375,348.67498779296875,344.30999755859375,346.7550048828125
1992-11-20,722269800,346.7550048828125,349.8900146484375,346.2300109863281,348.80499267578125
1992-11-23,722529000,348.80499267578125,348.80499267578125,341.29998779296875,343.44000244140625
1992-11-24,722615400,343.44000244140625,350.8949890136719,343.44000244140625,349.9750061035156
1992-11-25,722701800,349.9750061035156,350.8699951171875,348.6000061035156,349.6600036621094
1992-11-27,722874600,349.6600036621094,351.04998779296875,348.4849853515625,349.31500244140625
1992-11-30,723133800,349.31500244140625,351.2900085449219,348.0199890136719,350.9599914550781
1992-12-01,723220200,350.9599914550781,353.3949890136719,348.56500244140625,352.6700134277344
1992-12-02,723306600,352.6700134277344,353.489990234375,350.2349853515625,351.57000732421875
1992-12-03,723393000,351.57000732421875,355.6400146484375,350.114990234375,354.7900085449219
1992-12-04,723479400,354.7900085449219,359.05499267578125,354.42498779296875,358.3999938964844
1992-12-07,723738600,358.3999938964844,361.8999938964844,357.4700012207031,361.8349914550781
1992-12-08,723825000,361.8349914550781,363.2049865722656,358.9750061035156,360.57501220703125
1992-12-09,723911400,360.57501220703125,361.4100036621094,356.2200012207031,357.81500244140625
1992-12-10,723997800,357.81500244140625,357.81500244140625,351.79998779296875,354.55499267578125
1992-12-11,724084200,354.55499267578125,354.55499267578125,349.80999755859375,350.8949890136719
1992-12-14,724343400,350.8949890136719,352.2799987792969,349.4049987792969,349.4049987792969
1992-12-15,724429800,349.4049987792969,349.4049987792969,344.7950134277344,346.94500732421875
1992-12-16,724516200,346.94500732421875,351.42498779296875,346.375,348.95001220703125
1992-12-17,724602600,348.95001220703125,357.0249938964844,348.95001220703125,356.8450012207031
1992-12-18,724689000,356.8450012207031,359.7900085449219,356.6300048828125,357.8949890136719
1992-12-21,724948200,357.8949890136719,359.70001220703125,355.989990234375,359.3349914550781
1992-12-22,725034600,359.3349914550781,360.8500061035156,353.2799987792969,355.6400146484375
1992-12-23,725121000,355.6400146484375,357.80499267578125,354.93499755859375,356.4949951171875
1992-12-24,725207400,356.4949951171875,358.0450134277344,355.260009765625,357.55999755859375
1992-12-28,725553000,357.55999755859375,359.2550048828125,356.5249938964844,359.06500244140625
1992-12-29,725639400,359.06500244140625,362.7799987792969,359.06500244140625,359.80999755859375
1992-12-30,725725800,359.80999755859375,360.94000244140625,358.30999755859375,359.93499755859375
1992-12-31,725812200,359.93499755859375,362.2049865722656,359.864990234375,360.18499755859375
1993-01-04,726157800,360.18499755859375,360.4150085449219,355.80999755859375,356.3699951171875
1993-01-05,726244200,356.3699951171875,360.2650146484375,355.3599853515625,360.2349853515625
1993-01-06,726330600,360.2349853515625,367.2550048828125,360.2349853515625,366.9700012207031
1993-01-07,726417000,366.9700012207031,370.57000732421875,363.6099853515625,364.0150146484375
1993-01-08,726503400,364.0150146484375,365.5799865722656,361.45001220703125,365.5400085449219
1993-01-11,726762600,365.5400085449219,371.1499938964844,364.5299987792969,370.80499267578125
1993-01-12,726849000,370.80499267578125,371.6000061035156,365.1400146484375,367.9049987792969
1993-01-13,726935400,367.9049987792969,376.44500732421875,365.69000244140625,375.8500061035156
1993-01-14,727021800,375.8500061035156,382.4549865722656,375.8500061035156,381.3399963378906
1993-01-15,727108200,381.3399963378906,382.7850036621094,375.6199951171875,379.2349853515625
1993-01-18,727367400,379.2349853515625,379.239990234375,375.3299865722656,378.7550048828125
1993-01-19,727453800,378.7550048828125,380.0899963378906,375.6549987792969,376.0199890136719
1993-01-20,727540200,376.0199890136719,377.9150085449219,374.55999755859375,375.7300109863281
1993-01-21,727626600,375.7300109863281,380.010009765625,373.93499755859375,379.3399963378906
1993-01-22,727713000,379.3399963378906,381.70001220703125,377.3900146484375,377.82000732421875
1993-01-25,727972200,377.82000732421875,383.42498779296875,377.56500244140625,381.05499267578125
1993-01-26,728058600,381.05499267578125,384.67498779296875,378.45001220703125,379.375
1993-01-27,728145000,379.375,379.375,369.8399963378906,372.6099853515625
1993-01-28,728231400,372.6099853515625,372.6099853515625,368.0799865722656,370.6650085449219
1993-01-29,728317800,370.6650085449219,372.7200012207031,368.95001220703125,370.55999755859375
1993-02-01,728577000,370.55999755859375,376.05999755859375,370.364990234375,375.4750061035156
1993-02-02,728663400,375.4750061035156,377.5899963378906,374.25,377.44000244140625
1993-02-03,728749800,377.44000244140625,379.260009765625,375.7149963378906,376.5350036621094
1993-02-04,728836200,376.5350036621094,378.43499755859375,371.9800109863281,374.2449951171875
1993-02-05,728922600,374.2449951171875,374.2449951171875,363.9849853515625,369
1993-02-08,729181800,369,370.3699951171875,364.6000061035156,365.7250061035156
1993-02-09,729268200,365.7250061035156,368.93499755859375,362.42498779296875,362.95001220703125
1993-02-10,729354600,362.95001220703125,368.6499938964844,362.95001220703125,367.29998779296875
1993-02-11,729441000,367.29998779296875,369.739990234375,365.7650146484375,366.32501220703125
1993-02-12,729527400,366.32501220703125,366.6000061035156,361.0249938964844,361.19000244140625
1993-02-16,729873000,361.19000244140625,361.19000244140625,343.8999938964844,346.8900146484375
1993-02-17,729959400,346.8900146484375,348.45001220703125,341.489990234375,345.9100036621094
1993-02-18,730045800,345.9100036621094,353.4100036621094,342.81500244140625,348.2799987792969
1993-02-19,730132200,348.2799987792969,351.17498779296875,345.5050048828125,347.9150085449219
1993-02-22,730391400,347.9150085449219,348.2650146484375,340.0849914550781,340.3500061035156
1993-02-23,730477800,340.3500061035156,342.67999267578125,337.1449890136719,341.239990234375
1993-02-24,730564200,341.239990234375,350.7550048828125,338.6400146484375,350.125
1993-02-25,730650600,350.125,351.8800048828125,345.69500732421875,351.6650085449219
1993-02-26,730737000,351.6650085449219,353.1650085449219,349.2449951171875,351.1400146484375
1993-03-01,730996200,351.1400146484375,352.9700012207031,348.2799987792969,349.0950012207031
1993-03-02,731082600,349.0950012207031,356.7900085449219,348.0799865722656,356.2099914550781
1993-03-03,731169000,356.2099914550781,360.42498779296875,355.7900085449219,359.9599914550781
1993-03-04,731255400,359.9599914550781,359.9599914550781,352.8450012207031,355.5299987792969
1993-03-05,731341800,355.5299987792969,358.0899963378906,352.7049865722656,355.56500244140625
1993-03-08,731601000,355.56500244140625,360.3349914550781,355.114990234375,359.44000244140625
1993-03-09,731687400,359.44000244140625,361.4100036621094,358.5799865722656,359.3999938964844
1993-03-10,731773800,359.3999938964844,361.67498779296875,358.2550048828125,361.260009765625
1993-03-11,731860200,361.260009765625,364.6600036621094,360.9949951171875,361.7349853515625
1993-03-12,731946600,361.7349853515625,363.0899963378906,356.44500732421875,362.6499938964844
1993-03-15,732205800,362.6499938964844,365.05499267578125,362.2550048828125,364.31500244140625
1993-03-16,732292200,364.31500244140625,366.5350036621094,363.1050109863281,363.6099853515625
1993-03-17,732378600,363.6099853515625,363.6099853515625,354.8699951171875,355.6549987792969
1993-03-18,732465000,355.6549987792969,358.625,355.32501220703125,355.5
1993-03-19,732551400,355.5,357.9150085449219,351.4599914550781,351.55499267578125
1993-03-22,732810600,351.54998779296875,351.54998779296875,346.20001220703125,349.4150085449219
1993-03-23,732897000,349.4150085449219,353,347.80499267578125,348.135009765625
1993-03-24,732983400,348.135009765625,350.0350036621094,345.42999267578125,348.5050048828125
1993-03-25,733069800,348.5050048828125,355.0249938964844,348.5050048828125,354.375
1993-03-26,733156200,354.375,356.4049987792969,351.385009765625,352.6449890136719
1993-03-29,733415400,352.6449890136719,355.0799865722656,351.0150146484375,351.4049987792969
1993-03-30,733501800,351.4049987792969,357.7200012207031,351.4049987792969,357.7200012207031
1993-03-31,733588200,357.7200012207031,363.17999267578125,357.7200012207031,359.4200134277344
1993-04-01,733674600,359.4200134277344,360.7449951171875,353.4750061035156,354.3349914550781
1993-04-02,733761000,354.3349914550781,354.3349914550781,341.1449890136719,341.17999267578125
1993-04-05,734016600,341.17999267578125,345.17999267578125,339.17498779296875,344.7049865722656
1993-04-06,734103000,344.7049865722656,347.7300109863281,340.05999755859375,340.55499267578125
1993-04-07,734189400,340.55499267578125,345.42999267578125,339.5199890136719,345.18499755859375
1993-04-08,734275800,345.18499755859375,345.239990234375,340.44500732421875,341.55999755859375
1993-04-12,734621400,341.55999755859375,349.7250061035156,341.55999755859375,349.0050048828125
1993-04-13,734707800,349.0050048828125,351.82501220703125,345.7149963378906,345.8699951171875
1993-04-14,734794200,345.8699951171875,347.07000732421875,343.7799987792969,346.489990234375
1993-04-15,734880600,346.489990234375,346.489990234375,343.07501220703125,343.8949890136719
1993-04-16,734967000,343.8949890136719,345.2349853515625,340.385009765625,340.6499938964844
1993-04-19,735226200,340.6499938964844,341.385009765625,332.68499755859375,337.4549865722656
1993-04-20,735312600,337.4549865722656,339.57501220703125,334.614990234375,339.05999755859375
1993-04-21,735399000,339.05999755859375,341.4150085449219,336.8500061035156,340.19500732421875
1993-04-22,735485400,340.19500732421875,343.7699890136719,337.8399963378906,338.4800109863281
1993-04-23,735571800,338.4800109863281,338.93499755859375,332.80999755859375,333.6600036621094
1993-04-26,735831000,333.6600036621094,334.45001220703125,326.55999755859375,327.2799987792969
1993-04-27,735917400,327.2799987792969,334.82501220703125,327.2799987792969,334.6000061035156
1993-04-28,736003800,334.6000061035156,339.92999267578125,334.6000061035156,339.6600036621094
1993-04-29,736090200,339.6600036621094,339.6600036621094,334.94000244140625,338.9800109863281
1993-04-30,736176600,338.9800109863281,344.385009765625,338.9800109863281,339.94500732421875
1993-05-03,736435800,339.94500732421875,345.2749938964844,339.94500732421875,344.9700012207031
1993-05-04,736522200,344.9700012207031,353.7250061035156,344.9700012207031,353.2799987792969
1993-05-05,736608600,353.2799987792969,357.135009765625,350.864990234375,355.3450012207031
1993-05-06,736695000,355.3450012207031,356.760009765625,351.010009765625,351.7149963378906
1993-05-07,736781400,351.7149963378906,354.2550048828125,350.94500732421875,353.2300109863281
1993-05-10,737040600,353.2300109863281,356.5249938964844,353.2300109863281,354.8450012207031
1993-05-11,737127000,354.8450012207031,354.8450012207031,351.5199890136719,353.0050048828125
1993-05-12,737213400,353.0050048828125,353.1099853515625,350.3399963378906,350.9599914550781
1993-05-13,737299800,350.9599914550781,350.9649963378906,345.69000244140625,347.7099914550781
1993-05-14,737386200,347.7099914550781,350.0450134277344,346.82501220703125,349.79998779296875
1993-05-17,737645400,349.79998779296875,353.1050109863281,349.5249938964844,352.6700134277344
1993-05-18,737731800,352.6700134277344,356.1199951171875,352.6700134277344,356
1993-05-19,737818200,356,365.2099914550781,354.8399963378906,364.67498779296875
1993-05-20,737904600,364.67498779296875,370.8900146484375,364.67498779296875,370.4549865722656
1993-05-21,737991000,370.4549865722656,370.4599914550781,364.5150146484375,366.6700134277344
1993-05-24,738250200,366.6700134277344,369.6099853515625,363.30999755859375,367.0899963378906
1993-05-25,738336600,367.0899963378906,367.0899963378906,363.875,366.2200012207031
1993-05-26,738423000,366.2200012207031,374.3999938964844,365.30499267578125,374.3450012207031
1993-05-27,738509400,374.3450012207031,376.5299987792969,371.8500061035156,372.7300109863281
1993-05-28,738595800,372.7300109863281,372.7300109863281,364.2650146484375,368.1099853515625
1993-06-01,738941400,368.1099853515625,374.68499755859375,368.1099853515625,372.5299987792969
1993-06-02,739027800,372.5299987792969,374.9150085449219,370.375,372.68499755859375
1993-06-03,739114200,372.68499755859375,373.44000244140625,369.3800048828125,372.05999755859375
1993-06-04,739200600,372.05999755859375,372.05999755859375,367.989990234375,368.625
1993-06-07,739459800,368.625,371.7699890136719,364.32000732421875,364.3550109863281
1993-06-08,739546200,364.3550109863281,364.3550109863281,359,360.739990234375
1993-06-09,739632600,360.739990234375,363.2250061035156,358.135009765625,360.25
1993-06-10,739719000,360.25,360.55999755859375,356.44000244140625,359.54998779296875
1993-06-11,739805400,359.54998779296875,364.1099853515625,359.54998779296875,363.07501220703125
1993-06-14,740064600,363.07501220703125,367.92999267578125,363.07501220703125,367.1449890136719
1993-06-15,740151000,367.1449890136719,369.56500244140625,366.510009765625,366.9750061035156
1993-06-16,740237400,366.9750061035156,368.375,362.1499938964844,365.0150146484375
1993-06-17,740323800,365.0150146484375,365.8550109863281,362.2550048828125,364.010009765625
1993-06-18,740410200,364.010009765625,365.7699890136719,357.9599914550781,357.9599914550781
1993-06-21,740669400,357.9599914550781,358.67498779296875,355.0050048828125,357.864990234375
1993-06-22,740755800,357.864990234375,359.1449890136719,355.375,356.20001220703125
1993-06-23,740842200,356.20001220703125,357.5350036621094,353.7049865722656,354.93499755859375
1993-06-24,740928600,354.93499755859375,358.6000061035156,352.7550048828125,357.82501220703125
1993-06-25,741015000,357.82501220703125,363.6300048828125,357.82000732421875,362.2250061035156
1993-06-28,741274200,362.2250061035156,368.45001220703125,362.2250061035156,368.45001220703125
1993-06-29,741360600,368.45001220703125,369.82501220703125,364.7900085449219,365.9599914550781
1993-06-30,741447000,365.9599914550781,369.7799987792969,365.385009765625,366.125
1993-07-01,741533400,366.125,366.5150146484375,361.7049865722656,363.7300109863281
1993-07-02,741619800,363.7300109863281,364.7950134277344,361.3699951171875,364.2149963378906
1993-07-06,741965400,364.2149963378906,365.2300109863281,359.69500732421875,360.7950134277344
1993-07-07,742051800,360.7950134277344,360.7950134277344,355.7799987792969,357.864990234375
1993-07-08,742138200,357.864990234375,361.29998779296875,356.92498779296875,360.70001220703125
1993-07-09,742224600,360.70001220703125,362.8800048828125,358.32501220703125,362.4599914550781
1993-07-12,742483800,362.4599914550781,365.1549987792969,360.7550048828125,362.8699951171875
1993-07-13,742570200,362.8699951171875,364.4949951171875,361.125,361.9800109863281
1993-07-14,742656600,361.9800109863281,366.32501220703125,360.1050109863281,363.739990234375
1993-07-15,742743000,363.739990234375,363.739990234375,359.9750061035156,360.4649963378906
1993-07-16,742829400,360.4649963378906,360.4649963378906,350.1099853515625,351.07000732421875
1993-07-19,743088600,351.07000732421875,351.3949890136719,346.5150146484375,349.05999755859375
1993-07-20,743175000,349.05999755859375,356.3299865722656,349.05999755859375,355.760009765625
1993-07-21,743261400,355.760009765625,355.760009765625,350.9800109863281,352.635009765625
1993-07-22,743347800,352.635009765625,354.42498779296875,347.1400146484375,348.3500061035156
1993-07-23,743434200,348.3500061035156,354.614990234375,348.3500061035156,353.2049865722656
1993-07-26,743693400,353.2049865722656,357.9750061035156,353.07000732421875,356.4049987792969
1993-07-27,743779800,356.4049987792969,356.82501220703125,350.864990234375,352.0150146484375
1993-07-28,743866200,352.0150146484375,357.3550109863281,351.864990234375,356.80999755859375
1993-07-29,743952600,356.80999755859375,359.6449890136719,356.5,357.3299865722656
1993-07-30,744039000,357.3299865722656,357.3299865722656,350.7550048828125,352.864990234375
1993-08-02,744298200,352.864990234375,356.6199951171875,352.864990234375,355.25
1993-08-03,744384600,355.25,357.4100036621094,354.989990234375,356.2300109863281
1993-08-04,744471000,356.2300109863281,360.7349853515625,355.1099853515625,360.114990234375
1993-08-05,744557400,360.114990234375,362.57000732421875,360.114990234375,362.4100036621094
1993-08-06,744643800,362.4100036621094,364.8349914550781,361.57501220703125,363.1449890136719
1993-08-09,744903000,363.1449890136719,365.364990234375,361.05499267578125,362.2950134277344
1993-08-10,744989400,362.2950134277344,363.1000061035156,358.3800048828125,358.6449890136719
1993-08-11,745075800,358.6449890136719,360.67999267578125,358.6400146484375,359.7349853515625
1993-08-12,745162200,359.7349853515625,362.7200012207031,356.93499755859375,359.4049987792969
1993-08-13,745248600,359.4049987792969,361.0299987792969,358.43499755859375,360.4549865722656
1993-08-16,745507800,360.4549865722656,370.7300109863281,360.4549865722656,370.6000061035156
1993-08-17,745594200,370.6000061035156,374.3999938964844,369.885009765625,374.1600036621094
1993-08-18,745680600,374.1600036621094,379.6400146484375,374.1600036621094,375.81500244140625
1993-08-19,745767000,375.81500244140625,375.81500244140625,369.7950134277344,370.2650146484375
1993-08-20,745853400,370.2650146484375,371.4049987792969,368.56500244140625,370.8699951171875
1993-08-23,746112600,370.8699951171875,372.1700134277344,368.739990234375,370.489990234375
1993-08-24,746199000,370.489990234375,372.1700134277344,369.07501220703125,371
1993-08-25,746285400,371,372.2049865722656,366.4049987792969,367.9549865722656
1993-08-26,746371800,367.95001220703125,367.95001220703125,360.7049865722656,364.6700134277344
1993-08-27,746458200,364.6700134277344,367.0350036621094,363.4800109863281,366.5
1993-08-30,746717400,366.5,370.8900146484375,366.5,369.30499267578125
1993-08-31,746803800,369.30499267578125,372.8800048828125,369.30499267578125,372.6499938964844
1993-09-01,746890200,372.6499938964844,375.29998779296875,371.4949951171875,374.1600036621094
1993-09-02,746976600,374.1600036621094,376.9750061035156,373.375,374.56500244140625
1993-09-03,747063000,374.56500244140625,374.625,371.8999938964844,373.7049865722656
1993-09-07,747408600,373.7049865722656,373.79998779296875,365.45001220703125,366.67999267578125
1993-09-08,747495000,366.67999267578125,366.67999267578125,358.0249938964844,364.8450012207031
1993-09-09,747581400,364.8450012207031,369.8299865722656,364.8450012207031,368.29998779296875
1993-09-10,747667800,368.29998779296875,371.8949890136719,368.125,370.635009765625
1993-09-13,747927000,370.635009765625,371.7550048828125,367.3800048828125,367.5899963378906
1993-09-14,748013400,367.5899963378906,367.5899963378906,360.135009765625,364.19500732421875
1993-09-15,748099800,364.19500732421875,367.4200134277344,362.3999938964844,367.32000732421875
1993-09-16,748186200,367.32000732421875,367.32000732421875,364.9100036621094,365.739990234375
1993-09-17,748272600,365.739990234375,368.06500244140625,362.4150085449219,366.18499755859375
1993-09-20,748531800,366.18499755859375,371.07501220703125,366.18499755859375,367.4549865722656
1993-09-21,748618200,367.4549865722656,369.75,362.30999755859375,365.6449890136719
1993-09-22,748704600,365.6449890136719,374.7799987792969,365.6449890136719,374
1993-09-23,748791000,374,378.1400146484375,373.8550109863281,377.06500244140625
1993-09-24,748877400,377.06500244140625,378.4649963378906,374.9200134277344,378.0400085449219
1993-09-27,749136600,378.0400085449219,382.5899963378906,378.0400085449219,382.5050048828125
1993-09-28,749223000,382.5050048828125,386.0899963378906,380.8299865722656,386.0199890136719
1993-09-29,749309400,386.0199890136719,388.3299865722656,382.69500732421875,386.8900146484375
1993-09-30,749395800,386.8900146484375,386.8900146484375,382.1449890136719,382.7149963378906
1993-10-01,749482200,382.7149963378906,384.5849914550781,381.2300109863281,382.80999755859375
1993-10-04,749741400,382.80999755859375,384.82501220703125,381.3450012207031,384.2950134277344
1993-10-05,749827800,384.2950134277344,386.5249938964844,378.43499755859375,381.2749938964844
1993-10-06,749914200,381.2749938964844,384.8349914550781,380.0950012207031,380.4200134277344
1993-10-07,750000600,380.4200134277344,380.9549865722656,376.625,377.9949951171875
1993-10-08,750087000,377.9949951171875,381.3550109863281,375.635009765625,381.31500244140625
1993-10-11,750346200,381.31500244140625,383.82501220703125,379.114990234375,380.6549987792969
1993-10-12,750432600,380.6549987792969,385.2049865722656,380.6549987792969,382.56500244140625
1993-10-13,750519000,382.56500244140625,386.6050109863281,382.06500244140625,386.29998779296875
1993-10-14,750605400,386.29998779296875,392.9649963378906,386.2900085449219,391.9849853515625
1993-10-15,750691800,391.9849853515625,396.2049865722656,390.9049987792969,392.45001220703125
1993-10-18,750951000,392.45001220703125,394.2200012207031,389.1099853515625,389.8500061035156
1993-10-19,751037400,389.8500061035156,390.3550109863281,380.7650146484375,382.7300109863281
1993-10-20,751123800,382.7300109863281,385.8699951171875,382.0299987792969,383.92999267578125
1993-10-21,751210200,383.92999267578125,387.5050048828125,381.32000732421875,387.3550109863281
1993-10-22,751296600,387.3550109863281,392.67498779296875,386.5150146484375,388.19000244140625
1993-10-25,751555800,388.19000244140625,390.17999267578125,383.9599914550781,387.4049987792969
1993-10-26,751642200,387.4049987792969,388.0849914550781,382.3450012207031,384.6000061035156
1993-10-27,751728600,384.6000061035156,390.82000732421875,384.3999938964844,390.25
1993-10-28,751815000,390.25,392.7049865722656,388.0450134277344,389.2449951171875
1993-10-29,751901400,389.2449951171875,392.0799865722656,388.80499267578125,390.9849853515625
1993-11-01,752164200,390.9849853515625,395.42999267578125,390.93499755859375,395.0299987792969
1993-11-02,752250600,395.0299987792969,396.0950012207031,391.0950012207031,395.32000732421875
1993-11-03,752337000,395.32000732421875,396.0199890136719,386.239990234375,387.92999267578125
1993-11-04,752423400,387.92999267578125,387.92999267578125,376.5,377.4649963378906
1993-11-05,752509800,377.4649963378906,383.9849853515625,371.82501220703125,383.635009765625
1993-11-08,752769000,383.635009765625,387.82000732421875,380.5350036621094,384.8500061035156
1993-11-09,752855400,384.8500061035156,391.4750061035156,384.8500061035156,385.9150085449219
1993-11-10,752941800,385.9150085449219,393.19500732421875,385.9150085449219,392.9849853515625
1993-11-11,753028200,392.9849853515625,396.875,392.9849853515625,394.6600036621094
1993-11-12,753114600,394.6600036621094,396.5249938964844,393.7049865722656,395.17498779296875
1993-11-15,753373800,395.17498779296875,395.93499755859375,390.7850036621094,391.1199951171875
1993-11-16,753460200,391.1199951171875,393.875,388.2650146484375,393.375
1993-11-17,753546600,393.375,394.7799987792969,385,385.7950134277344
1993-11-18,753633000,385.7950134277344,386.57501220703125,380.4700012207031,381.739990234375
1993-11-19,753719400,381.739990234375,383.2749938964844,378,380.56500244140625
1993-11-22,753978600,380.56500244140625,380.56500244140625,372.32501220703125,373.3699951171875
1993-11-23,754065000,373.3699951171875,381.42999267578125,373.3699951171875,381.2200012207031
1993-11-24,754151400,381.2200012207031,386.375,381.2200012207031,385.0350036621094
1993-11-26,754324200,385.0350036621094,386.7950134277344,385.0350036621094,386.31500244140625
1993-11-29,754583400,386.31500244140625,388.4849853515625,383.05499267578125,383.18499755859375
1993-11-30,754669800,383.18499755859375,387.8999938964844,380.8699951171875,386.760009765625
1993-12-01,754756200,386.760009765625,394.8399963378906,386.760009765625,392.94500732421875
1993-12-02,754842600,392.94500732421875,396.1650085449219,391.3949890136719,396.1650085449219
1993-12-03,754929000,396.1650085449219,401.80999755859375,396.1650085449219,401.7749938964844
1993-12-06,755188200,401.7749938964844,401.7749938964844,392.8450012207031,399.0050048828125
1993-12-07,755274600,399.0050048828125,399.7900085449219,395.1199951171875,396.9849853515625
1993-12-08,755361000,396.9849853515625,396.9849853515625,392.885009765625,394.80999755859375
1993-12-09,755447400,394.80999755859375,394.80999755859375,386.0799865722656,387.25
1993-12-10,755533800,387.25,387.4700012207031,385.1499938964844,386.9599914550781
1993-12-13,755793000,386.9599914550781,388.17498779296875,385.1050109863281,387.7799987792969
1993-12-14,755879400,387.7799987792969,388.3599853515625,381.8399963378906,382.8299865722656
1993-12-15,755965800,382.8299865722656,385.19000244140625,381.9649963378906,384.94500732421875
1993-12-16,756052200,384.94500732421875,387.6400146484375,384.94500732421875,386.17999267578125
1993-12-17,756138600,386.17999267578125,389.8949890136719,386.17999267578125,389.0350036621094
1993-12-20,756397800,389.0350036621094,391.0450134277344,388.4849853515625,389.7200012207031
1993-12-21,756484200,389.7200012207031,389.7200012207031,386.6300048828125,388.510009765625
1993-12-22,756570600,388.510009765625,389.260009765625,384.82501220703125,388.4049987792969
1993-12-23,756657000,388.4049987792969,392.1000061035156,388.4049987792969,390.32000732421875
1993-12-27,757002600,390.32000732421875,392.0450134277344,389.739990234375,391.8399963378906
1993-12-28,757089000,391.8399963378906,395.0249938964844,391.4549865722656,394.739990234375
1993-12-29,757175400,394.739990234375,396.635009765625,393.5799865722656,395.3800048828125
1993-12-30,757261800,395.3800048828125,398.25,395.1099853515625,397.7250061035156
1993-12-31,757348200,397.7250061035156,400.54998779296875,397.239990234375,398.2799987792969
1994-01-03,757607400,398.260009765625,398.260009765625,392.04998779296875,395.5299987792969
1994-01-04,757693800,395.5299987792969,399.0199890136719,394.260009765625,398.19000244140625
1994-01-05,757780200,398.19000244140625,401.70001220703125,396.70001220703125,401.07000732421875
1994-01-06,757866600,401.07000732421875,404.55999755859375,401.07000732421875,404.2099914550781
1994-01-07,757953000,404.2099914550781,405.4200134277344,399.9800109863281,404.7799987792969
1994-01-10,758212200,404.7799987792969,409.92999267578125,404.54998779296875,408.9100036621094
1994-01-11,758298600,408.9100036621094,409.239990234375,405.5899963378906,407.8500061035156
1994-01-12,758385000,407.8500061035156,410.5799865722656,404.70001220703125,408.4700012207031
1994-01-13,758471400,408.4700012207031,408.4700012207031,404.44000244140625,408
1994-01-14,758557800,408,412.3599853515625,408,411.75
1994-01-17,758817000,411.75,411.80999755859375,409.3599853515625,410.7900085449219
1994-01-18,758903400,410.7900085449219,411.989990234375,409.5299987792969,410.95001220703125
1994-01-19,758989800,410.95001220703125,410.95001220703125,403.6700134277344,406.3800048828125
1994-01-20,759076200,406.3800048828125,411.6000061035156,406.3800048828125,411.5299987792969
1994-01-21,759162600,411.5299987792969,413.2900085449219,409.95001220703125,411.5899963378906
1994-01-24,759421800,411.5899963378906,411.9700012207031,407.7799987792969,409.2300109863281
1994-01-25,759508200,409.2300109863281,409.2300109863281,403.44000244140625,406.4800109863281
1994-01-26,759594600,406.4800109863281,408.1700134277344,404.6499938964844,407.19000244140625
1994-01-27,759681000,407.19000244140625,410.1099853515625,406.5899963378906,409.92999267578125
1994-01-28,759767400,409.92999267578125,412.6499938964844,409.7300109863281,412.5199890136719
1994-01-31,760026600,412.5199890136719,415.4200134277344,412.260009765625,413.989990234375
1994-02-01,760113000,413.989990234375,413.989990234375,408.9599914550781,410.2200012207031
1994-02-02,760199400,410.2200012207031,412.44000244140625,408.67999267578125,411.7799987792969
1994-02-03,760285800,411.7799987792969,411.7799987792969,407.19000244140625,410.04998779296875
1994-02-04,760372200,410.04998779296875,410.0799865722656,397.1099853515625,397.4800109863281
1994-02-07,760631400,397.4800109863281,400.19000244140625,392.3299865722656,399.6199951171875
1994-02-08,760717800,399.6199951171875,402.239990234375,396.9100036621094,401.4599914550781
1994-02-09,760804200,401.4599914550781,404.6099853515625,401.19000244140625,403.9100036621094
1994-02-10,760890600,403.9100036621094,405.95001220703125,400.7300109863281,401.30999755859375
1994-02-11,760977000,401.30999755859375,402.7699890136719,398.010009765625,401.8299865722656
1994-02-14,761236200,401.8299865722656,405.55999755859375,401.8299865722656,405.1099853515625
1994-02-15,761322600,405.1099853515625,409.1700134277344,404.9100036621094,408.2799987792969
1994-02-16,761409000,408.2799987792969,411.2900085449219,407.3299865722656,408.739990234375
1994-02-17,761495400,408.739990234375,412.42999267578125,405.3500061035156,407.3900146484375
1994-02-18,761581800,407.3900146484375,408.2300109863281,403.0299987792969,407.94000244140625
1994-02-22,761927400,407.94000244140625,410.80999755859375,405.0299987792969,410.4800109863281
1994-02-23,762013800,410.4800109863281,412.3699951171875,408.2099914550781,408.9100036621094
1994-02-24,762100200,408.9100036621094,408.9100036621094,400.4100036621094,402.7900085449219
1994-02-25,762186600,402.7900085449219,406.6300048828125,402.05999755859375,406.45001220703125
1994-02-28,762445800,406.45001220703125,413.2200012207031,406.45001220703125,412.1700134277344
1994-03-01,762532200,412.1700134277344,414.0299987792969,406.3599853515625,409.69000244140625
1994-03-02,762618600,409.69000244140625,409.69000244140625,398.29998779296875,408.17999267578125
1994-03-03,762705000,408.17999267578125,411.19000244140625,407.3900146484375,408.1700134277344
1994-03-04,762791400,408.1700134277344,412.9700012207031,408.1700134277344,411.989990234375
1994-03-07,763050600,411.989990234375,416.2900085449219,411.989990234375,415.29998779296875
1994-03-08,763137000,415.29998779296875,415.29998779296875,410.010009765625,411.9700012207031
1994-03-09,763223400,411.9700012207031,414.3299865722656,409.239990234375,413.0799865722656
1994-03-10,763309800,413.0799865722656,414.7300109863281,407.32000732421875,409.7699890136719
1994-03-11,763396200,409.7699890136719,410.5899963378906,406.95001220703125,409.42999267578125
1994-03-14,763655400,409.42999267578125,413.6000061035156,409.42999267578125,412.92999267578125
1994-03-15,763741800,412.92999267578125,415.07000732421875,412.30999755859375,412.8299865722656
1994-03-16,763828200,412.8299865722656,415.67999267578125,412.3599853515625,415.30999755859375
1994-03-17,763914600,415.30999755859375,418.989990234375,415.30999755859375,418.45001220703125
1994-03-18,764001000,418.45001220703125,418.8900146484375,415.32000732421875,417.5199890136719
1994-03-21,764260200,417.5199890136719,417.6099853515625,412.760009765625,412.989990234375
1994-03-22,764346600,412.989990234375,413.010009765625,409.489990234375,410.6700134277344
1994-03-23,764433000,410.6700134277344,413.6600036621094,410.489990234375,410.5
1994-03-24,764519400,410.5,410.5,399.8299865722656,403.9200134277344
1994-03-25,764605800,403.9200134277344,405.260009765625,399.6300048828125,399.8599853515625
1994-03-28,764865000,399.8599853515625,401.45001220703125,388.45001220703125,393.9200134277344
1994-03-29,764951400,393.9200134277344,395.4100036621094,382.80999755859375,383
1994-03-30,765037800,383,386.0799865722656,375.739990234375,380.25
1994-03-31,765124200,380.25,383.7699890136719,372.32000732421875,382.9599914550781
1994-04-04,765466200,382.9599914550781,382.9599914550781,368.7099914550781,375.4200134277344
1994-04-05,765552600,375.4200134277344,389.67999267578125,375.4200134277344,389.30999755859375
1994-04-06,765639000,389.30999755859375,390.4700012207031,384.5400085449219,388.760009765625
1994-04-07,765725400,388.760009765625,391.94000244140625,387.3399963378906,390.9700012207031
1994-04-08,765811800,390.9700012207031,391.32000732421875,382.6400146484375,384.8999938964844
1994-04-11,766071000,384.8999938964844,385.010009765625,381.75,383.8500061035156
1994-04-12,766157400,383.8500061035156,383.8500061035156,373.6199951171875,375.4599914550781
1994-04-13,766243800,375.4599914550781,377.4599914550781,363.70001220703125,367.25
1994-04-14,766330200,367.25,370.260009765625,361.8500061035156,365.6499938964844
1994-04-15,766416600,365.6499938964844,368.2900085449219,364.3999938964844,366.2900085449219
1994-04-18,766675800,366.2900085449219,368.44000244140625,359.05999755859375,360.4599914550781
1994-04-19,766762200,360.4599914550781,364.510009765625,352.8699951171875,357.3599853515625
1994-04-20,766848600,357.3599853515625,362.0299987792969,352.1199951171875,355.3800048828125
1994-04-21,766935000,355.3800048828125,367.4599914550781,355.3800048828125,367.0199890136719
1994-04-22,767021400,367.0199890136719,371.8900146484375,367.0199890136719,369.0799865722656
1994-04-25,767280600,369.0799865722656,375.5299987792969,368.6700134277344,374.7900085449219
1994-04-26,767367000,374.7900085449219,377.3699951171875,373.989990234375,375.4599914550781
1994-04-28,767539800,375.4599914550781,376.42999267578125,372.1600036621094,372.45001220703125
1994-04-29,767626200,372.45001220703125,374.20001220703125,369.3500061035156,373.25
1994-05-02,767885400,373.25,380.6199951171875,371.8800048828125,379.82000732421875
1994-05-03,767971800,379.82000732421875,381.30999755859375,373.9200134277344,377.07000732421875
1994-05-04,768058200,377.07000732421875,378.8399963378906,375.1199951171875,377.5299987792969
1994-05-05,768144600,377.5299987792969,380.1700134277344,377.239990234375,378.2300109863281
1994-05-06,768231000,378.2300109863281,378.2300109863281,371,374.57000732421875
1994-05-09,768490200,374.57000732421875,374.57000732421875,367.0299987792969,368
1994-05-10,768576600,368,372.6700134277344,368,370.0199890136719
1994-05-11,768663000,370.0199890136719,370.30999755859375,364.19000244140625,365.17999267578125
1994-05-12,768749400,365.17999267578125,369.2699890136719,365.17999267578125,366.6400146484375
1994-05-13,768835800,366.6400146484375,366.6400146484375,359.2900085449219,364.82000732421875
1994-05-16,769095000,364.82000732421875,365.0799865722656,359.5299987792969,360.489990234375
1994-05-17,769181400,360.489990234375,360.9599914550781,353.42999267578125,360.5
1994-05-18,769267800,360.5,370.1099853515625,360.489990234375,368.5899963378906
1994-05-19,769354200,368.5899963378906,374.9100036621094,368.5,371.7099914550781
1994-05-20,769440600,371.7099914550781,371.7099914550781,369.1700134277344,370.3699951171875
1994-05-23,769699800,370.3699951171875,372.1400146484375,367.94000244140625,369.8900146484375
1994-05-24,769786200,369.8900146484375,377.6400146484375,369.8900146484375,377
1994-05-25,769872600,377,379.4700012207031,372.9599914550781,378.239990234375
1994-05-26,769959000,378.239990234375,381.25,374.30999755859375,375.79998779296875
1994-05-27,770045400,375.79998779296875,377.7099914550781,373.17999267578125,376.80999755859375
1994-05-31,770391000,376.80999755859375,379.4800109863281,374.489990234375,378.8500061035156
1994-06-01,770477400,378.8500061035156,380.1000061035156,374.0799865722656,379.2300109863281
1994-06-02,770563800,379.2300109863281,381.6000061035156,378.5400085449219,380.6600036621094
1994-06-03,770650200,380.6600036621094,385.1600036621094,364.1700134277344,382.7799987792969
1994-06-06,770909400,382.7799987792969,384.739990234375,381.1499938964844,382.79998779296875
1994-06-07,770995800,382.79998779296875,382.79998779296875,378.6499938964844,379.989990234375
1994-06-08,771082200,379.989990234375,381.2300109863281,369.05999755859375,371
1994-06-09,771168600,371,372.0400085449219,368.3699951171875,370.29998779296875
1994-06-10,771255000,370.29998779296875,375.7799987792969,370.29998779296875,374.6400146484375
1994-06-13,771514200,374.6400146484375,375.0400085449219,371.6099853515625,371.8800048828125
1994-06-14,771600600,371.8800048828125,377.8999938964844,371.8800048828125,377.3800048828125
1994-06-15,771687000,377.3800048828125,379.79998779296875,376.7200012207031,377.7799987792969
1994-06-16,771773400,377.7799987792969,378.1000061035156,375.6300048828125,377.79998779296875
1994-06-17,771859800,377.79998779296875,377.79998779296875,371.510009765625,371.94000244140625
1994-06-20,772119000,371.94000244140625,371.94000244140625,366.6099853515625,367.8299865722656
1994-06-21,772205400,367.8299865722656,367.8299865722656,358.07000732421875,360.9800109863281
1994-06-22,772291800,360.9800109863281,366.67999267578125,360.9800109863281,363.2300109863281
1994-06-23,772378200,363.2300109863281,364.57000732421875,352.8900146484375,353.489990234375
1994-06-24,772464600,353.489990234375,356.5899963378906,350.0299987792969,351.760009765625
1994-06-27,772723800,351.760009765625,361.55999755859375,350.239990234375,361.1600036621094
1994-06-28,772810200,361.1600036621094,365.94000244140625,358.1600036621094,362.04998779296875
1994-06-29,772896600,362.04998779296875,367.2300109863281,361.42999267578125,362.7300109863281
1994-06-30,772983000,362.7300109863281,365.510009765625,359.19000244140625,360.29998779296875
1994-07-01,773069400,360.29998779296875,361.7300109863281,357.6499938964844,360.0299987792969
1994-07-05,773415000,360.0299987792969,361.0199890136719,356.4599914550781,356.9100036621094
1994-07-06,773501400,356.9100036621094,356.9100036621094,352.739990234375,353.6199951171875
1994-07-07,773587800,353.6199951171875,359.3399963378906,352.9800109863281,359.2300109863281
1994-07-08,773674200,359.2300109863281,362.7300109863281,356.54998779296875,359.30999755859375
1994-07-11,773933400,359.30999755859375,361.1400146484375,355.2099914550781,358.7900085449219
1994-07-12,774019800,358.7900085449219,361.6700134277344,354.9100036621094,361.30999755859375
1994-07-13,774106200,361.30999755859375,369.6199951171875,361.30999755859375,369.1400146484375
1994-07-14,774192600,369.1400146484375,373.42999267578125,366.7099914550781,367.5199890136719
1994-07-15,774279000,367.6499938964844,367.8399963378906,366.04998779296875,367.239990234375
1994-07-18,774538200,368.3500061035156,368.7300109863281,365.7799987792969,368.17999267578125
1994-07-19,774624600,368.17999267578125,368.3599853515625,364.4800109863281,364.7200012207031
1994-07-20,774711000,364.7200012207031,364.7200012207031,358.1600036621094,359.5299987792969
1994-07-21,774797400,359.5299987792969,362.32000732421875,357.92999267578125,362.2099914550781
1994-07-22,774883800,362.8500061035156,365.3399963378906,361.19000244140625,365.05999755859375
1994-07-25,775143000,365.05999755859375,366.1099853515625,363.6099853515625,366.1099853515625
1994-07-26,775229400,366.1099853515625,366.19000244140625,363.010009765625,364.010009765625
1994-07-27,775315800,364.010009765625,364.95001220703125,361.5899963378906,361.80999755859375
1994-07-28,775402200,361.80999755859375,364.17999267578125,361.3399963378906,362.1400146484375
1994-07-29,775488600,362.1400146484375,370.6499938964844,362.1400146484375,370.1600036621094
1994-08-01,775747800,370.1600036621094,373.8699951171875,369.8999938964844,373.5799865722656
1994-08-02,775834200,373.57000732421875,376.6400146484375,371.760009765625,372.7799987792969
1994-08-03,775920600,372.7799987792969,373.55999755859375,370.4800109863281,370.4800109863281
1994-08-04,776007000,370.4800109863281,372.6199951171875,367.1700134277344,367.54998779296875
1994-08-05,776093400,367.54998779296875,367.7099914550781,363.80999755859375,367.1499938964844
1994-08-08,776352600,367.1400146484375,369.2300109863281,365.5199890136719,368.8900146484375
1994-08-09,776439000,368.8699951171875,370.95001220703125,367.7799987792969,370.6600036621094
1994-08-10,776525400,370.6600036621094,374.989990234375,370.45001220703125,373.92999267578125
1994-08-11,776611800,373.92999267578125,378.5400085449219,371.1300048828125,374.489990234375
1994-08-12,776698200,374.489990234375,377.5199890136719,374.30999755859375,376.9599914550781
1994-08-15,776957400,376.9599914550781,379.1300048828125,375.3800048828125,377.0799865722656
1994-08-16,777043800,377.0799865722656,381.1400146484375,375.42999267578125,380.5299987792969
1994-08-17,777130200,380.5299987792969,387.19000244140625,380.5299987792969,386.8999938964844
1994-08-18,777216600,386.8999938964844,388.489990234375,383.5899963378906,385.6300048828125
1994-08-19,777303000,385.6300048828125,387.75,382.1000061035156,384.1199951171875
1994-08-22,777562200,384.1199951171875,384.1199951171875,381.6000061035156,382.80999755859375
1994-08-23,777648600,382.80999755859375,389.2300109863281,382.80999755859375,386.739990234375
1994-08-24,777735000,386.739990234375,388.760009765625,386.0199890136719,388.44000244140625
1994-08-25,777821400,388.44000244140625,393.4700012207031,387.739990234375,391.489990234375
1994-08-26,777907800,391.489990234375,401.29998779296875,391.489990234375,399.260009765625
1994-08-29,778167000,399.260009765625,402.0299987792969,398.2099914550781,398.44000244140625
1994-08-30,778253400,398.44000244140625,402.2900085449219,396.2099914550781,401.739990234375
1994-08-31,778339800,401.739990234375,402.8699951171875,397.3399963378906,397.8999938964844
1994-09-01,778426200,397.8999938964844,397.8999938964844,390.6700134277344,391.6099853515625
1994-09-02,778512600,391.6099853515625,394.19000244140625,390.3800048828125,391.4100036621094
1994-09-06,778858200,391.4100036621094,393.79998779296875,390.79998779296875,393.69000244140625
1994-09-07,778944600,393.69000244140625,398.7099914550781,393.4100036621094,397.04998779296875
1994-09-08,779031000,397.04998779296875,401.42999267578125,397.04998779296875,400.75
1994-09-09,779117400,400.75,400.75,393.5299987792969,394.8399963378906
1994-09-12,779376600,394.8399963378906,395.3599853515625,390.5,391.6700134277344
1994-09-13,779463000,391.6700134277344,397.5299987792969,391.6700134277344,396.69000244140625
1994-09-14,779549400,396.69000244140625,398.2200012207031,394.5,397.7900085449219
1994-09-15,779635800,397.7900085449219,407.1000061035156,397.42999267578125,407.1000061035156
1994-09-16,779722200,407.1000061035156,407.1000061035156,401.7900085449219,404.4700012207031
1994-09-19,779981400,404.4700012207031,406.7900085449219,403.8800048828125,403.8800048828125
1994-09-20,780067800,403.9599914550781,403.9599914550781,396.8399963378906,396.8500061035156
1994-09-21,780154200,396.8500061035156,397.6400146484375,388.95001220703125,393.7099914550781
1994-09-22,780240600,393.7099914550781,396.260009765625,391.5299987792969,393.54998779296875
1994-09-23,780327000,393.54998779296875,395.2200012207031,389.6700134277344,390.20001220703125
1994-09-26,780586200,390.17999267578125,390.2699890136719,386.1099853515625,388.8999938964844
1994-09-27,780672600,388.8999938964844,389.9200134277344,387.1199951171875,389.3299865722656
1994-09-28,780759000,389.3299865722656,393.8299865722656,389.3299865722656,391.9700012207031
1994-09-29,780845400,391.9700012207031,392.2200012207031,388.42999267578125,391.2200012207031
1994-09-30,780931800,391.2200012207031,396.4800109863281,391.2200012207031,393.8500061035156
1994-10-03,781191000,393.8500061035156,394.94000244140625,391.1199951171875,392.7200012207031
1994-10-04,781277400,392.7200012207031,393.45001220703125,382.5299987792969,382.7099914550781
1994-10-05,781363800,382.7099914550781,387.3800048828125,376.79998779296875,386.989990234375
1994-10-06,781450200,386.989990234375,389.3699951171875,382.1700134277344,382.8500061035156
1994-10-07,781536600,382.8500061035156,387.75,382.8500061035156,387.3599853515625
1994-10-10,781795800,387.3599853515625,393.5199890136719,387.3599853515625,392.8500061035156
1994-10-11,781882200,392.8500061035156,401.8299865722656,392.8500061035156,400.2900085449219
1994-10-12,781968600,400.2900085449219,401.57000732421875,398.7200012207031,399.8500061035156
1994-10-13,782055000,399.8500061035156,406.8500061035156,399.3399963378906,399.8599853515625
1994-10-14,782141400,399.8599853515625,400.17999267578125,396.1300048828125,398.79998779296875
1994-10-17,782400600,398.79998779296875,400.0899963378906,396.2699890136719,396.8500061035156
1994-10-18,782487000,396.8500061035156,399.2699890136719,396.5799865722656,398
1994-10-19,782573400,398,404.3399963378906,397.1600036621094,403.7300109863281
1994-10-20,782659800,403.7300109863281,405.6000061035156,399.9800109863281,402.989990234375
1994-10-21,782746200,402.989990234375,402.989990234375,398.489990234375,400.5199890136719
1994-10-24,783005400,400.5199890136719,402.3399963378906,397.6700134277344,398.7900085449219
1994-10-25,783091800,398.7900085449219,398.7900085449219,394.05999755859375,398.4800109863281
1994-10-26,783178200,398.4800109863281,403.9200134277344,398.4800109863281,403.8299865722656
1994-10-27,783264600,403.8299865722656,405.80999755859375,403.7900085449219,405.6199951171875
1994-10-28,783351000,405.6199951171875,411.8399963378906,404.42999267578125,411.8399963378906
1994-10-31,783613800,411.8399963378906,416.0899963378906,410.5299987792969,413.04998779296875
1994-11-01,783700200,413.04998779296875,413.04998779296875,408.20001220703125,410.05999755859375
1994-11-02,783786600,410.05999755859375,415.2300109863281,408.5400085449219,408.9100036621094
1994-11-03,783873000,408.9100036621094,410.5400085449219,407.20001220703125,408.1700134277344
1994-11-04,783959400,408.1700134277344,409.7699890136719,401.3800048828125,401.4599914550781
1994-11-07,784218600,401.4599914550781,401.67999267578125,398.75,400.19000244140625
1994-11-08,784305000,400.19000244140625,407.5899963378906,400.19000244140625,407.44000244140625
1994-11-09,784391400,407.44000244140625,413.3999938964844,404.8999938964844,408.32000732421875
1994-11-10,784477800,408.32000732421875,410.1499938964844,405.20001220703125,406.1199951171875
1994-11-11,784564200,406.1199951171875,407.739990234375,403.5799865722656,404.7799987792969
1994-11-14,784823400,404.7799987792969,412.32000732421875,404.7799987792969,412.1700134277344
1994-11-15,784909800,412.1700134277344,415.75,410.1199951171875,411.7799987792969
1994-11-16,784996200,411.8299865722656,413.739990234375,411.1300048828125,412.7200012207031
1994-11-17,785082600,412.7200012207031,414.55999755859375,409.1000061035156,410.9800109863281
1994-11-18,785169000,410.9800109863281,414.510009765625,410.760009765625,412.42999267578125
1994-11-21,785428200,412.42999267578125,417.54998779296875,409.0199890136719,409.2799987792969
1994-11-22,785514600,409.2799987792969,409.2799987792969,397.9200134277344,397.92999267578125
1994-11-23,785601000,397.92999267578125,397.92999267578125,390.8900146484375,397.1700134277344
1994-11-25,785773800,397.1700134277344,401.3399963378906,397.1300048828125,401.1700134277344
1994-11-28,786033000,401.1700134277344,404.9200134277344,400.7300109863281,403.82000732421875
1994-11-29,786119400,403.82000732421875,409.45001220703125,403.82000732421875,409.1000061035156
1994-11-30,786205800,409.1000061035156,412,404.0400085449219,404.82000732421875
1994-12-01,786292200,404.82000732421875,404.8800048828125,397.44000244140625,397.6600036621094
1994-12-02,786378600,399.05999755859375,402.17999267578125,395.70001220703125,402.0400085449219
1994-12-05,786637800,402.0400085449219,404.8399963378906,401.1099853515625,402.7099914550781
1994-12-06,786724200,402.7099914550781,405.1400146484375,399.8800048828125,399.9800109863281
1994-12-07,786810600,399.9800109863281,400.82000732421875,395.489990234375,395.75
1994-12-08,786897000,395.75,398.25,385.57000732421875,386.29998779296875
1994-12-09,786983400,386.29998779296875,389.239990234375,379.9599914550781,388.6300048828125
1994-12-12,787242600,388.6300048828125,391,381.4700012207031,388.8800048828125
1994-12-13,787329000,388.8800048828125,390.30999755859375,387.239990234375,387.5299987792969
1994-12-14,787415400,387.5299987792969,393.2200012207031,386.510009765625,391.6499938964844
1994-12-15,787501800,391.6499938964844,395.95001220703125,391.6499938964844,393.70001220703125
1994-12-16,787588200,393.70001220703125,394.9200134277344,391.7699890136719,392.010009765625
1994-12-19,787847400,392.010009765625,392.6199951171875,389.7699890136719,390.4200134277344
1994-12-20,787933800,390.4200134277344,393.9599914550781,388.04998779296875,390.6099853515625
1994-12-21,788020200,390.6099853515625,397.94000244140625,390.6099853515625,397.79998779296875
1994-12-22,788106600,397.79998779296875,400.3699951171875,397.79998779296875,399.79998779296875
1994-12-23,788193000,399.79998779296875,403.0899963378906,399.32000732421875,401.1499938964844
1994-12-27,788538600,401.1499938964844,404.94000244140625,401.1499938964844,404.0299987792969
1994-12-28,788625000,404.0299987792969,404.5400085449219,398.7900085449219,400.260009765625
1994-12-29,788711400,400.260009765625,406.5299987792969,400.260009765625,406.30999755859375
1994-12-30,788797800,406.30999755859375,406.5,402.2900085449219,404.2699890136719
1995-01-03,789143400,404.2699890136719,404.2699890136719,397.55999755859375,398
1995-01-04,789229800,398,400.4100036621094,394.5899963378906,399.6499938964844
1995-01-05,789316200,399.6499938964844,402.0400085449219,397.8399963378906,398.0199890136719
1995-01-06,789402600,398.0199890136719,403.0299987792969,398.0199890136719,401.5899963378906
1995-01-09,789661800,401.5899963378906,403.989990234375,400.9100036621094,403.5299987792969
1995-01-10,789748200,403.5299987792969,410.55999755859375,403.5299987792969,407.57000732421875
1995-01-11,789834600,407.57000732421875,410.45001220703125,402.7099914550781,407.1000061035156
1995-01-12,789921000,407.1000061035156,408.32000732421875,405.8500061035156,407.32000732421875
1995-01-13,790007400,407.32000732421875,411.1600036621094,407.32000732421875,410.4800109863281
1995-01-16,790266600,410.4800109863281,415.5,409.8699951171875,413.6499938964844
1995-01-17,790353000,413.6499938964844,418.6600036621094,413.6499938964844,416.8900146484375
1995-01-18,790439400,416.8900146484375,419.9800109863281,416.010009765625,419.260009765625
1995-01-19,790525800,419.260009765625,419.260009765625,416.54998779296875,417.8299865722656
1995-01-20,790612200,417.8299865722656,417.95001220703125,408.7300109863281,410.1300048828125
1995-01-23,790871400,410.1300048828125,412.07000732421875,404.57000732421875,411.8900146484375
1995-01-24,790957800,411.8900146484375,414.0400085449219,410.80999755859375,413.6000061035156
1995-01-25,791044200,413.6000061035156,414.0199890136719,407.7300109863281,410.8699951171875
1995-01-26,791130600,410.8699951171875,411.7300109863281,406.19000244140625,406.5
1995-01-27,791217000,406.5,409.1400146484375,405.3800048828125,407.2200012207031
1995-01-30,791476200,407.2200012207031,408.3900146484375,401.32000732421875,401.7099914550781
1995-01-31,791562600,401.7099914550781,406.05999755859375,401.0799865722656,405.3299865722656
1995-02-01,791649000,405.3299865722656,411.3800048828125,405.3299865722656,407.05999755859375
1995-02-02,791735400,407.05999755859375,411.2799987792969,406.3399963378906,411.1499938964844
1995-02-03,791821800,411.1499938964844,419.010009765625,411.1499938964844,416.1400146484375
1995-02-06,792081000,416.1400146484375,421.2900085449219,416.1400146484375,420.92999267578125
1995-02-07,792167400,420.92999267578125,422.17999267578125,418.489990234375,420.57000732421875
1995-02-08,792253800,420.7900085449219,426.20001220703125,420.7900085449219,425.6600036621094
1995-02-09,792340200,425.6600036621094,429.7900085449219,425.6600036621094,426.42999267578125
1995-02-10,792426600,426.42999267578125,431.29998779296875,426.42999267578125,430.7699890136719
1995-02-13,792685800,430.7699890136719,432.3699951171875,428.5299987792969,428.7699890136719
1995-02-14,792772200,428.7699890136719,431.05999755859375,428.239990234375,429.80999755859375
1995-02-15,792858600,429.8599853515625,433.44000244140625,428,432.489990234375
1995-02-16,792945000,432.489990234375,433.1600036621094,428.6099853515625,430.8599853515625
1995-02-17,793031400,430.8599853515625,430.8599853515625,425.3299865722656,425.6600036621094
1995-02-21,793377000,425.6600036621094,427.0299987792969,423.92999267578125,424.82000732421875
1995-02-22,793463400,424.82000732421875,429.92999267578125,423.1199951171875,429.2099914550781
1995-02-23,793549800,429.20001220703125,435.20001220703125,429.20001220703125,431.0299987792969
1995-02-24,793636200,431.0299987792969,431.0299987792969,426.57000732421875,428.4200134277344
1995-02-27,793895400,428.4200134277344,430.6700134277344,424.0400085449219,424.75
1995-02-28,793981800,424.75,432.9100036621094,424.7099914550781,432.5
1995-03-01,794068200,432.5,435.2200012207031,429.79998779296875,429.79998779296875
1995-03-02,794154600,429.79998779296875,431.7200012207031,429.04998779296875,431.67999267578125
1995-03-03,794241000,431.67999267578125,436.8900146484375,429.3399963378906,436.67999267578125
1995-03-06,794500200,436.67999267578125,437.25,430.4100036621094,437.239990234375
1995-03-07,794586600,437.239990234375,437.82000732421875,431.1300048828125,432.1199951171875
1995-03-08,794673000,432.1199951171875,437.010009765625,432.1199951171875,437.010009765625
1995-03-09,794759400,437.010009765625,438.489990234375,433.1199951171875,437.0199890136719
1995-03-10,794845800,437.0199890136719,441.760009765625,436.010009765625,441.760009765625
1995-03-13,795105000,441.75,443.94000244140625,440.2900085449219,440.82000732421875
1995-03-14,795191400,440.80999755859375,447.510009765625,440.80999755859375,446.2699890136719
1995-03-15,795277800,446.2699890136719,446.55999755859375,442.30999755859375,443.57000732421875
1995-03-16,795364200,443.57000732421875,445.80999755859375,442.95001220703125,444.67999267578125
1995-03-17,795450600,444.67999267578125,447.75,442.7099914550781,443.94000244140625
1995-03-20,795709800,443.94000244140625,447.6700134277344,442.8299865722656,446.6099853515625
1995-03-21,795796200,446.6099853515625,451.1600036621094,445.989990234375,447.1300048828125
1995-03-22,795882600,447.1300048828125,447.42999267578125,444.19000244140625,447.1300048828125
1995-03-23,795969000,447.1300048828125,452.0400085449219,446.739990234375,448.82000732421875
1995-03-24,796055400,448.82000732421875,455.45001220703125,448.82000732421875,455.42999267578125
1995-03-27,796314600,455.42999267578125,457.9800109863281,453.32000732421875,457.1199951171875
1995-03-28,796401000,457.1199951171875,460.6300048828125,456.3299865722656,460.5400085449219
1995-03-29,796487400,460.5400085449219,462.989990234375,449.42999267578125,451.8699951171875
1995-03-30,796573800,451.8699951171875,454.67999267578125,442.69000244140625,448.4200134277344
1995-03-31,796660200,448.3599853515625,448.54998779296875,439.2200012207031,447.1499938964844
1995-04-03,796915800,447.1499938964844,448.80999755859375,442.29998779296875,448.489990234375
1995-04-04,797002200,448.489990234375,450.8999938964844,441.5299987792969,441.8599853515625
1995-04-05,797088600,441.8599853515625,444.6600036621094,438.3800048828125,444.6600036621094
1995-04-06,797175000,444.6600036621094,445.8800048828125,439.9100036621094,439.9200134277344
1995-04-07,797261400,440.3299865722656,444.05999755859375,438.8500061035156,444.010009765625
1995-04-10,797520600,444.010009765625,449.6400146484375,442.5799865722656,449.3599853515625
1995-04-11,797607000,449.3599853515625,454.4100036621094,449.3599853515625,453.3299865722656
1995-04-12,797693400,453.3299865722656,457.0199890136719,452.010009765625,456.9800109863281
1995-04-13,797779800,456.9800109863281,459.6099853515625,456.2300109863281,458.92999267578125
1995-04-17,798125400,458.92999267578125,466.7900085449219,456.739990234375,457.05999755859375
1995-04-18,798211800,457.05999755859375,461.3999938964844,452.7900085449219,453.42999267578125
1995-04-19,798298200,453.4800109863281,453.4800109863281,442.7099914550781,447.05999755859375
1995-04-20,798384600,447.1700134277344,449.80999755859375,444.2099914550781,449.010009765625
1995-04-21,798471000,449.010009765625,451.9100036621094,449.010009765625,451.3399963378906
1995-04-24,798730200,451.3399963378906,457.19000244140625,448.92999267578125,456.4100036621094
1995-04-25,798816600,456.42999267578125,461.0199890136719,456.42999267578125,459.1000061035156
1995-04-26,798903000,459.1000061035156,463.0299987792969,456.1600036621094,463.0299987792969
1995-04-27,798989400,463.0299987792969,468.8900146484375,462.5899963378906,465.3399963378906
1995-04-28,799075800,465.3399963378906,470.489990234375,463.69000244140625,469.55999755859375
1995-05-01,799335000,469.55999755859375,472.4700012207031,466.04998779296875,466.04998779296875
1995-05-02,799421400,466.04998779296875,467.5400085449219,463.3800048828125,465.3800048828125
1995-05-03,799507800,465.3800048828125,474.92999267578125,465.3800048828125,474.92999267578125
1995-05-04,799594200,474.92999267578125,484.1300048828125,473.4700012207031,474.1000061035156
1995-05-05,799680600,474.1000061035156,478.2699890136719,470.29998779296875,470.29998779296875
1995-05-08,799939800,470.29998779296875,478.19000244140625,469.7099914550781,476.7799987792969
1995-05-09,800026200,476.7799987792969,479.489990234375,471.8299865722656,476
1995-05-10,800112600,476,479.1300048828125,471.6300048828125,472.8800048828125
1995-05-11,800199000,472.8699951171875,479.57000732421875,470.7200012207031,479.57000732421875
1995-05-12,800285400,479.57000732421875,486.2300109863281,477.92999267578125,483.19000244140625
1995-05-15,800544600,483.19000244140625,486.9700012207031,481.2200012207031,486.3399963378906
1995-05-16,800631000,486.3399963378906,492.4700012207031,485.510009765625,491.0400085449219
1995-05-17,800717400,491.0400085449219,497.7799987792969,491.0400085449219,494.69000244140625
1995-05-18,800803800,494.69000244140625,498.92999267578125,488.0199890136719,488.0199890136719
1995-05-19,800890200,488.0199890136719,490.3299865722656,484.67999267578125,489.8699951171875
1995-05-22,801149400,489.7699890136719,495.8500061035156,489.55999755859375,495.0899963378906
1995-05-23,801235800,495.0899963378906,503.1199951171875,495.0899963378906,503.1199951171875
1995-05-24,801322200,503.1199951171875,509.239990234375,498,500.5
1995-05-25,801408600,500.5,502.1600036621094,495.1499938964844,501.6600036621094
1995-05-26,801495000,501.6600036621094,501.6600036621094,494.42999267578125,496.05999755859375
1995-05-30,801840600,496.05999755859375,498.1499938964844,481.2099914550781,482.0799865722656
1995-05-31,801927000,482.0799865722656,488.1000061035156,474.1700134277344,488.1000061035156
1995-06-01,802013400,488.1000061035156,493.6099853515625,487.20001220703125,490.9599914550781
1995-06-02,802099800,490.9599914550781,496.2300109863281,486.07000732421875,492.6499938964844
1995-06-05,802359000,492.6499938964844,502.9200134277344,492.6499938964844,500.80999755859375
1995-06-06,802445400,500.80999755859375,504.05999755859375,495.1199951171875,495.1199951171875
1995-06-07,802531800,495.1199951171875,499.25,493.5799865722656,497.1499938964844
1995-06-08,802618200,497.1499938964844,501.2200012207031,497.1499938964844,500.8599853515625
1995-06-09,802704600,500.8599853515625,502.0799865722656,495.57000732421875,500.4100036621094
1995-06-12,802963800,500.4100036621094,503.8800048828125,499.4100036621094,501.69000244140625
1995-06-13,803050200,501.69000244140625,506.30999755859375,501.69000244140625,505.32000732421875
1995-06-14,803136600,505.32000732421875,507.010009765625,500.760009765625,506.0899963378906
1995-06-15,803223000,506.0899963378906,513.239990234375,506.0899963378906,511.989990234375
1995-06-16,803309400,511.989990234375,518.4199829101562,511.989990234375,517.5700073242188
1995-06-19,803568600,517.5499877929688,530.8900146484375,517.5499877929688,530.530029296875
1995-06-20,803655000,530.530029296875,539.5499877929688,530.530029296875,539.5499877929688
1995-06-21,803741400,539.5499877929688,542.9600219726562,533.3300170898438,535.52001953125
1995-06-22,803827800,535.52001953125,546.1199951171875,535.52001953125,546.0599975585938
1995-06-23,803914200,546.0599975585938,546.5700073242188,541.8400268554688,544.6599731445312
1995-06-26,804173400,544.6599731445312,546.3599853515625,535.8900146484375,536.489990234375
1995-06-27,804259800,536.489990234375,540.47998046875,526.8800048828125,527.8400268554688
1995-06-28,804346200,527.8400268554688,533.52001953125,522.0900268554688,530.6500244140625
1995-06-29,804432600,530.6500244140625,537.969970703125,529.8499755859375,536.2100219726562
1995-06-30,804519000,536.2100219726562,541.6699829101562,536.1099853515625,538.030029296875
1995-07-03,804778200,538.030029296875,540.3300170898438,536.72998046875,538.969970703125
1995-07-05,804951000,538.969970703125,546.3800048828125,538.969970703125,543.3900146484375
1995-07-06,805037400,543.3900146484375,554.0900268554688,543.3900146484375,553.8699951171875
1995-07-07,805123800,553.8599853515625,567.5599975585938,553.280029296875,567.5599975585938
1995-07-10,805383000,567.5599975585938,575.969970703125,567.5,573.5599975585938
1995-07-11,805469400,573.5599975585938,573.5599975585938,563.9299926757812,563.97998046875
1995-07-12,805555800,563.97998046875,580,563.97998046875,579.7100219726562
1995-07-13,805642200,579.7100219726562,591.510009765625,577.4400024414062,583.25
1995-07-14,805728600,583.27001953125,589.97998046875,574.3400268554688,589.8499755859375
1995-07-17,805987800,589.8499755859375,600.010009765625,589.8499755859375,596.9099731445312
1995-07-18,806074200,595.1900024414062,597.1199951171875,578.0900268554688,578.4600219726562
1995-07-19,806160600,578.4600219726562,578.4600219726562,530.4000244140625,547.1199951171875
1995-07-20,806247000,549.8499755859375,554.52001953125,545.5,550.3300170898438
1995-07-21,806333400,550.3300170898438,555.739990234375,547.3200073242188,547.780029296875
1995-07-24,806592600,547.780029296875,563.0599975585938,547.780029296875,562.6400146484375
1995-07-25,806679000,562.6400146484375,575.1199951171875,562.6400146484375,572.7100219726562
1995-07-26,806765400,572.7100219726562,581.4299926757812,572.7100219726562,576.8400268554688
1995-07-27,806851800,576.8400268554688,586.9500122070312,576.8400268554688,584.25
1995-07-28,806938200,584.25,584.25,573.3300170898438,574.1799926757812
1995-07-31,807197400,574.1799926757812,576.5700073242188,564.3300170898438,568.8800048828125
1995-08-01,807283800,568.8800048828125,569.27001953125,554.25,559.2100219726562
1995-08-02,807370200,559.3599853515625,569.030029296875,550.7000122070312,551.5599975585938
1995-08-03,807456600,551.5599975585938,553.5499877929688,541.6400146484375,553.0599975585938
1995-08-04,807543000,553.0599975585938,561.0900268554688,553.0599975585938,560.5800170898438
1995-08-07,807802200,560.5800170898438,566.7000122070312,560.5800170898438,563.6500244140625
1995-08-08,807888600,563.6500244140625,568.6699829101562,563.6500244140625,565.7100219726562
1995-08-09,807975000,565.7100219726562,577.22998046875,565.7100219726562,575.489990234375
1995-08-10,808061400,575.489990234375,577.47998046875,567.8200073242188,569.75
1995-08-11,808147800,569.75,575.6900024414062,568.22998046875,575.6400146484375
1995-08-14,808407000,575.6699829101562,584.760009765625,573.4600219726562,584.72998046875
1995-08-15,808493400,584.72998046875,588.260009765625,579.6300048828125,584.0499877929688
1995-08-16,808579800,584.0399780273438,596.4500122070312,584.0399780273438,596.4299926757812
1995-08-17,808666200,596.4299926757812,600.1500244140625,593.1300048828125,596.280029296875
1995-08-18,808752600,596.280029296875,601.6500244140625,594.02001953125,595.52001953125
1995-08-21,809011800,595.52001953125,598.72998046875,578.8900146484375,578.8900146484375
1995-08-22,809098200,578.8900146484375,589.5499877929688,576.9000244140625,589.25
1995-08-23,809184600,589.25,593.3200073242188,587.0499877929688,591.3200073242188
1995-08-24,809271000,591.3200073242188,591.6400146484375,580.22998046875,583.1599731445312
1995-08-25,809357400,583.1599731445312,584.7899780273438,579.969970703125,580.0999755859375
1995-08-28,809616600,580.0999755859375,581.6199951171875,565.8499755859375,566.0499877929688
1995-08-29,809703000,566.0499877929688,566.8200073242188,549.1199951171875,566.8200073242188
1995-08-30,809789400,566.8200073242188,574.489990234375,566.6599731445312,572.8300170898438
1995-08-31,809875800,572.8499755859375,580.030029296875,572.8499755859375,576.77001953125
1995-09-01,809962200,576.77001953125,576.8599853515625,572.1599731445312,573.2100219726562
1995-09-05,810307800,573.2100219726562,595.3599853515625,573.2100219726562,595.3599853515625
1995-09-06,810394200,595.3599853515625,601.1500244140625,593.8599853515625,594.1199951171875
1995-09-07,810480600,597.1599731445312,604.3900146484375,597.0499877929688,599.1400146484375
1995-09-08,810567000,599.1400146484375,604.27001953125,593.9000244140625,604.27001953125
1995-09-11,810826200,604.27001953125,612.5599975585938,604.27001953125,609.75
1995-09-12,810912600,610.0800170898438,613.780029296875,605.9000244140625,605.989990234375
1995-09-13,810999000,605.989990234375,611.0499877929688,603.1699829101562,607.7000122070312
1995-09-14,811085400,607.7000122070312,610,603.739990234375,604.1199951171875
1995-09-15,811171800,604.1199951171875,604.1199951171875,586.27001953125,589.010009765625
1995-09-18,811431000,589.010009765625,591.75,581.7899780273438,591.1300048828125
1995-09-19,811517400,591.1300048828125,601.8800048828125,589.5700073242188,601.02001953125
1995-09-20,811603800,601.02001953125,608.2100219726562,601.02001953125,603.1900024414062
1995-09-21,811690200,603.1900024414062,603.1900024414062,593.1400146484375,594.8499755859375
1995-09-22,811776600,594.8499755859375,594.8499755859375,586.8400268554688,592.6400146484375
1995-09-25,812035800,592.6400146484375,593.9199829101562,583.5999755859375,587.9299926757812
1995-09-26,812122200,587.9299926757812,595.8300170898438,580.530029296875,580.77001953125
1995-09-27,812208600,580.7000122070312,580.7000122070312,557.260009765625,576.219970703125
1995-09-28,812295000,576.219970703125,595.47998046875,576.219970703125,595.4400024414062
1995-09-29,812381400,595.4400024414062,599.3099975585938,584.9299926757812,585.0800170898438
1995-10-02,812640600,585.0800170898438,587.9000244140625,573.1699829101562,573.8699951171875
1995-10-03,812727000,573.8699951171875,575.8099975585938,563.9500122070312,573.1599731445312
1995-10-04,812813400,573.1599731445312,573.1599731445312,557.4299926757812,558.989990234375
1995-10-05,812899800,558.989990234375,572.760009765625,556.6099853515625,572.75
1995-10-06,812986200,572.75,581.739990234375,566.97998046875,567.4199829101562
1995-10-09,813245400,567.4099731445312,567.4099731445312,543.0399780273438,546.9299926757812
1995-10-10,813331800,546.9299926757812,551.6799926757812,527.8900146484375,550.760009765625
1995-10-11,813418200,550.760009765625,564.6500244140625,550.760009765625,564.3300170898438
1995-10-12,813504600,564.3300170898438,573.489990234375,564.3300170898438,573.0999755859375
1995-10-13,813591000,573.0999755859375,579.6799926757812,569.3499755859375,570
1995-10-16,813850200,570.010009765625,573.9199829101562,567.010009765625,568.4600219726562
1995-10-17,813936600,568.4600219726562,589.4299926757812,568.4600219726562,589.4299926757812
1995-10-18,814023000,589.4299926757812,605.1799926757812,589.4299926757812,597.969970703125
1995-10-19,814109400,597.969970703125,602.5999755859375,591,601.260009765625
1995-10-20,814195800,601.260009765625,601.97998046875,590.1300048828125,591.8800048828125
1995-10-23,814455000,587.8400268554688,594.72998046875,586.010009765625,593.27001953125
1995-10-24,814541400,593.2000122070312,597.5599975585938,593.02001953125,594.22998046875
1995-10-25,814627800,594.22998046875,595.2000122070312,584.3300170898438,584.3300170898438
1995-10-26,814714200,584.3300170898438,588.1300048828125,572.489990234375,582.469970703125
1995-10-27,814800600,582.469970703125,593.530029296875,580.25,593.530029296875
1995-10-30,815063400,593.530029296875,609.3800048828125,593.530029296875,607.0999755859375
1995-10-31,815149800,607.0999755859375,613,598.77001953125,598.780029296875
1995-11-01,815236200,598.780029296875,603,595.3900146484375,600.9099731445312
1995-11-02,815322600,600.9099731445312,614.7899780273438,600.6500244140625,614.6900024414062
1995-11-03,815409000,614.6900024414062,621.7100219726562,612.0900268554688,621.7100219726562
1995-11-06,815668200,621.7100219726562,623.530029296875,615.6599731445312,615.719970703125
1995-11-07,815754600,615.719970703125,615.719970703125,591.2000122070312,596.22998046875
1995-11-08,815841000,596.2000122070312,606.4000244140625,594.75,598.719970703125
1995-11-09,815927400,598.719970703125,617.02001953125,598.719970703125,616.9500122070312
1995-11-10,816013800,616.9500122070312,621,611.6400146484375,613.6099853515625
1995-11-13,816273000,613.6099853515625,616.1599731445312,607.1500244140625,608.3200073242188
1995-11-14,816359400,608.3200073242188,608.5,591.5999755859375,591.6799926757812
1995-11-15,816445800,591.6799926757812,597.0700073242188,582.4099731445312,593.47998046875
1995-11-16,816532200,593.47998046875,597.72998046875,586.9400024414062,591.7000122070312
1995-11-17,816618600,591.7000122070312,594.25,587.4000244140625,588.8099975585938
1995-11-20,816877800,588.8099975585938,593.72998046875,571.6699829101562,571.6699829101562
1995-11-21,816964200,571.6699829101562,576.219970703125,562.5,574.219970703125
1995-11-22,817050600,574.219970703125,580,568.989990234375,569.0399780273438
1995-11-24,817223400,569.0399780273438,578.3499755859375,569.0399780273438,578.3200073242188
1995-11-27,817482600,578.3200073242188,585.8800048828125,573.9099731445312,573.9099731445312
1995-11-28,817569000,573.9099731445312,598.0700073242188,573.9099731445312,598
1995-11-29,817655400,598,604.7899780273438,593.1799926757812,599.5800170898438
1995-11-30,817741800,599.5800170898438,602.2899780273438,593.52001953125,593.719970703125
1995-12-01,817828200,593.719970703125,595.77001953125,586.1799926757812,587.02001953125
1995-12-04,818087400,586.9299926757812,604.1300048828125,586.9299926757812,598
1995-12-05,818173800,598,600.3499755859375,588.9099731445312,591.22998046875
1995-12-06,818260200,591.22998046875,595.5800170898438,582.3300170898438,589.97998046875
1995-12-07,818346600,589.97998046875,592.6300048828125,579.760009765625,587.1300048828125
1995-12-08,818433000,587.1300048828125,599.5800170898438,586.75,599.3800048828125
1995-12-11,818692200,599.3800048828125,602.3900146484375,596.0999755859375,596.1099853515625
1995-12-12,818778600,596.1099853515625,597.3499755859375,584.530029296875,585.0399780273438
1995-12-13,818865000,585.0399780273438,590.6900024414062,583.9099731445312,587.5399780273438
1995-12-14,818951400,587.5399780273438,590.1400146484375,566.27001953125,566.2899780273438
1995-12-15,819037800,566.2899780273438,571.0599975585938,560.3499755859375,563.280029296875
1995-12-18,819297000,563.280029296875,563.280029296875,540.969970703125,548.0399780273438
1995-12-19,819383400,548.0399780273438,575.02001953125,548.0399780273438,575.010009765625
1995-12-20,819469800,575.010009765625,581.0700073242188,565.0800170898438,565.1500244140625
1995-12-21,819556200,565.1500244140625,580.760009765625,565.1500244140625,580.760009765625
1995-12-22,819642600,580.760009765625,585.4400024414062,580.739990234375,585.1799926757812
1995-12-26,819988200,585.1799926757812,586.5800170898438,582.5900268554688,585.0900268554688
1995-12-27,820074600,585.0900268554688,587.8099975585938,580.010009765625,580.3699951171875
1995-12-28,820161000,580.3699951171875,580.3699951171875,571.0499877929688,571.9600219726562
1995-12-29,820247400,571.9600219726562,577.0800170898438,569.4500122070312,576.22998046875
1996-01-02,820593000,576.22998046875,586.2899780273438,573.8900146484375,585.9400024414062
1996-01-03,820679400,585.9400024414062,586.3200073242188,571.4199829101562,572.2899780273438
1996-01-04,820765800,572.2899780273438,575.5999755859375,552.6900024414062,563.47998046875
1996-01-05,820852200,563.47998046875,568.8499755859375,552.1799926757812,565.1400146484375
1996-01-08,821111400,565.1400146484375,568.22998046875,562.219970703125,563.1500244140625
1996-01-09,821197800,562.4199829101562,562.47998046875,533.510009765625,534.4199829101562
1996-01-10,821284200,534.4199829101562,545.1900024414062,527.219970703125,535.2899780273438
1996-01-11,821370600,535.2899780273438,555.219970703125,535.2899780273438,555.2000122070312
1996-01-12,821457000,555.2000122070312,558.9600219726562,546.7100219726562,552.7100219726562
1996-01-15,821716200,552.75,554.3599853515625,533.6500244140625,534.4400024414062
1996-01-16,821802600,534.4400024414062,546.469970703125,526.7999877929688,546.0499877929688
1996-01-17,821889000,546.0499877929688,555.7000122070312,534.8699951171875,545.510009765625
1996-01-18,821975400,545.510009765625,555.239990234375,545.510009765625,554.3200073242188
1996-01-19,822061800,554.3200073242188,566.1199951171875,554.280029296875,564.6400146484375
1996-01-22,822321000,564.6400146484375,572.010009765625,563.6799926757812,571.25
1996-01-23,822407400,571.25,572.9199829101562,566.9199829101562,567.3499755859375
1996-01-24,822493800,567.3499755859375,582.2899780273438,567.3499755859375,582.1400146484375
1996-01-25,822580200,582.1400146484375,584.5599975585938,571.52001953125,572.260009765625
1996-01-26,822666600,572.260009765625,577.0499877929688,568.3300170898438,577.0499877929688
1996-01-29,822925800,577.0499877929688,580.47998046875,574.4500122070312,576.22998046875
1996-01-30,823012200,576.22998046875,585.260009765625,576.22998046875,583.989990234375
1996-01-31,823098600,583.989990234375,591.8400268554688,580.4299926757812,591.8200073242188
1996-02-01,823185000,591.8200073242188,601.8800048828125,589.010009765625,601.8800048828125
1996-02-02,823271400,601.8800048828125,606.5999755859375,599.3599853515625,601.4199829101562
1996-02-05,823530600,601.5,615.469970703125,600.6699829101562,615.469970703125
1996-02-06,823617000,615.469970703125,621.6500244140625,614.8699951171875,619.2000122070312
1996-02-07,823703400,619.1699829101562,619.3300170898438,610.3499755859375,615.0700073242188
1996-02-08,823789800,615.0700073242188,625.22998046875,610.0999755859375,623.7999877929688
1996-02-09,823876200,623.7999877929688,629.4000244140625,620.0800170898438,623.010009765625
1996-02-12,824135400,623.010009765625,629.010009765625,623.010009765625,625.2899780273438
1996-02-13,824221800,625.2999877929688,626.510009765625,612.0399780273438,618.5399780273438
1996-02-14,824308200,618.5399780273438,623.6300048828125,613.25,617.5900268554688
1996-02-15,824394600,617.5900268554688,621.77001953125,615.5499877929688,620.22998046875
1996-02-16,824481000,620.22998046875,623.2899780273438,614.9099731445312,619.0399780273438
1996-02-20,824826600,619.0399780273438,621.9000244140625,611.72998046875,616.8300170898438
1996-02-21,824913000,616.8300170898438,627.5599975585938,616.8300170898438,627.280029296875
1996-02-22,824999400,627.280029296875,644.2100219726562,627.280029296875,643.4099731445312
1996-02-23,825085800,643.4099731445312,647.3400268554688,634.5999755859375,642.5900268554688
1996-02-26,825345000,642.5900268554688,645.239990234375,636.5599975585938,637.9199829101562
1996-02-27,825431400,637.9199829101562,640.5700073242188,628.4500122070312,631.0999755859375
1996-02-28,825517800,631.0999755859375,638.7899780273438,629.9000244140625,631.4400024414062
1996-02-29,825604200,631.4400024414062,631.4400024414062,620.8800048828125,622.8300170898438
1996-03-01,825690600,622.8300170898438,622.8300170898438,601.0399780273438,604.760009765625
1996-03-04,825949800,604.760009765625,609.8400268554688,600.0800170898438,601.5
1996-03-05,826036200,601.5,616.0599975585938,600.4600219726562,615.8800048828125
1996-03-06,826122600,615.8800048828125,617.219970703125,607.7999877929688,607.8400268554688
1996-03-07,826209000,607.8400268554688,612.52001953125,606.2899780273438,609.5499877929688
1996-03-08,826295400,609.5499877929688,609.5499877929688,585.3300170898438,591.7100219726562
1996-03-11,826554600,591.7100219726562,605.6199951171875,591.7100219726562,605.47998046875
1996-03-12,826641000,605.47998046875,605.47998046875,592.5999755859375,599.02001953125
1996-03-13,826727400,599.02001953125,615.8900146484375,599.02001953125,614.75
1996-03-14,826813800,614.75,619.030029296875,610.5499877929688,610.5599975585938
1996-03-15,826900200,610.5599975585938,622.6799926757812,610.5599975585938,621.7100219726562
1996-03-18,827159400,621.7100219726562,633.4400024414062,621.7100219726562,633.260009765625
1996-03-19,827245800,633.260009765625,637.9199829101562,626.8300170898438,629.3900146484375
1996-03-20,827332200,629.3900146484375,629.3900146484375,613.4400024414062,615.260009765625
1996-03-21,827418600,615.260009765625,617.5499877929688,610.47998046875,611.510009765625
1996-03-22,827505000,611.510009765625,615.3699951171875,605.8699951171875,612.8800048828125
1996-03-25,827764200,612.8800048828125,617.75,597.8200073242188,597.8200073242188
1996-03-26,827850600,597.8200073242188,604.75,591.3499755859375,602.0800170898438
1996-03-27,827937000,602.0800170898438,612.6099853515625,602.0800170898438,608.0599975585938
1996-03-28,828023400,608.0599975585938,611.739990234375,602.8900146484375,608.0800170898438
1996-03-29,828109800,608.0800170898438,614.77001953125,608.0800170898438,609.6900024414062
1996-04-01,828369000,609.6900024414062,615.1799926757812,609.6900024414062,612.989990234375
1996-04-02,828455400,612.989990234375,616.02001953125,612.4299926757812,615.8099975585938
1996-04-03,828541800,615.8099975585938,618.77001953125,609.9600219726562,618.5700073242188
1996-04-04,828628200,618.5700073242188,620.5900268554688,615.260009765625,618
1996-04-08,828970200,618,618,601.469970703125,610.6099853515625
1996-04-09,829056600,610.6099853515625,618.8400268554688,609.8400268554688,611.0599975585938
1996-04-10,829143000,611.0599975585938,619.9500122070312,608.1599731445312,609.1099853515625
1996-04-11,829229400,609.1099853515625,612.1599731445312,597.4199829101562,604.0700073242188
1996-04-12,829315800,604.0700073242188,607.1599731445312,602.030029296875,605.0499877929688
1996-04-15,829575000,605.0499877929688,611.5499877929688,605.0499877929688,611.0800170898438
1996-04-16,829661400,611.0800170898438,625.989990234375,611.0800170898438,625.9400024414062
1996-04-17,829747800,625.9299926757812,627.3800048828125,618.3900146484375,620.7100219726562
1996-04-18,829834200,620.7100219726562,648.1500244140625,620.7100219726562,633.4400024414062
1996-04-19,829920600,633.4400024414062,638.719970703125,632.1500244140625,633.010009765625
1996-04-22,830179800,633.010009765625,644.4000244140625,633.010009765625,644.2899780273438
1996-04-23,830266200,644.2899780273438,654.6300048828125,643.02001953125,654.489990234375
1996-04-24,830352600,654.489990234375,664.010009765625,654.489990234375,664.010009765625
1996-04-25,830439000,664.010009765625,666.8400268554688,657.989990234375,666.6799926757812
1996-04-26,830525400,666.6799926757812,669.739990234375,664.47998046875,666.6500244140625
1996-04-29,830784600,666.6500244140625,668.3099975585938,663.9600219726562,667
1996-04-30,830871000,667,667.0399780273438,662.7899780273438,666.72998046875
1996-05-01,830957400,666.72998046875,673.8800048828125,665.3400268554688,673.3599853515625
1996-05-02,831043800,673.3599853515625,673.5499877929688,656.6199951171875,656.72998046875
1996-05-03,831130200,656.72998046875,670.239990234375,656.72998046875,661.0700073242188
1996-05-06,831389400,661.0700073242188,665.0700073242188,655.9500122070312,662.9299926757812
1996-05-07,831475800,662.9299926757812,665.5999755859375,658.6099853515625,660.8200073242188
1996-05-08,831562200,660.8200073242188,663.530029296875,646.02001953125,663.530029296875
1996-05-09,831648600,663.4299926757812,666.6900024414062,660.5499877929688,662.5399780273438
1996-05-10,831735000,662.5399780273438,672.5900268554688,662.5399780273438,672.5399780273438
1996-05-13,831994200,672.5399780273438,688.760009765625,672.5399780273438,688.52001953125
1996-05-14,832080600,688.52001953125,697.489990234375,688.52001953125,695.4299926757812
1996-05-15,832167000,695.4299926757812,700.6500244140625,690.1400146484375,690.1599731445312
1996-05-16,832253400,690.1500244140625,695.27001953125,683.9500122070312,695.25
1996-05-17,832339800,695.25,699.5499877929688,690.8099975585938,690.8099975585938
1996-05-20,832599000,690.8099975585938,696.8300170898438,690.8099975585938,693.27001953125
1996-05-21,832685400,693.27001953125,696.510009765625,687.8599853515625,687.8599853515625
1996-05-22,832771800,687.8599853515625,691.0800170898438,684.1599731445312,688.4299926757812
1996-05-23,832858200,688.4299926757812,695.3599853515625,687.4500122070312,692.0900268554688
1996-05-24,832944600,692.0900268554688,693.8499755859375,688.739990234375,688.9099731445312
1996-05-28,833290200,688.9099731445312,692.4299926757812,683.8499755859375,685.0700073242188
1996-05-29,833376600,685.0700073242188,686.72998046875,674.6500244140625,677.0900268554688
1996-05-30,833463000,677.0900268554688,685.510009765625,675.030029296875,684.0399780273438
1996-05-31,833549400,684.0399780273438,694.27001953125,684.0399780273438,692.3900146484375
1996-06-03,833808600,692.3900146484375,693.9600219726562,687.0399780273438,689.25
1996-06-04,833895000,689.25,693.739990234375,687.719970703125,692.5900268554688
1996-06-05,833981400,692.5900268554688,700.2999877929688,689.6699829101562,699.3499755859375
1996-06-06,834067800,699.3499755859375,704.0900268554688,687.010009765625,687.010009765625
1996-06-07,834154200,687.010009765625,691.5399780273438,673.3200073242188,691.4600219726562
1996-06-10,834413400,691.4600219726562,693.3499755859375,687.77001953125,688.8400268554688
1996-06-11,834499800,688.8400268554688,696.5700073242188,688.8400268554688,690.9400024414062
1996-06-12,834586200,690.9400024414062,702.1400146484375,690.9400024414062,697.1599731445312
1996-06-13,834672600,697.1599731445312,698.3200073242188,686.510009765625,691.8400268554688
1996-06-14,834759000,691.8400268554688,691.8400268554688,681.0700073242188,681.1300048828125
1996-06-17,835018200,681.1400146484375,684.260009765625,676.8400268554688,678.4400024414062
1996-06-18,835104600,678.4400024414062,680.1599731445312,665.280029296875,666.0700073242188
1996-06-19,835191000,666.0700073242188,673.75,665.260009765625,667.719970703125
1996-06-20,835277400,667.7100219726562,671.75,648.9299926757812,664.4500122070312
1996-06-21,835363800,664.5,673.3900146484375,664.5,672.530029296875
1996-06-24,835623000,672.530029296875,680.6199951171875,671.1799926757812,677.1699829101562
1996-06-25,835709400,677.1699829101562,678.5499877929688,667.6799926757812,668.0399780273438
1996-06-26,835795800,668.0399780273438,669.0599975585938,651.719970703125,659.6900024414062
1996-06-27,835882200,659.6900024414062,671.47998046875,654.5900268554688,671.1500244140625
1996-06-28,835968600,671.1500244140625,681.6900024414062,671.1500244140625,677.2999877929688
1996-07-01,836227800,677.4000244140625,687.9500122070312,677.3300170898438,687.0700073242188
1996-07-02,836314200,687.0700073242188,687.0700073242188,680.1400146484375,680.1699829101562
1996-07-03,836400600,680.1699829101562,680.7100219726562,673.2999877929688,673.8400268554688
1996-07-05,836573400,673.8400268554688,673.8400268554688,657.6799926757812,657.6799926757812
1996-07-08,836832600,657.6799926757812,665.1199951171875,655.52001953125,656
1996-07-09,836919000,656,664.2000122070312,656,660.760009765625
1996-07-10,837005400,660.760009765625,660.760009765625,649.3300170898438,657.4500122070312
1996-07-11,837091800,657.4500122070312,657.4500122070312,625.4400024414062,635.780029296875
1996-07-12,837178200,635.780029296875,642.8599853515625,625.0900268554688,635.0599975585938
1996-07-15,837437400,635.0599975585938,635.0599975585938,606.0700073242188,606.8900146484375
1996-07-16,837523800,606.8900146484375,615.8200073242188,572.7899780273438,614.25
1996-07-17,837610200,614.25,634.4199829101562,614.25,631.2999877929688
1996-07-18,837696600,631.2999877929688,644.1099853515625,628.1699829101562,643.739990234375
1996-07-19,837783000,643.75,643.75,627.9400024414062,633.0499877929688
1996-07-22,838042200,633.0499877929688,633.0499877929688,618.9199829101562,624.030029296875
1996-07-23,838128600,624.030029296875,627.5999755859375,595.7999877929688,598.3400268554688
1996-07-24,838215000,598.3300170898438,609.8599853515625,577.8099975585938,605.0499877929688
1996-07-25,838301400,605.0499877929688,620.5499877929688,605.0499877929688,620.3900146484375
1996-07-26,838387800,620.3900146484375,633.6799926757812,620.3900146484375,633.3900146484375
1996-07-29,838647000,633.3900146484375,637.0499877929688,620.4199829101562,620.510009765625
1996-07-30,838733400,620.510009765625,630.4000244140625,617.6799926757812,630.3200073242188
1996-07-31,838819800,630.3200073242188,640.2000122070312,628.2999877929688,636.010009765625
1996-08-01,838906200,636.010009765625,651.9000244140625,635.3599853515625,651.0700073242188
1996-08-02,838992600,651.0700073242188,670.5900268554688,651.0700073242188,667.8400268554688
1996-08-05,839251800,667.8400268554688,670.97998046875,660,661.02001953125
1996-08-06,839338200,661.02001953125,671.739990234375,655.27001953125,671.6900024414062
1996-08-07,839424600,671.6900024414062,682.47998046875,668.6300048828125,682.3699951171875
1996-08-08,839511000,682.3300170898438,682.3300170898438,676.3400268554688,677.52001953125
1996-08-09,839597400,677.52001953125,682.27001953125,671.4400024414062,678.3099975585938
1996-08-12,839856600,678.3099975585938,681.9199829101562,670.3900146484375,679.3900146484375
1996-08-13,839943000,679.3900146484375,679.3900146484375,666.5700073242188,669.0999755859375
1996-08-14,840029400,669.0999755859375,678.3699951171875,669.0999755859375,677.1699829101562
1996-08-15,840115800,677.1699829101562,680.6500244140625,673.989990234375,677.0900268554688
1996-08-16,840202200,677.0900268554688,680.739990234375,671.9199829101562,672.280029296875
1996-08-19,840461400,672.280029296875,673,660.0399780273438,670.25
1996-08-20,840547800,670.25,671.47998046875,662.72998046875,662.8699951171875
1996-08-21,840634200,662.8699951171875,670.4099731445312,658.469970703125,667.4199829101562
1996-08-22,840720600,667.4199829101562,681.6300048828125,667.4199829101562,681.6300048828125
1996-08-23,840807000,681.6300048828125,685.1500244140625,677.1900024414062,677.5700073242188
1996-08-26,841066200,677.5700073242188,678.47998046875,671.6900024414062,672.9199829101562
1996-08-27,841152600,672.8599853515625,679.0800170898438,672.8599853515625,679.0499877929688
1996-08-28,841239000,679.0499877929688,681.4099731445312,676.7999877929688,679.6699829101562
1996-08-29,841325400,679.6699829101562,679.6699829101562,670.3400268554688,671.0999755859375
1996-08-30,841411800,671.0999755859375,672.8599853515625,663.1699829101562,663.5700073242188
1996-09-03,841757400,663.5700073242188,669.4099731445312,650.47998046875,669.2899780273438
1996-09-04,841843800,669.2899780273438,672.3400268554688,666.25,669.2000122070312
1996-09-05,841930200,669.2000122070312,669.2000122070312,652.2899780273438,652.3200073242188
1996-09-06,842016600,652.3200073242188,666.8800048828125,652.3200073242188,664.219970703125
1996-09-09,842275800,664.219970703125,672.0900268554688,663.530029296875,671.97998046875
1996-09-10,842362200,671.97998046875,674.4500122070312,666.0499877929688,671.6500244140625
1996-09-11,842448600,671.6500244140625,676.5,666.030029296875,675.1199951171875
1996-09-12,842535000,675.1199951171875,687.4000244140625,674.72998046875,685.6500244140625
1996-09-13,842621400,685.6500244140625,707.9099731445312,685.6500244140625,707.8599853515625
1996-09-16,842880600,707.8599853515625,715.8499755859375,706.6500244140625,709.219970703125
1996-09-17,842967000,709.219970703125,724.2000122070312,709.219970703125,722.5
1996-09-18,843053400,722.5,735.6799926757812,716.719970703125,727.6300048828125
1996-09-19,843139800,727.6300048828125,738.4400024414062,725.219970703125,736.760009765625
1996-09-20,843226200,736.760009765625,745.5999755859375,733.1599731445312,743.4199829101562
1996-09-23,843485400,743.4199829101562,743.4199829101562,731.2999877929688,733.4099731445312
1996-09-24,843571800,733.4099731445312,741.3499755859375,731.5900268554688,736.6099853515625
1996-09-25,843658200,736.5900268554688,746.0900268554688,736.5900268554688,745.6900024414062
1996-09-26,843744600,745.72998046875,757.8300170898438,741.5700073242188,744.6099853515625
1996-09-27,843831000,744.6099853515625,747.4299926757812,740.9400024414062,744.72998046875
1996-09-30,844090200,744.72998046875,748.8699951171875,737.1400146484375,737.5700073242188
1996-10-01,844176600,737.5800170898438,739.9600219726562,727.1400146484375,734.5
1996-10-02,844263000,734.5,749.9400024414062,734.5,747.5499877929688
1996-10-03,844349400,747.5499877929688,752.0599975585938,743.280029296875,743.280029296875
1996-10-04,844435800,743.280029296875,759.1300048828125,743.280029296875,759.1199951171875
1996-10-07,844695000,759.1199951171875,765.5800170898438,757.8099975585938,764.8200073242188
1996-10-08,844781400,764.9600219726562,770.739990234375,752.9500122070312,753.239990234375
1996-10-09,844867800,753.239990234375,763.8400268554688,750.1500244140625,753.969970703125
1996-10-10,844954200,753.969970703125,760.0599975585938,749.0999755859375,751.4400024414062
1996-10-11,845040600,751.4400024414062,765.7000122070312,751.4400024414062,765.6400146484375
1996-10-14,845299800,765.6400146484375,772.8499755859375,765.3200073242188,771.989990234375
1996-10-15,845386200,771.989990234375,794.0800170898438,770.3099975585938,775.0800170898438
1996-10-16,845472600,775.0800170898438,775.0800170898438,762.3699951171875,767.6400146484375
1996-10-17,845559000,767.6400146484375,772.9600219726562,755.7999877929688,755.7999877929688
1996-10-18,845645400,755.77001953125,758.489990234375,751.5999755859375,756.8300170898438
1996-10-21,845904600,756.8300170898438,764.6400146484375,743.1500244140625,746.280029296875
1996-10-22,845991000,746.280029296875,746.6599731445312,730.5499877929688,736.6400146484375
1996-10-23,846077400,736.6400146484375,750.5900268554688,732.6300048828125,749.7000122070312
1996-10-24,846163800,749.7000122070312,760.0499877929688,747.260009765625,748.4099731445312
1996-10-25,846250200,748.4099731445312,754.0999755859375,743.3499755859375,743.5499877929688
1996-10-28,846513000,743.5499877929688,753.1900024414062,741.3300170898438,741.6400146484375
1996-10-29,846599400,741.6400146484375,749.0399780273438,730.4500122070312,731.2100219726562
1996-10-30,846685800,731.2100219726562,742.260009765625,731.2100219726562,736.3599853515625
1996-10-31,846772200,736.3599853515625,752.6300048828125,736.3599853515625,751.989990234375
1996-11-01,846858600,751.989990234375,760.1300048828125,748.969970703125,755.510009765625
1996-11-04,847117800,755.510009765625,758.5,751.4500122070312,756.22998046875
1996-11-05,847204200,756.22998046875,774.030029296875,756.22998046875,769.9099731445312
1996-11-06,847290600,769.9000244140625,786.9400024414062,767.0800170898438,786.9000244140625
1996-11-07,847377000,786.9000244140625,800.8699951171875,785.0800170898438,795.4199829101562
1996-11-08,847463400,795.4199829101562,798.8499755859375,787.8200073242188,798.6599731445312
1996-11-11,847722600,798.6599731445312,804.97998046875,795.6699829101562,804.719970703125
1996-11-12,847809000,804.719970703125,810.780029296875,793.030029296875,794.0900268554688
1996-11-13,847895400,794.0900268554688,801.219970703125,790.1099853515625,798.7000122070312
1996-11-14,847981800,798.7000122070312,810.25,795.6199951171875,809.75
1996-11-15,848068200,809.75,814.3099975585938,794.0999755859375,799.4400024414062
1996-11-18,848327400,799.4299926757812,801.0499877929688,787.7100219726562,793.2899780273438
1996-11-19,848413800,793.2899780273438,806.219970703125,791.25,805.780029296875
1996-11-20,848500200,805.780029296875,819.0499877929688,805.0800170898438,808.3900146484375
1996-11-21,848586600,808.3900146484375,812.5900268554688,798.1400146484375,800.469970703125
1996-11-22,848673000,800.469970703125,818.6599731445312,800.469970703125,818.3699951171875
1996-11-25,848932200,818.510009765625,822.22998046875,813.8599853515625,821.239990234375
1996-11-26,849018600,821.239990234375,827.9199829101562,811.6699829101562,825.510009765625
1996-11-27,849105000,825.510009765625,833.1500244140625,823.6799926757812,832.3699951171875
1996-11-29,849277800,832.3699951171875,836.1500244140625,832.3699951171875,834.010009765625
1996-12-02,849537000,834.010009765625,844.6300048828125,827.3099975585938,844.6300048828125
1996-12-03,849623400,844.6300048828125,855.7899780273438,836.3800048828125,837.9099731445312
1996-12-04,849709800,837.9099731445312,842.5800170898438,826.260009765625,834.6500244140625
1996-12-05,849796200,834.6500244140625,840.9000244140625,832.239990234375,835.7999877929688
1996-12-06,849882600,835.7999877929688,836.6599731445312,805.0700073242188,827.2100219726562
1996-12-09,850141800,827.2100219726562,856.6599731445312,827.2100219726562,856.6400146484375
1996-12-10,850228200,856.6400146484375,869.7100219726562,848.9600219726562,848.9600219726562
1996-12-11,850314600,848.9600219726562,858.2000122070312,836.0999755859375,856.3800048828125
1996-12-12,850401000,856.3800048828125,873,843.3499755859375,843.3699951171875
1996-12-13,850487400,843.3699951171875,843.3699951171875,825.489990234375,828.4500122070312
1996-12-16,850746600,828.4500122070312,836.4400024414062,802.9099731445312,804.780029296875
1996-12-17,850833000,804.6199951171875,816.280029296875,798.1300048828125,815.7899780273438
1996-12-18,850919400,815.9199829101562,836.8200073242188,815.9199829101562,836.5399780273438
1996-12-19,851005800,836.5399780273438,846.52001953125,836.5399780273438,843.72998046875
1996-12-20,851092200,843.719970703125,853.1900024414062,832.8499755859375,834.0499877929688
1996-12-23,851351400,834.0499877929688,837.25,821.4299926757812,824.7899780273438
1996-12-24,851437800,824.719970703125,835.4000244140625,822,835.4000244140625
1996-12-26,851610600,835.4000244140625,843.5900268554688,835.4000244140625,842.97998046875
1996-12-27,851697000,842.97998046875,845.0499877929688,835.030029296875,835.4600219726562
1996-12-30,851956200,835.1900024414062,841.3200073242188,826.489990234375,826.489990234375
1996-12-31,852042600,826.489990234375,831.0499877929688,820.3900146484375,821.3599853515625
1997-01-02,852215400,821.3599853515625,825.8699951171875,806.1699829101562,815.5999755859375
1997-01-03,852301800,815.5999755859375,848.1799926757812,815.5999755859375,848.1699829101562
1997-01-06,852561000,848.52001953125,858.1799926757812,844.4299926757812,853.25
1997-01-07,852647400,853.239990234375,864.5499877929688,847.47998046875,864.5499877929688
1997-01-08,852733800,864.5499877929688,867.3699951171875,852.6799926757812,853.0900268554688
1997-01-09,852820200,853.0900268554688,860.1900024414062,852.22998046875,856.9500122070312
1997-01-10,852906600,856.9500122070312,865.5800170898438,846.489990234375,865.5800170898438
1997-01-13,853165800,865.5900268554688,870.6199951171875,861.5499877929688,864.3800048828125
1997-01-14,853252200,864.3699951171875,886.3800048828125,864.3699951171875,881.3800048828125
1997-01-15,853338600,881.3800048828125,883.4199829101562,864.1400146484375,864.2899780273438
1997-01-16,853425000,864.3699951171875,880.52001953125,864.3699951171875,873.6300048828125
1997-01-17,853511400,873.6300048828125,885.72998046875,872.760009765625,883.4400024414062
1997-01-20,853770600,883.4400024414062,903.8499755859375,882.1799926757812,899.780029296875
1997-01-21,853857000,899.75,915.3099975585938,895.719970703125,913.72998046875
1997-01-22,853943400,913.72998046875,925.52001953125,878.219970703125,925.52001953125
1997-01-23,854029800,925.52001953125,938.1099853515625,912.739990234375,912.739990234375
1997-01-24,854116200,912.739990234375,915.469970703125,896.0599975585938,898.3699951171875
1997-01-27,854375400,898.3699951171875,921.4500122070312,888.739990234375,889.8200073242188
1997-01-28,854461800,889.8200073242188,908.3400268554688,884.1699829101562,890.7899780273438
1997-01-29,854548200,890.7899780273438,898.010009765625,884.4299926757812,892.4600219726562
1997-01-30,854634600,892.4600219726562,911.72998046875,892.4600219726562,911.7100219726562
1997-01-31,854721000,911.7100219726562,926.010009765625,911.7100219726562,921.5499877929688
1997-02-03,854980200,921.5499877929688,928.3099975585938,915.1699829101562,918.010009765625
1997-02-04,855066600,918.010009765625,918.4299926757812,902.0599975585938,916.2999877929688
1997-02-05,855153000,916.2999877929688,916.530029296875,875.97998046875,887.3900146484375
1997-02-06,855239400,887.3800048828125,890.8400268554688,877.9600219726562,885.52001953125
1997-02-07,855325800,885.52001953125,901.6400146484375,885.2899780273438,899.8400268554688
1997-02-10,855585000,899.8400268554688,902.8900146484375,871.0999755859375,872.0599975585938
1997-02-11,855671400,872.0599975585938,881.4400024414062,856.0399780273438,871.7100219726562
1997-02-12,855757800,871.7100219726562,900.5,871.7100219726562,900.5
1997-02-13,855844200,900.5,912.280029296875,900.5,907.5399780273438
1997-02-14,855930600,907.52001953125,909.1300048828125,897.219970703125,899.9099731445312
1997-02-18,856276200,899.9099731445312,901.8200073242188,888.47998046875,897.530029296875
1997-02-19,856362600,897.530029296875,903.5999755859375,892.72998046875,897.6500244140625
1997-02-20,856449000,897.719970703125,897.719970703125,878.27001953125,880.280029296875
1997-02-21,856535400,880.25,880.25,862.0800170898438,864.280029296875
1997-02-24,856794600,864.2999877929688,880.6699829101562,853.27001953125,880.260009765625
1997-02-25,856881000,880.260009765625,892.25,874.8800048828125,882.0399780273438
1997-02-26,856967400,882.0399780273438,886.8300170898438,871.6400146484375,880.739990234375
1997-02-27,857053800,880.739990234375,880.739990234375,848.1599731445312,848.5800170898438
1997-02-28,857140200,848.489990234375,858.5,835.8699951171875,850.4600219726562
1997-03-03,857399400,850.4600219726562,857,844.0999755859375,856.0800170898438
1997-03-04,857485800,856.0800170898438,869.0700073242188,856.0800170898438,862.0399780273438
1997-03-05,857572200,862.0399780273438,872.3099975585938,861.9199829101562,872.0700073242188
1997-03-06,857658600,872.0700073242188,874.280029296875,850.989990234375,851.510009765625
1997-03-07,857745000,851.510009765625,857.530029296875,837.010009765625,841.030029296875
1997-03-10,858004200,841.030029296875,854.8400268554688,829.4199829101562,854.8400268554688
1997-03-11,858090600,854.8400268554688,858.5,848.5,848.5
1997-03-12,858177000,848.5,850.6400146484375,835.1699829101562,839.3200073242188
1997-03-13,858263400,839.3200073242188,847.2899780273438,834.4600219726562,840.5
1997-03-14,858349800,840.5,850.1699829101562,838.030029296875,838.97998046875
1997-03-17,858609000,838.969970703125,838.969970703125,816.7000122070312,832.239990234375
1997-03-18,858695400,832.239990234375,850.8699951171875,821.3499755859375,827.5700073242188
1997-03-19,858781800,827.5700073242188,827.5700073242188,798.25,811.7999877929688
1997-03-20,858868200,811.7999877929688,827.02001953125,804.260009765625,821.72998046875
1997-03-21,858954600,821.72998046875,829.4199829101562,811.27001953125,812.72998046875
1997-03-24,859213800,812.72998046875,812.72998046875,784.5399780273438,802.3699951171875
1997-03-25,859300200,802.3699951171875,815.260009765625,799.3300170898438,807.1900024414062
1997-03-26,859386600,807.1900024414062,834.5700073242188,807.1900024414062,834.3800048828125
1997-03-27,859473000,834.3800048828125,843.3499755859375,809.75,818.739990234375
1997-03-31,859818600,818.739990234375,818.739990234375,796.469970703125,797.0599975585938
1997-04-01,859905000,797.0599975585938,820.8300170898438,782.280029296875,796.7899780273438
1997-04-02,859991400,796.7899780273438,797.510009765625,779.3599853515625,783.9199829101562
1997-04-03,860077800,783.9199829101562,804.6699829101562,779.1699829101562,804.6699829101562
1997-04-04,860164200,804.6699829101562,823.9000244140625,796.8099975585938,822.4000244140625
1997-04-07,860419800,822.4000244140625,839.739990234375,822.4000244140625,832.3099975585938
1997-04-08,860506200,832.3099975585938,840.4099731445312,826.239990234375,840.3599853515625
1997-04-09,860592600,840.3599853515625,849.7899780273438,828.3499755859375,828.72998046875
1997-04-10,860679000,828.72998046875,828.72998046875,813.1900024414062,813.4299926757812
1997-04-11,860765400,813.4500122070312,813.4500122070312,789.7999877929688,789.969970703125
1997-04-14,861024600,789.969970703125,806.7999877929688,785.0800170898438,806.7899780273438
1997-04-15,861111000,806.7899780273438,816.5800170898438,789.6400146484375,798
1997-04-16,861197400,797.989990234375,803.0700073242188,787.6300048828125,798.6799926757812
1997-04-17,861283800,798.6500244140625,816.0800170898438,798.6500244140625,808.219970703125
1997-04-18,861370200,808.219970703125,828.3699951171875,808.219970703125,816.4299926757812
1997-04-21,861629400,816.3499755859375,819.7100219726562,799.4299926757812,802.5
1997-04-22,861715800,802.5,818.0800170898438,793.1300048828125,818.0800170898438
1997-04-23,861802200,818.0800170898438,839.1099853515625,817.969970703125,837.969970703125
1997-04-24,861888600,837.969970703125,853.6900024414062,835.1400146484375,837.75
1997-04-25,861975000,837.75,837.75,818.5700073242188,818.5700073242188
1997-04-28,862234200,818.5700073242188,833.47998046875,812.25,829.3900146484375
1997-04-29,862320600,829.3900146484375,856.2899780273438,829.3900146484375,856.260009765625
1997-04-30,862407000,856.260009765625,877.9500122070312,850.9500122070312,874.739990234375
1997-05-01,862493400,874.739990234375,886.47998046875,852.0999755859375,882.1199951171875
1997-05-02,862579800,882.1199951171875,909.5599975585938,882.1199951171875,909.489990234375
1997-05-05,862839000,909.489990234375,932.8900146484375,906.4099731445312,932.8900146484375
1997-05-06,862925400,932.77001953125,932.77001953125,910.3300170898438,914.9000244140625
1997-05-07,863011800,914.9000244140625,923.6500244140625,903.9299926757812,909.2899780273438
1997-05-08,863098200,909.2899780273438,926.0599975585938,903.4099731445312,919.3099975585938
1997-05-09,863184600,919.1500244140625,930.9199829101562,910.3099975585938,919.0800170898438
1997-05-12,863443800,919.1400146484375,927.969970703125,918.0499877929688,924.6400146484375
1997-05-13,863530200,924.6400146484375,926.25,909.260009765625,910.5700073242188
1997-05-14,863616600,910.5700073242188,915.3699951171875,900.239990234375,909.9199829101562
1997-05-15,863703000,909.9199829101562,932.4000244140625,909.72998046875,931.8300170898438
1997-05-16,863789400,931.7899780273438,931.7899780273438,915.1199951171875,915.2899780273438
1997-05-19,864048600,915.2899780273438,928.22998046875,908.719970703125,913.5700073242188
1997-05-20,864135000,913.5700073242188,942.1400146484375,912.8200073242188,942.1099853515625
1997-05-21,864221400,942.1099853515625,961.47998046875,942.1099853515625,950.530029296875
1997-05-22,864307800,950.1699829101562,954.4199829101562,941.6500244140625,946.0999755859375
1997-05-23,864394200,946.1099853515625,959.0999755859375,945.9500122070312,959.0800170898438
1997-05-27,864739800,959.0800170898438,984.9500122070312,956.1099853515625,984.6099853515625
1997-05-28,864826200,984.6099853515625,988.4000244140625,976.1199951171875,982.5999755859375
1997-05-29,864912600,982.5999755859375,987.0399780273438,969.6599731445312,970.5399780273438
1997-05-30,864999000,970.5399780273438,970.5399780273438,948.4600219726562,958.8499755859375
1997-06-02,865258200,958.8499755859375,967.9000244140625,950.9500122070312,958.6900024414062
1997-06-03,865344600,958.6900024414062,958.6900024414062,929.47998046875,929.8099975585938
1997-06-04,865431000,929.8099975585938,941.989990234375,915.9600219726562,921.9600219726562
1997-06-05,865517400,921.9600219726562,935.75,921.9600219726562,930.6099853515625
1997-06-06,865603800,930.6099853515625,946.27001953125,926.97998046875,944.989990234375
1997-06-09,865863000,945.010009765625,959.6500244140625,945.010009765625,954.760009765625
1997-06-10,865949400,954.5599975585938,957.8900146484375,937.8900146484375,941.1799926757812
1997-06-11,866035800,941.1300048828125,949.5,931.4299926757812,949
1997-06-12,866122200,949,955.7000122070312,936,950
1997-06-13,866208600,949.969970703125,971.1799926757812,949.2899780273438,964.4000244140625
1997-06-16,866467800,964.4000244140625,975.989990234375,962.5399780273438,975.989990234375
1997-06-17,866554200,975.6799926757812,991.8499755859375,970.25,989.3699951171875
1997-06-18,866640600,989.3699951171875,989.3699951171875,970.8300170898438,971.5499877929688
1997-06-19,866727000,971.5499877929688,986.969970703125,945.8200073242188,981.9500122070312
1997-06-20,866813400,981.9500122070312,989.25,979.1400146484375,981.4099731445312
1997-06-23,867072600,981.4099731445312,987.219970703125,968.52001953125,969.0599975585938
1997-06-24,867159000,969.0499877929688,986.8599853515625,969.0499877929688,986.4199829101562
1997-06-25,867245400,986.4199829101562,993.1599731445312,970.5800170898438,979.219970703125
1997-06-26,867331800,979.219970703125,981.3900146484375,965.9500122070312,967.3400268554688
1997-06-27,867418200,967.3400268554688,976.5800170898438,961.6699829101562,963.010009765625
1997-06-30,867677400,963.0700073242188,970.47998046875,955.4299926757812,957.2999877929688
1997-07-01,867763800,957.2999877929688,961.77001953125,947.780029296875,953.4400024414062
1997-07-02,867850200,953.4400024414062,976.0499877929688,953.4400024414062,975.9299926757812
1997-07-03,867936600,975.9299926757812,990.530029296875,975.9299926757812,986.52001953125
1997-07-07,868282200,986.52001953125,999.3200073242188,986.52001953125,991.0399780273438
1997-07-08,868368600,991.0399780273438,1005.8800048828125,989.969970703125,1005.8099975585938
1997-07-09,868455000,1005.8099975585938,1019.1799926757812,1005.6799926757812,1010.0999755859375
1997-07-10,868541400,1010.1400146484375,1013.3699951171875,995.8699951171875,1010.0399780273438
1997-07-11,868627800,1010.0700073242188,1017.8499755859375,1002.9299926757812,1015.6199951171875
1997-07-14,868887000,1015.6199951171875,1041.8800048828125,1015.6199951171875,1041.8800048828125
1997-07-15,868973400,1041.8800048828125,1063.0400390625,1041.8800048828125,1059.02001953125
1997-07-16,869059800,1059,1106,1059,1103.4300537109375
1997-07-17,869146200,1103.4300537109375,1108.1199951171875,1086.9300537109375,1094.8499755859375
1997-07-18,869232600,1094.949951171875,1094.949951171875,1057.0999755859375,1070.989990234375
1997-07-21,869491800,1070.989990234375,1072.93994140625,1051.030029296875,1058.449951171875
1997-07-22,869578200,1058.449951171875,1091.1500244140625,1058.449951171875,1090.93994140625
1997-07-23,869664600,1090.93994140625,1106.699951171875,1087.1500244140625,1092.06005859375
1997-07-24,869751000,1092.06005859375,1092.68994140625,1071.52001953125,1088.1800537109375
1997-07-25,869837400,1087.9100341796875,1097.239990234375,1078.739990234375,1085.3900146484375
1997-07-28,870096600,1085.3900146484375,1089.8800048828125,1071.2900390625,1075.1800537109375
1997-07-29,870183000,1075.1800537109375,1087.9200439453125,1069.25,1087.9200439453125
1997-07-30,870269400,1087.949951171875,1104.469970703125,1083.760009765625,1100.97998046875
1997-07-31,870355800,1100.989990234375,1110.27001953125,1096.8299560546875,1107.030029296875
1997-08-01,870442200,1107.030029296875,1113.989990234375,1094.3199462890625,1108.93994140625
1997-08-04,870701400,1108.949951171875,1125.0799560546875,1106.050048828125,1124.0799560546875
1997-08-05,870787800,1130.8599853515625,1139.199951171875,1091.4300537109375,1136.4100341796875
1997-08-06,870874200,1136.4100341796875,1149.93994140625,1129.0799560546875,1141.8199462890625
1997-08-07,870960600,1141.8199462890625,1151.8199462890625,1135.510009765625,1135.6099853515625
1997-08-08,871047000,1135.6099853515625,1135.6099853515625,1104.47998046875,1115.02001953125
1997-08-11,871306200,1115.02001953125,1116.4000244140625,1083.9000244140625,1101.1800537109375
1997-08-12,871392600,1101.1800537109375,1116.969970703125,1090.6300048828125,1090.780029296875
1997-08-13,871479000,1090.780029296875,1111.8399658203125,1085.050048828125,1099.0999755859375
1997-08-14,871565400,1099.0999755859375,1106.52001953125,1092.25,1103.510009765625
1997-08-15,871651800,1103.5400390625,1103.5400390625,1076.6400146484375,1076.6700439453125
1997-08-18,871911000,1076.6500244140625,1089.6300048828125,1060.8800048828125,1089.550048828125
1997-08-19,871997400,1089.550048828125,1121.1800537109375,1089.550048828125,1121.1800537109375
1997-08-20,872083800,1121.1800537109375,1145.27001953125,1116.800048828125,1145.0699462890625
1997-08-21,872170200,1145.0699462890625,1145.0699462890625,1116.5400390625,1118.719970703125
1997-08-22,872256600,1118.719970703125,1118.719970703125,1079.300048828125,1110.9100341796875
1997-08-25,872515800,1110.9100341796875,1121.81005859375,1101.68994140625,1107.75
1997-08-26,872602200,1107.800048828125,1107.800048828125,1092.9599609375,1093.2099609375
1997-08-27,872688600,1093.2099609375,1098.68994140625,1078.8499755859375,1091.8900146484375
1997-08-28,872775000,1091.8900146484375,1091.8900146484375,1064.5699462890625,1070.5699462890625
1997-08-29,872861400,1070.6199951171875,1080.7099609375,1068.3800048828125,1074.050048828125
1997-09-02,873207000,1074.1700439453125,1103.22998046875,1074.1700439453125,1102.75
1997-09-03,873293400,1102.739990234375,1114.510009765625,1099.31005859375,1100.43994140625
1997-09-04,873379800,1100.43994140625,1110.050048828125,1098.72998046875,1105.8199462890625
1997-09-05,873466200,1105.8199462890625,1119.8499755859375,1104.780029296875,1111.1500244140625
1997-09-08,873725400,1111.1500244140625,1124.3299560546875,1111.1500244140625,1117.8199462890625
1997-09-09,873811800,1117.8199462890625,1128.989990234375,1117.0999755859375,1126.72998046875
1997-09-10,873898200,1126.72998046875,1126.81005859375,1102.8299560546875,1102.949951171875
1997-09-11,873984600,1102.949951171875,1107.5999755859375,1082.52001953125,1105.06005859375
1997-09-12,874071000,1105.06005859375,1108.5999755859375,1093.6099853515625,1106.0699462890625
1997-09-15,874330200,1106.0699462890625,1108.97998046875,1080.22998046875,1080.2900390625
1997-09-16,874416600,1080.2900390625,1117.8900146484375,1080.2900390625,1116.52001953125
1997-09-17,874503000,1116.52001953125,1122.4000244140625,1108.3800048828125,1108.6300048828125
1997-09-18,874589400,1108.6300048828125,1122.0699462890625,1106.6700439453125,1109.2900390625
1997-09-19,874675800,1109.2900390625,1118.6800537109375,1108.1300048828125,1118.6800537109375
1997-09-22,874935000,1118.6800537109375,1135.2099609375,1118.6800537109375,1123.6500244140625
1997-09-23,875021400,1123.6500244140625,1135.56005859375,1122.8399658203125,1135.0400390625
1997-09-24,875107800,1135.0400390625,1139.699951171875,1113.5999755859375,1115.8800048828125
1997-09-25,875194200,1115.8800048828125,1119.3800048828125,1105.77001953125,1106.47998046875
1997-09-26,875280600,1106.47998046875,1116.0999755859375,1102.1099853515625,1106.8199462890625
1997-09-29,875539800,1106.8199462890625,1119.0799560546875,1103.760009765625,1118.77001953125
1997-09-30,875626200,1118.77001953125,1118.77001953125,1096.8499755859375,1097.1600341796875
1997-10-01,875712600,1097.1700439453125,1110,1089.3599853515625,1102.06005859375
1997-10-02,875799000,1102.050048828125,1113.510009765625,1102.050048828125,1112.8399658203125
1997-10-03,875885400,1112.8900146484375,1135.18994140625,1112.8900146484375,1124.43994140625
1997-10-06,876144600,1124.43994140625,1131.780029296875,1121.239990234375,1125.9300537109375
1997-10-07,876231000,1125.9300537109375,1144.1500244140625,1125.9300537109375,1140.739990234375
1997-10-08,876317400,1140.75,1145.8699951171875,1132.2099609375,1145.3399658203125
1997-10-09,876403800,1145.3699951171875,1153.8900146484375,1137.6400146484375,1148.2099609375
1997-10-10,876490200,1148.2099609375,1148.2099609375,1137.449951171875,1137.77001953125
1997-10-13,876749400,1137.77001953125,1146.1199951171875,1137.1300048828125,1140.47998046875
1997-10-14,876835800,1140.47998046875,1143.8699951171875,1120.300048828125,1131.4300537109375
1997-10-15,876922200,1131.4300537109375,1131.4300537109375,1109.4100341796875,1119.0699462890625
1997-10-16,877008600,1119.0699462890625,1127.3499755859375,1089.989990234375,1099.3800048828125
1997-10-17,877095000,1099.3800048828125,1099.3800048828125,1058.760009765625,1075.1199951171875
1997-10-20,877354200,1075.1199951171875,1092.5999755859375,1074.2099609375,1088.25
1997-10-21,877440600,1088.25,1110.949951171875,1088.25,1110.550048828125
1997-10-22,877527000,1110.550048828125,1114.4599609375,1098.1099853515625,1098.7099609375
1997-10-23,877613400,1098.7099609375,1098.7099609375,1065.1700439453125,1074.6500244140625
1997-10-24,877699800,1074.6500244140625,1090.1800537109375,1046.77001953125,1057.3399658203125
1997-10-27,877962600,1057.3399658203125,1057.3399658203125,975.8300170898438,978.1300048828125
1997-10-28,878049000,978.8400268554688,1050.0699462890625,925.9199829101562,1046.8699951171875
1997-10-29,878135400,1046.8699951171875,1057.3499755859375,1025.43994140625,1029.760009765625
1997-10-30,878221800,1029.760009765625,1029.760009765625,1000.7000122070312,1000.7000122070312
1997-10-31,878308200,1000.7000122070312,1027.3399658203125,1000.7000122070312,1019.6199951171875
1997-11-03,878567400,1019.6199951171875,1050.989990234375,1019.6199951171875,1050.719970703125
1997-11-04,878653800,1050.719970703125,1056.0899658203125,1042.219970703125,1047.6199951171875
1997-11-05,878740200,1047.6199951171875,1057.9000244140625,1046.25,1046.9200439453125
1997-11-06,878826600,1046.9200439453125,1048.3399658203125,1032.3199462890625,1034.1700439453125
1997-11-07,878913000,1034.1700439453125,1034.7900390625,1010.3200073242188,1028.3199462890625
1997-11-10,879172200,1028.3199462890625,1040.050048828125,1011.1400146484375,1011.5399780273438
1997-11-11,879258600,1011.52001953125,1019.6199951171875,1006.8300170898438,1010.9600219726562
1997-11-12,879345000,1010.9600219726562,1010.9600219726562,978.72998046875,980.1199951171875
1997-11-13,879431400,980.1400146484375,1005.25,971.6099853515625,1005.25
1997-11-14,879517800,1002.9199829101562,1030.3199462890625,1002.9199829101562,1027.8499755859375
1997-11-17,879777000,1027.8499755859375,1055.489990234375,1027.8499755859375,1049.699951171875
1997-11-18,879863400,1049.699951171875,1051.6700439453125,1036.22998046875,1036.31005859375
1997-11-19,879949800,1036.31005859375,1042.02001953125,1030.8399658203125,1039.1199951171875
1997-11-20,880036200,1039.1199951171875,1063.52001953125,1039.1199951171875,1062.489990234375
1997-11-21,880122600,1062.489990234375,1073.969970703125,1049.4300537109375,1056.5899658203125
1997-11-24,880381800,1056.5899658203125,1056.5899658203125,1028.6199951171875,1030.219970703125
1997-11-25,880468200,1030.219970703125,1041.1800537109375,1026.1700439453125,1038.06005859375
1997-11-26,880554600,1038.06005859375,1047.25,1038.06005859375,1044.239990234375
1997-11-28,880727400,1044.239990234375,1054.5699462890625,1042.719970703125,1050.510009765625
1997-12-01,880986600,1050.510009765625,1079.3900146484375,1050.510009765625,1079.22998046875
1997-12-02,881073000,1079.22998046875,1079.22998046875,1050.9300537109375,1052.0699462890625
1997-12-03,881159400,1052.0699462890625,1062.9300537109375,1036.72998046875,1061.6199951171875
1997-12-04,881245800,1061.6199951171875,1068.3399658203125,1050.3900146484375,1052.760009765625
1997-12-05,881332200,1052.760009765625,1070.6300048828125,1050.0400390625,1070.27001953125
1997-12-08,881591400,1070.27001953125,1085.3499755859375,1070.27001953125,1082.9200439453125
1997-12-09,881677800,1082.9200439453125,1082.9200439453125,1049.02001953125,1050.6700439453125
1997-12-10,881764200,1050.6700439453125,1050.6700439453125,1020.5399780273438,1033.2099609375
1997-12-11,881850600,1033.219970703125,1033.219970703125,995.5900268554688,1001.8800048828125
1997-12-12,881937000,1002.1799926757812,1006.8200073242188,974.1500244140625,978.489990234375
1997-12-15,882196200,978.489990234375,991.2899780273438,960.2000122070312,984.3800048828125
1997-12-16,882282600,984.3800048828125,1007.5800170898438,984.3800048828125,997.3099975585938
1997-12-17,882369000,997.2999877929688,1011.9600219726562,983.1300048828125,983.6300048828125
1997-12-18,882455400,983.6300048828125,984.77001953125,956.97998046875,966.77001953125
1997-12-19,882541800,966.77001953125,972.9299926757812,937.6900024414062,969.9000244140625
1997-12-22,882801000,969.8900146484375,990.8099975585938,969.489990234375,975.6699829101562
1997-12-23,882887400,975.5900268554688,979.1199951171875,949.2100219726562,949.5700073242188
1997-12-24,882973800,949.5700073242188,959.8900146484375,937.219970703125,938.989990234375
1997-12-26,883146600,938.989990234375,954.219970703125,938.989990234375,954.0700073242188
1997-12-29,883405800,954.0700073242188,978.6699829101562,954.0700073242188,978.530029296875
1997-12-30,883492200,978.530029296875,999.72998046875,978.530029296875,998.4600219726562
1997-12-31,883578600,998.4600219726562,1005,990.2899780273438,990.8300170898438
1998-01-02,883751400,990.7999877929688,1008.22998046875,987.719970703125,1008.22998046875
1998-01-05,884010600,1008.22998046875,1028.6199951171875,1007.25,1017.4199829101562
1998-01-06,884097000,1017.4199829101562,1018.219970703125,1001.9400024414062,1006.2899780273438
1998-01-07,884183400,1006.2899780273438,1006.2899780273438,978.7000122070312,991.1900024414062
1998-01-08,884269800,990.969970703125,1003.7100219726562,982.27001953125,994.5499877929688
1998-01-09,884356200,994.5399780273438,995.510009765625,950.1400146484375,956.1900024414062
1998-01-12,884615400,956.1900024414062,971.3200073242188,933.010009765625,971.1699829101562
1998-01-13,884701800,971.1699829101562,995.0499877929688,971.1699829101562,995.0499877929688
1998-01-14,884788200,995.0499877929688,1001.9400024414062,983.9000244140625,996.3699951171875
1998-01-15,884874600,996.3699951171875,1004.3599853515625,986.97998046875,995.5800170898438
1998-01-16,884961000,995.5800170898438,1008.6199951171875,995.5800170898438,1005.8699951171875
1998-01-20,885306600,1005.8699951171875,1026.8800048828125,1005.8699951171875,1026.8800048828125
1998-01-21,885393000,1026.8800048828125,1029.7900390625,1017.3699951171875,1026.52001953125
1998-01-22,885479400,1026.739990234375,1029.239990234375,1014.469970703125,1020.6300048828125
1998-01-23,885565800,1020.6300048828125,1028.6600341796875,1015.4500122070312,1024.469970703125
1998-01-26,885825000,1024.469970703125,1026.9000244140625,1009.6799926757812,1016.4000244140625
1998-01-27,885911400,1016.4000244140625,1038.780029296875,1014.3599853515625,1035.760009765625
1998-01-28,885997800,1035.760009765625,1064.9000244140625,1035.760009765625,1063.199951171875
1998-01-29,886084200,1063.219970703125,1082.0799560546875,1059.5999755859375,1069
1998-01-30,886170600,1069,1080.260009765625,1066.699951171875,1071.1300048828125
1998-02-02,886429800,1071.1300048828125,1103.6199951171875,1071.1300048828125,1100.989990234375
1998-02-03,886516200,1100.989990234375,1113.5400390625,1096.4200439453125,1111.260009765625
1998-02-04,886602600,1111.25,1127.77001953125,1107.4599609375,1124.43994140625
1998-02-05,886689000,1124.43994140625,1143.489990234375,1113.0799560546875,1114.8599853515625
1998-02-06,886775400,1114.8599853515625,1134.3900146484375,1110.4599609375,1134.3199462890625
1998-02-09,887034600,1134.3199462890625,1138.97998046875,1119.43994140625,1122.719970703125
1998-02-10,887121000,1122.6800537109375,1144.97998046875,1121.969970703125,1139.7900390625
1998-02-11,887207400,1139.7900390625,1145.47998046875,1132.5,1138.81005859375
1998-02-12,887293800,1138.81005859375,1146.280029296875,1122.47998046875,1144.800048828125
1998-02-13,887380200,1144.800048828125,1144.800048828125,1136.510009765625,1136.68994140625
1998-02-17,887725800,1136.6400146484375,1147.699951171875,1125.77001953125,1128.6300048828125
1998-02-18,887812200,1128.6199951171875,1140.739990234375,1125.8199462890625,1140.739990234375
1998-02-19,887898600,1140.760009765625,1161.2900390625,1140.760009765625,1156.75
1998-02-20,887985000,1156.760009765625,1163.8399658203125,1144.22998046875,1159.72998046875
1998-02-23,888244200,1159.72998046875,1185.780029296875,1159.72998046875,1185.530029296875
1998-02-24,888330600,1185.530029296875,1194.989990234375,1172.3399658203125,1172.4000244140625
1998-02-25,888417000,1172.4000244140625,1200.6500244140625,1172.4000244140625,1200.3900146484375
1998-02-26,888503400,1200.3900146484375,1207.8399658203125,1196.469970703125,1206.969970703125
1998-02-27,888589800,1206.9200439453125,1213.0899658203125,1194.0899658203125,1194.1300048828125
1998-03-02,888849000,1194.1300048828125,1204.1199951171875,1176.760009765625,1177.5899658203125
1998-03-03,888935400,1177.5899658203125,1177.5899658203125,1160.9300537109375,1175.719970703125
1998-03-04,889021800,1175.719970703125,1181.219970703125,1166.81005859375,1179.8699951171875
1998-03-05,889108200,1179.8699951171875,1179.8699951171875,1123.8599853515625,1126.8299560546875
1998-03-06,889194600,1126.75,1163.1099853515625,1126.75,1163.1099853515625
1998-03-09,889453800,1163.1099853515625,1163.1099853515625,1128.3699951171875,1128.3699951171875
1998-03-10,889540200,1128.3699951171875,1148.800048828125,1128.3699951171875,1148.6099853515625
1998-03-11,889626600,1148.6099853515625,1163.8499755859375,1146.780029296875,1153.8699951171875
1998-03-12,889713000,1153.8699951171875,1166.4300537109375,1147.52001953125,1163.27001953125
1998-03-13,889799400,1163.27001953125,1180.9599609375,1163.27001953125,1169.2900390625
1998-03-16,890058600,1169.3699951171875,1181.4100341796875,1169.3699951171875,1180.1700439453125
1998-03-17,890145000,1180.1700439453125,1180.1700439453125,1158.8599853515625,1167.8900146484375
1998-03-18,890231400,1167.8900146484375,1177.6199951171875,1157.3399658203125,1177.010009765625
1998-03-19,890317800,1177.010009765625,1186.219970703125,1176.6199951171875,1186.1600341796875
1998-03-20,890404200,1186.1600341796875,1190.8800048828125,1168.3900146484375,1169.4300537109375
1998-03-23,890663400,1169.4300537109375,1184.8900146484375,1162.9300537109375,1179.1800537109375
1998-03-24,890749800,1179.1800537109375,1199.8399658203125,1179.1800537109375,1197.81005859375
1998-03-25,890836200,1197.81005859375,1230.9200439453125,1197.81005859375,1214.8199462890625
1998-03-26,890922600,1214.8299560546875,1223.3399658203125,1206.3299560546875,1217.93994140625
1998-03-27,891009000,1217.93994140625,1226.719970703125,1206.5999755859375,1211.6400146484375
1998-03-30,891268200,1211.6400146484375,1215.1700439453125,1201.1700439453125,1206.6400146484375
1998-03-31,891354600,1206.280029296875,1227.0400390625,1206.280029296875,1220.6600341796875
1998-04-01,891441000,1220.6600341796875,1230.4200439453125,1207.9599609375,1228.4100341796875
1998-04-02,891527400,1228.5799560546875,1236.510009765625,1224.050048828125,1230.1800537109375
1998-04-03,891613800,1230.1800537109375,1240.280029296875,1226.1300048828125,1233.6600341796875
1998-04-06,891869400,1233.6600341796875,1234.4200439453125,1204.6500244140625,1205.3699951171875
1998-04-07,891955800,1205.3699951171875,1205.3699951171875,1172.8699951171875,1182.1300048828125
1998-04-08,892042200,1182.1300048828125,1197.469970703125,1180.8399658203125,1191.06005859375
1998-04-09,892128600,1191.06005859375,1204.0400390625,1191.06005859375,1196.9000244140625
1998-04-13,892474200,1196.989990234375,1205.47998046875,1184.0999755859375,1202.969970703125
1998-04-14,892560600,1202.969970703125,1216.6700439453125,1197.18994140625,1213.1199951171875
1998-04-15,892647000,1213.1199951171875,1237.9000244140625,1213.1199951171875,1231.3599853515625
1998-04-16,892733400,1231.3599853515625,1231.3599853515625,1217.72998046875,1227.530029296875
1998-04-17,892819800,1227.530029296875,1231.5899658203125,1217.219970703125,1231.25
1998-04-20,893079000,1231.25,1254.010009765625,1230.9000244140625,1253.1099853515625
1998-04-21,893165400,1253.1099853515625,1270.219970703125,1241.02001953125,1269.699951171875
1998-04-22,893251800,1269.699951171875,1310.0999755859375,1269.699951171875,1290.9000244140625
1998-04-23,893338200,1290.9000244140625,1290.9000244140625,1257.68994140625,1258.5799560546875
1998-04-24,893424600,1258.5799560546875,1269.27001953125,1243.0899658203125,1250.1400146484375
1998-04-27,893683800,1250.1400146484375,1250.1400146484375,1204.8599853515625,1220.050048828125
1998-04-28,893770200,1220.050048828125,1242.5799560546875,1210.31005859375,1222.5
1998-04-29,893856600,1222.5,1241.760009765625,1222.5,1239.56005859375
1998-04-30,893943000,1239.56005859375,1256.1400146484375,1239.56005859375,1248.1199951171875
1998-05-01,894029400,1248.1199951171875,1254.0699462890625,1241.0999755859375,1251.530029296875
1998-05-04,894288600,1251.530029296875,1268.030029296875,1251.530029296875,1255.8199462890625
1998-05-05,894375000,1255.6700439453125,1257.68994140625,1245.27001953125,1247.27001953125
1998-05-06,894461400,1247.27001953125,1255.550048828125,1237.5799560546875,1242.25
1998-05-07,894547800,1242.260009765625,1244.1300048828125,1222.3599853515625,1222.6800537109375
1998-05-08,894634200,1222.6800537109375,1255.0799560546875,1217.030029296875,1254.030029296875
1998-05-11,894893400,1254.030029296875,1267.2900390625,1237.52001953125,1237.6600341796875
1998-05-12,894979800,1237.6700439453125,1256.4100341796875,1230.5799560546875,1256.4100341796875
1998-05-13,895066200,1256.4100341796875,1270.3699951171875,1256.4100341796875,1263.0799560546875
1998-05-14,895152600,1263.0799560546875,1280.280029296875,1249.81005859375,1266.1500244140625
1998-05-15,895239000,1266.0999755859375,1270.510009765625,1245.9599609375,1249.489990234375
1998-05-18,895498200,1249.489990234375,1255.3900146484375,1232.300048828125,1242.5
1998-05-19,895584600,1242.5,1259.219970703125,1242.5,1255.5899658203125
1998-05-20,895671000,1255.5899658203125,1259.5699462890625,1233.7900390625,1237.75
1998-05-21,895757400,1237.75,1242.3499755859375,1221.449951171875,1223.699951171875
1998-05-22,895843800,1223.699951171875,1243.6300048828125,1210.510009765625,1214.1300048828125
1998-05-26,896189400,1214.1300048828125,1226.7900390625,1198.2900390625,1200.1199951171875
1998-05-27,896275800,1200.1199951171875,1209.9300537109375,1180.22998046875,1209.4599609375
1998-05-28,896362200,1209.4599609375,1218.1600341796875,1200.239990234375,1214.8299560546875
1998-05-29,896448600,1214.8299560546875,1220.6500244140625,1191.75,1192.0699462890625
1998-06-01,896707800,1192.0699462890625,1192.0699462890625,1160.1300048828125,1165.550048828125
1998-06-02,896794200,1165.550048828125,1190.5,1165.550048828125,1187.1500244140625
1998-06-03,896880600,1187.1500244140625,1198.8800048828125,1163.550048828125,1163.97998046875
1998-06-04,896967000,1163.97998046875,1195.22998046875,1163.97998046875,1195.18994140625
1998-06-05,897053400,1195.18994140625,1207.72998046875,1187.6300048828125,1206.699951171875
1998-06-08,897312600,1206.699951171875,1212.75,1199.9200439453125,1207.02001953125
1998-06-09,897399000,1207.010009765625,1224.4000244140625,1203.989990234375,1223.47998046875
1998-06-10,897485400,1223.47998046875,1224.1300048828125,1199.260009765625,1199.31005859375
1998-06-11,897571800,1199.300048828125,1206.9599609375,1184.0400390625,1185.1099853515625
1998-06-12,897658200,1185.1099853515625,1187.3299560546875,1157.8800048828125,1186.989990234375
1998-06-15,897917400,1186.989990234375,1194.31005859375,1169.1400146484375,1173.5699462890625
1998-06-16,898003800,1173.5699462890625,1211.280029296875,1173.5699462890625,1210.9000244140625
1998-06-17,898090200,1210.9000244140625,1236.3800048828125,1210.9000244140625,1224.0799560546875
1998-06-18,898176600,1224.0899658203125,1230.72998046875,1216,1227.3299560546875
1998-06-19,898263000,1227.3299560546875,1242.5400390625,1227.3299560546875,1239.7099609375
1998-06-22,898522200,1239.7099609375,1265.9599609375,1234.1800537109375,1263.9300537109375
1998-06-23,898608600,1264.6400146484375,1302.68994140625,1264.6400146484375,1302.3900146484375
1998-06-24,898695000,1302.3900146484375,1331.8399658203125,1285.18994140625,1331.1600341796875
1998-06-25,898781400,1331.1600341796875,1347.43994140625,1308.0699462890625,1311.4000244140625
1998-06-26,898867800,1311.4000244140625,1324.47998046875,1311.4000244140625,1320.93994140625
1998-06-29,899127000,1320.93994140625,1342.8199462890625,1320.93994140625,1339.7099609375
1998-06-30,899213400,1339.719970703125,1345.18994140625,1323.1199951171875,1337.3399658203125
1998-07-01,899299800,1337.3399658203125,1356.1600341796875,1336.1099853515625,1356.1400146484375
1998-07-02,899386200,1356.1400146484375,1356.1400146484375,1331.8399658203125,1332.530029296875
1998-07-06,899731800,1332.530029296875,1344.52001953125,1326.0699462890625,1342.5799560546875
1998-07-07,899818200,1342.5799560546875,1347.1500244140625,1329.739990234375,1346.3199462890625
1998-07-08,899904600,1346.3199462890625,1378.6099853515625,1346.31005859375,1377.8399658203125
1998-07-09,899991000,1377.8399658203125,1397.260009765625,1373.780029296875,1383.219970703125
1998-07-10,900077400,1383.219970703125,1392.5699462890625,1369.06005859375,1391.1099853515625
1998-07-13,900336600,1391.1099853515625,1420.9100341796875,1391.1099853515625,1420.5799560546875
1998-07-14,900423000,1420.5899658203125,1433.47998046875,1414.9599609375,1418.1300048828125
1998-07-15,900509400,1418.1300048828125,1452.0699462890625,1418.1300048828125,1449.5799560546875
1998-07-16,900595800,1449.5799560546875,1458.6099853515625,1437.47998046875,1452.6199951171875
1998-07-17,900682200,1452.6199951171875,1466.1300048828125,1444.77001953125,1463.969970703125
1998-07-20,900941400,1463.969970703125,1478.43994140625,1458.5999755859375,1465.8900146484375
1998-07-21,901027800,1465.8900146484375,1485.969970703125,1430.760009765625,1431.8900146484375
1998-07-22,901114200,1431.8900146484375,1439,1405.25,1430.5799560546875
1998-07-23,901200600,1430.5799560546875,1445.969970703125,1405.760009765625,1405.800048828125
1998-07-24,901287000,1405.800048828125,1425.760009765625,1385.8599853515625,1408.5999755859375
1998-07-27,901546200,1408.5999755859375,1426.469970703125,1370.969970703125,1426.3699951171875
1998-07-28,901632600,1426.3699951171875,1433.7099609375,1392.3299560546875,1393.280029296875
1998-07-29,901719000,1393.280029296875,1412.699951171875,1377.43994140625,1380.0799560546875
1998-07-30,901805400,1380.0799560546875,1422.1400146484375,1380.0799560546875,1422.050048828125
1998-07-31,901891800,1422.06005859375,1422.06005859375,1376.6099853515625,1377.260009765625
1998-08-03,902151000,1377.260009765625,1383.9300537109375,1360.3900146484375,1368.43994140625
1998-08-04,902237400,1368.43994140625,1386.0899658203125,1316.3699951171875,1317.239990234375
1998-08-05,902323800,1317.239990234375,1343.1199951171875,1289.9100341796875,1329.9000244140625
1998-08-06,902410200,1329.9000244140625,1365.8699951171875,1317.1600341796875,1365.8699951171875
1998-08-07,902496600,1365.8699951171875,1388.56005859375,1359.22998046875,1364.0699462890625
1998-08-10,902755800,1364.0799560546875,1375.4100341796875,1352.6600341796875,1362.8800048828125
1998-08-11,902842200,1362.8800048828125,1362.8800048828125,1316.47998046875,1330.1300048828125
1998-08-12,902928600,1330.1300048828125,1357.5899658203125,1330.1300048828125,1354.6600341796875
1998-08-13,903015000,1354.6600341796875,1363.6199951171875,1338.239990234375,1338.3900146484375
1998-08-14,903101400,1338.3900146484375,1352.8399658203125,1320.010009765625,1330.0400390625
1998-08-17,903360600,1330.0400390625,1367.949951171875,1322.18994140625,1367.7900390625
1998-08-18,903447000,1367.7900390625,1405.8800048828125,1367.7900390625,1401.239990234375
1998-08-19,903533400,1401.239990234375,1421.4000244140625,1396.3599853515625,1398.260009765625
1998-08-20,903619800,1398.260009765625,1404.7900390625,1385.510009765625,1398.199951171875
1998-08-21,903706200,1398.199951171875,1398.199951171875,1343.449951171875,1374.77001953125
1998-08-24,903965400,1374.77001953125,1392.3800048828125,1366.52001953125,1370.9200439453125
1998-08-25,904051800,1370.9200439453125,1398.77001953125,1370.9200439453125,1388.3499755859375
1998-08-26,904138200,1388.3499755859375,1388.3499755859375,1360.8199462890625,1374.050048828125
1998-08-27,904224600,1374.050048828125,1374.050048828125,1301.5799560546875,1311.530029296875
1998-08-28,904311000,1312.280029296875,1320.260009765625,1249.489990234375,1265.0400390625
1998-08-31,904570200,1265.0400390625,1278.8199462890625,1140.030029296875,1140.3399658203125
1998-09-01,904656600,1140.3399658203125,1220.0400390625,1118.1199951171875,1215.06005859375
1998-09-02,904743000,1215.06005859375,1257.0799560546875,1214.5400390625,1221.43994140625
1998-09-03,904829400,1221.43994140625,1230.1400146484375,1186.3800048828125,1208.9599609375
1998-09-04,904915800,1208.9599609375,1231.4100341796875,1181.52001953125,1205.4100341796875
1998-09-08,905261400,1205.4100341796875,1286.68994140625,1205.4100341796875,1286.469970703125
1998-09-09,905347800,1286.469970703125,1320.300048828125,1261.760009765625,1261.77001953125
1998-09-10,905434200,1261.77001953125,1261.77001953125,1215.3599853515625,1235.3699951171875
1998-09-11,905520600,1235.3699951171875,1290.3499755859375,1235.3699951171875,1290.199951171875
1998-09-14,905779800,1290.199951171875,1319.969970703125,1290.199951171875,1308.22998046875
1998-09-15,905866200,1308.22998046875,1324.3699951171875,1295.47998046875,1324.18994140625
1998-09-16,905952600,1324.1700439453125,1336.52001953125,1314.550048828125,1331.449951171875
1998-09-17,906039000,1331.449951171875,1331.449951171875,1283.0799560546875,1291.7900390625
1998-09-18,906125400,1291.7900390625,1302.8299560546875,1285.5799560546875,1300.699951171875
1998-09-21,906384600,1300.699951171875,1327.699951171875,1259.300048828125,1327.699951171875
1998-09-22,906471000,1327.699951171875,1345.4300537109375,1325.75,1336.18994140625
1998-09-23,906557400,1336.18994140625,1394.6500244140625,1336.18994140625,1394.6500244140625
1998-09-24,906643800,1394.6500244140625,1402.75,1347.9000244140625,1356.4599609375
1998-09-25,906730200,1356.4599609375,1390.31005859375,1339.0699462890625,1390.0899658203125
1998-09-28,906989400,1390.0899658203125,1413.1600341796875,1367.739990234375,1383.25
1998-09-29,907075800,1383.300048828125,1400.3900146484375,1369.0400390625,1384.8900146484375
1998-09-30,907162200,1384.43994140625,1384.43994140625,1343.5999755859375,1345.47998046875
1998-10-01,907248600,1345.47998046875,1345.47998046875,1266.3800048828125,1273.739990234375
1998-10-02,907335000,1273.739990234375,1285.68994140625,1228.699951171875,1276.43994140625
1998-10-05,907594200,1267.489990234375,1267.489990234375,1174.93994140625,1207.6800537109375
1998-10-06,907680600,1207.6800537109375,1250.4000244140625,1174.4000244140625,1184.8399658203125
1998-10-07,907767000,1184.0999755859375,1204.8699951171875,1139.3399658203125,1151.0899658203125
1998-10-08,907853400,1144.68994140625,1144.68994140625,1063.27001953125,1128.8800048828125
1998-10-09,907939800,1128.8800048828125,1199.1300048828125,1128.8800048828125,1197.8699951171875
1998-10-12,908199000,1198.4200439453125,1258.8699951171875,1198.4200439453125,1243.4000244140625
1998-10-13,908285400,1243.4000244140625,1243.4000244140625,1199.300048828125,1206.9000244140625
1998-10-14,908371800,1206.5,1253.4300537109375,1173.449951171875,1235.6700439453125
1998-10-15,908458200,1235.6700439453125,1300.510009765625,1231.72998046875,1299.6600341796875
1998-10-16,908544600,1299.6600341796875,1318.3299560546875,1288.8599853515625,1293.9100341796875
1998-10-19,908803800,1293.9100341796875,1310.8599853515625,1283.5400390625,1310.1700439453125
1998-10-20,908890200,1310.1700439453125,1334.550048828125,1282.8299560546875,1283.22998046875
1998-10-21,908976600,1283.22998046875,1332.050048828125,1283.22998046875,1332.050048828125
1998-10-22,909063000,1332.050048828125,1355.68994140625,1318.0799560546875,1355.18994140625
1998-10-23,909149400,1355.18994140625,1360.81005859375,1339.1600341796875,1340.5999755859375
1998-10-26,909412200,1340.5999755859375,1369.469970703125,1339.3900146484375,1368.9300537109375
1998-10-27,909498600,1368.9300537109375,1413.9000244140625,1353.3399658203125,1353.3399658203125
1998-10-28,909585000,1353.3399658203125,1380.6800537109375,1348.010009765625,1379.9599609375
1998-10-29,909671400,1379.9599609375,1397.989990234375,1370.6099853515625,1396.300048828125
1998-10-30,909757800,1396.300048828125,1414.5999755859375,1395.06005859375,1400.52001953125
1998-11-02,910017000,1400.52001953125,1419.3499755859375,1400.52001953125,1418.7900390625
1998-11-03,910103400,1418.7900390625,1418.7900390625,1395.530029296875,1401.72998046875
1998-11-04,910189800,1401.72998046875,1437.5799560546875,1401.72998046875,1434
1998-11-05,910276200,1434,1445.8499755859375,1422.8900146484375,1442.0400390625
1998-11-06,910362600,1442.030029296875,1460.1199951171875,1438.9300537109375,1458.3399658203125
1998-11-09,910621800,1458.3399658203125,1470.5999755859375,1446.989990234375,1467.6300048828125
1998-11-10,910708200,1467.6300048828125,1488.010009765625,1457.6700439453125,1477.47998046875
1998-11-11,910794600,1477.47998046875,1504.510009765625,1477.47998046875,1480.7099609375
1998-11-12,910881000,1478.219970703125,1480.050048828125,1460.56005859375,1466.5400390625
1998-11-13,910967400,1466.5400390625,1477.699951171875,1454.510009765625,1465.219970703125
1998-11-16,911226600,1465.219970703125,1488.9599609375,1457.469970703125,1475.5999755859375
1998-11-17,911313000,1475.5999755859375,1508.18994140625,1463.25,1498.550048828125
1998-11-18,911399400,1498.550048828125,1519.510009765625,1495.43994140625,1514.8900146484375
1998-11-19,911485800,1514.8900146484375,1549.9300537109375,1514.8900146484375,1537.449951171875
1998-11-20,911572200,1537.449951171875,1554.9599609375,1531.25,1544.219970703125
1998-11-23,911831400,1544.219970703125,1593.68994140625,1544.219970703125,1589.06005859375
1998-11-24,911917800,1589.06005859375,1605.9599609375,1579.6700439453125,1580.8299560546875
1998-11-25,912004200,1580.8299560546875,1598.489990234375,1567.9000244140625,1598.47998046875
1998-11-27,912177000,1598.47998046875,1628.8599853515625,1598.47998046875,1628.3499755859375
1998-11-30,912436200,1628.3800048828125,1634.4000244140625,1557.469970703125,1557.9599609375
1998-12-01,912522600,1557.9599609375,1632.719970703125,1535.1800537109375,1632.530029296875
1998-12-02,912609000,1632.530029296875,1634.2099609375,1595.22998046875,1619.0899658203125
1998-12-03,912695400,1619.1400146484375,1641.280029296875,1573.780029296875,1573.780029296875
1998-12-04,912781800,1574.8299560546875,1630.010009765625,1574.8299560546875,1630.010009765625
1998-12-07,913041000,1630.010009765625,1677.469970703125,1630.010009765625,1676.8900146484375
1998-12-08,913127400,1676.8900146484375,1699.0400390625,1650.6400146484375,1668.1600341796875
1998-12-09,913213800,1668.1600341796875,1686.5699462890625,1661.8800048828125,1685.3800048828125
1998-12-10,913300200,1685.3800048828125,1697.030029296875,1652.449951171875,1652.760009765625
1998-12-11,913386600,1652.780029296875,1680.75,1644.4000244140625,1675.010009765625
1998-12-14,913645800,1674.6800537109375,1674.6800537109375,1607.530029296875,1614.0899658203125
1998-12-15,913732200,1614.0799560546875,1663.949951171875,1614.0799560546875,1663.780029296875
1998-12-16,913818600,1663.780029296875,1676.8199462890625,1641.510009765625,1656.280029296875
1998-12-17,913905000,1656.280029296875,1689.6400146484375,1656.280029296875,1689.6300048828125
1998-12-18,913991400,1689.6300048828125,1735.6199951171875,1689.6300048828125,1735
1998-12-21,914250600,1735.5999755859375,1790.47998046875,1735.5999755859375,1787.300048828125
1998-12-22,914337000,1787.300048828125,1793.6199951171875,1751.6800537109375,1767.8199462890625
1998-12-23,914423400,1767.8199462890625,1818.9599609375,1767.8199462890625,1818.9599609375
1998-12-24,914509800,1818.9599609375,1818.9599609375,1805.6700439453125,1806.0400390625
1998-12-28,914855400,1806.0400390625,1832.0699462890625,1805.25,1823.989990234375
1998-12-29,914941800,1823.989990234375,1827.97998046875,1802.8599853515625,1823.31005859375
1998-12-30,915028200,1823.31005859375,1842.9100341796875,1806.25,1810.969970703125
1998-12-31,915114600,1812.0699462890625,1848.3599853515625,1809.9100341796875,1836.010009765625
1999-01-04,915460200,1836.010009765625,1874.6099853515625,1833.4300537109375,1854.3900146484375
1999-01-05,915546600,1854.3900146484375,1903,1848.780029296875,1903
1999-01-06,915633000,1903,1963.949951171875,1903,1963.949951171875
1999-01-07,915719400,1963.949951171875,1975.6700439453125,1927.1199951171875,1966.3499755859375
1999-01-08,915805800,1966.3499755859375,2008.260009765625,1940.9100341796875,1973.6600341796875
1999-01-11,916065000,1973.6600341796875,2000.699951171875,1968.3699951171875,2000.1800537109375
1999-01-12,916151400,2000.1800537109375,2007.0999755859375,1937.530029296875,1939.0799560546875
1999-01-13,916237800,1939.0799560546875,1985.7900390625,1838.6500244140625,1948.7099609375
1999-01-14,916324200,1965.0999755859375,1965.0999755859375,1905.469970703125,1906.1199951171875
1999-01-15,916410600,1906.1199951171875,1982.3800048828125,1906.1199951171875,1981.6199951171875
1999-01-19,916756200,1981.6199951171875,2034.0899658203125,1981.6199951171875,2033.7099609375
1999-01-20,916842600,2033.7099609375,2096.27001953125,2032.81005859375,2033.7099609375
1999-01-21,916929000,2033.7099609375,2033.7099609375,1957.3199462890625,1961.760009765625
1999-01-22,917015400,1961.760009765625,1990.800048828125,1926.699951171875,1964.2099609375
1999-01-25,917274600,1964.2099609375,1998.1700439453125,1951.2900390625,1997.1600341796875
1999-01-26,917361000,2004.1400146484375,2063.52001953125,2004.1400146484375,2062.199951171875
1999-01-27,917447400,2062.2099609375,2091.510009765625,2030.0799560546875,2030.3599853515625
1999-01-28,917533800,2030.3599853515625,2105.659912109375,2030.3599853515625,2104.590087890625
1999-01-29,917620200,2104.590087890625,2128.18994140625,2074.010009765625,2127.18994140625
1999-02-01,917879400,2127.18994140625,2150.830078125,2114.530029296875,2130.929931640625
1999-02-02,917965800,2130.929931640625,2133.39990234375,2065.739990234375,2078.68994140625
1999-02-03,918052200,2078.77001953125,2120.10009765625,2064.340087890625,2119.93994140625
1999-02-04,918138600,2119.949951171875,2121.6201171875,2027.56005859375,2027.6600341796875
1999-02-05,918225000,2027.6600341796875,2039.7900390625,1963.800048828125,1988.550048828125
1999-02-08,918484200,1988.550048828125,2034.2099609375,1986.25,2034.2099609375
1999-02-09,918570600,2034.2099609375,2036.2099609375,1935.239990234375,1935.3299560546875
1999-02-10,918657000,1935.3299560546875,1973.9000244140625,1924.530029296875,1944.1800537109375
1999-02-11,918743400,1946.4100341796875,2045.0799560546875,1946.4100341796875,2044.6800537109375
1999-02-12,918829800,2044.6800537109375,2044.6800537109375,1957.9300537109375,1958.5999755859375
1999-02-16,919175400,1958.5999755859375,2004.6400146484375,1940.739990234375,1954.489990234375
1999-02-17,919261800,1954.47998046875,1954.47998046875,1885.77001953125,1891.3699951171875
1999-02-18,919348200,1891.3699951171875,1915.25,1864.9000244140625,1906.0899658203125
1999-02-19,919434600,1906.0899658203125,1938.6500244140625,1906.0899658203125,1931.5899658203125
1999-02-22,919693800,1931.6500244140625,1996.3800048828125,1918.7099609375,1996.02001953125
1999-02-23,919780200,1996.02001953125,2035.3699951171875,1991.5999755859375,2028.22998046875
1999-02-24,919866600,2028.22998046875,2055.820068359375,1988.3299560546875,1989.1400146484375
1999-02-25,919953000,1989.1400146484375,1989.1400146484375,1936.4000244140625,1974.3900146484375
1999-02-26,920039400,1974.3900146484375,1974.3900146484375,1914.699951171875,1925.280029296875
1999-03-01,920298600,1925.969970703125,1945.3699951171875,1902.2900390625,1937.699951171875
1999-03-02,920385000,1937.699951171875,1953.8299560546875,1886.3599853515625,1888.6600341796875
1999-03-03,920471400,1891.699951171875,1913.1800537109375,1870.3699951171875,1899.81005859375
1999-03-04,920557800,1899.81005859375,1954.31005859375,1880.8499755859375,1933.030029296875
1999-03-05,920644200,1933.06005859375,1985.5400390625,1933.06005859375,1969.8699951171875
1999-03-08,920903400,1969.8699951171875,2034.68994140625,1969.8699951171875,2034.050048828125
1999-03-09,920989800,2034.050048828125,2070.239990234375,2021.2099609375,2028.5699462890625
1999-03-10,921076200,2028.5699462890625,2042.8699951171875,2012.030029296875,2038.510009765625
1999-03-11,921162600,2038.510009765625,2067.489990234375,2020.22998046875,2043.760009765625
1999-03-12,921249000,2043.760009765625,2043.760009765625,1989.8399658203125,2008.9599609375
1999-03-15,921508200,2009.3599853515625,2060.340087890625,1999.22998046875,2060.340087890625
1999-03-16,921594600,2060.340087890625,2083.320068359375,2048.2900390625,2073.31005859375
1999-03-17,921681000,2073.139892578125,2080.239990234375,2057.1298828125,2064.5
1999-03-18,921767400,2064.5,2102.969970703125,2060.530029296875,2102.77001953125
1999-03-19,921853800,2102.909912109375,2121.56005859375,2053.169921875,2053.68994140625
1999-03-22,922113000,2053.68994140625,2065.110107421875,2025.699951171875,2027.1400146484375
1999-03-23,922199400,2026.8399658203125,2026.8399658203125,1960.31005859375,1961.31005859375
1999-03-24,922285800,1961.31005859375,2013.699951171875,1943.9200439453125,2013.550048828125
1999-03-25,922372200,2013.550048828125,2083.4599609375,2013.550048828125,2083.35009765625
1999-03-26,922458600,2083.35009765625,2096.219970703125,2058.8701171875,2067.300048828125
1999-03-29,922717800,2067.300048828125,2144.659912109375,2067.300048828125,2144.659912109375
1999-03-30,922804200,2144.659912109375,2158.93994140625,2123.97998046875,2125.68994140625
1999-03-31,922890600,2125.68994140625,2168.68994140625,2104.18994140625,2106.389892578125
1999-04-01,922977000,2106.389892578125,2147.6298828125,2106.389892578125,2146.1298828125
1999-04-05,923319000,2146.1298828125,2219.969970703125,2146.1298828125,2219.639892578125
1999-04-06,923405400,2219.639892578125,2244.25,2200.56005859375,2218.830078125
1999-04-07,923491800,2218.830078125,2251.2900390625,2158.6298828125,2192.2900390625
1999-04-08,923578200,2192.2900390625,2224.81005859375,2156.64990234375,2224.75
1999-04-09,923664600,2224.75,2238.590087890625,2208.389892578125,2232.469970703125
1999-04-12,923923800,2232.469970703125,2232.469970703125,2167.7099609375,2219.2099609375
1999-04-13,924010200,2219.2099609375,2240.300048828125,2173.22998046875,2175.179931640625
1999-04-14,924096600,2175.179931640625,2214.679931640625,2103.6298828125,2103.6298828125
1999-04-15,924183000,2103.6298828125,2136.27001953125,2053.719970703125,2135.81005859375
1999-04-16,924269400,2135.81005859375,2144.610107421875,2082,2086.4599609375
1999-04-19,924528600,2086.4599609375,2104.550048828125,1962.56005859375,1967.5799560546875
1999-04-20,924615000,1967.5699462890625,2030.3399658203125,1952.3599853515625,2030.280029296875
1999-04-21,924701400,2031.5999755859375,2106.22998046875,2022,2105.820068359375
1999-04-22,924787800,2105.820068359375,2185.22998046875,2105.820068359375,2183.489990234375
1999-04-23,924874200,2183.489990234375,2224.39990234375,2151.06005859375,2210.43994140625
1999-04-26,925133400,2210.449951171875,2276.679931640625,2210.449951171875,2260.659912109375
1999-04-27,925219800,2263.010009765625,2283.550048828125,2204.43994140625,2207.030029296875
1999-04-28,925306200,2207.030029296875,2217.169921875,2147.5400390625,2150.43994140625
1999-04-29,925392600,2150.43994140625,2152.719970703125,2094.570068359375,2119.2900390625
1999-04-30,925479000,2119.469970703125,2172.139892578125,2081.669921875,2136.389892578125
1999-05-03,925738200,2136.389892578125,2145.449951171875,2097.389892578125,2137.949951171875
1999-05-04,925824600,2137.949951171875,2170.52001953125,2096.080078125,2097.550048828125
1999-05-05,925911000,2097.550048828125,2155.800048828125,2047.77001953125,2155.77001953125
1999-05-06,925997400,2155.77001953125,2163.7900390625,2075.9599609375,2078.6298828125
1999-05-07,926083800,2079.419921875,2119.860107421875,2064.56005859375,2117.72998046875
1999-05-10,926343000,2117.72998046875,2151.8701171875,2109.89990234375,2134.75
1999-05-11,926429400,2134.75,2182.4599609375,2134.75,2175.85009765625
1999-05-12,926515800,2175.85009765625,2223.530029296875,2152.77001953125,2217.679931640625
1999-05-13,926602200,2217.679931640625,2239.860107421875,2178.3701171875,2179.080078125
1999-05-14,926688600,2179.080078125,2179.080078125,2120.719970703125,2125.14990234375
1999-05-17,926947800,2125.14990234375,2175.739990234375,2099.72998046875,2175.739990234375
1999-05-18,927034200,2175.739990234375,2180.669921875,2146.81005859375,2159.260009765625
1999-05-19,927120600,2159.360107421875,2186.510009765625,2119.550048828125,2186.199951171875
1999-05-20,927207000,2186.31005859375,2193.449951171875,2139.949951171875,2139.949951171875
1999-05-21,927293400,2139.949951171875,2152.56005859375,2105.010009765625,2114.39990234375
1999-05-24,927552600,2114.39990234375,2123.469970703125,2050.830078125,2060.590087890625
1999-05-25,927639000,2060.590087890625,2086.47998046875,1997.8199462890625,1999.0400390625
1999-05-26,927725400,1999.0400390625,2053.0400390625,1960.550048828125,2053.0400390625
1999-05-27,927811800,2053.0400390625,2069.110107421875,2021.1800537109375,2050.090087890625
1999-05-28,927898200,2050.090087890625,2090.159912109375,2038.739990234375,2089.699951171875
1999-06-01,928243800,2089.699951171875,2089.699951171875,2025.6600341796875,2025.7900390625
1999-06-02,928330200,2025.7900390625,2076.64990234375,1987.4000244140625,2074.5400390625
1999-06-03,928416600,2074.5400390625,2083,2029.219970703125,2030.4000244140625
1999-06-04,928503000,2031.969970703125,2109.469970703125,2031.969970703125,2109.409912109375
1999-06-07,928762200,2109.409912109375,2155.389892578125,2109.409912109375,2152.68994140625
1999-06-08,928848600,2152.68994140625,2158.800048828125,2083.81005859375,2086.75
1999-06-09,928935000,2089.139892578125,2136.52001953125,2089.139892578125,2135.47998046875
1999-06-10,929021400,2135.47998046875,2135.47998046875,2081.669921875,2097.7900390625
1999-06-11,929107800,2097.7900390625,2120.5400390625,2057.18994140625,2062.2900390625
1999-06-14,929367000,2062.2900390625,2074.280029296875,2027.9000244140625,2028.9200439453125
1999-06-15,929453400,2028.56005859375,2072.35009765625,2020.3800048828125,2058.169921875
1999-06-16,929539800,2058.169921875,2167.820068359375,2058.169921875,2167.489990234375
1999-06-17,929626200,2159.10009765625,2198.2900390625,2139.800048828125,2190.830078125
1999-06-18,929712600,2190.830078125,2206.199951171875,2155.18994140625,2205.4599609375
1999-06-21,929971800,2205.4599609375,2268.659912109375,2205.4599609375,2268.659912109375
1999-06-22,930058200,2268.669921875,2280.31005859375,2209.85009765625,2209.889892578125
1999-06-23,930144600,2209.889892578125,2239.590087890625,2177.47998046875,2239.330078125
1999-06-24,930231000,2239.330078125,2239.330078125,2181.47998046875,2184.8701171875
1999-06-25,930317400,2184.8701171875,2221.31005859375,2174.110107421875,2185.760009765625
1999-06-28,930576600,2185.760009765625,2243.93994140625,2185.760009765625,2243.93994140625
1999-06-29,930663000,2243.72998046875,2280.409912109375,2192.949951171875,2280.06005859375
1999-06-30,930749400,2280.070068359375,2320.429931640625,2250.949951171875,2296.77001953125
1999-07-01,930835800,2296.77001953125,2329.06005859375,2272.169921875,2322.320068359375
1999-07-02,930922200,2322.320068359375,2348.219970703125,2322.320068359375,2347.8798828125
1999-07-06,931267800,2347.8798828125,2383.02001953125,2325.320068359375,2330.72998046875
1999-07-07,931354200,2331.1201171875,2347.280029296875,2317.3798828125,2340.669921875
1999-07-08,931440600,2340.669921875,2377.860107421875,2329.10009765625,2374.580078125
1999-07-09,931527000,2374.580078125,2393.360107421875,2363.409912109375,2393.02001953125
1999-07-12,931786200,2393.02001953125,2410.6201171875,2370.090087890625,2384.239990234375
1999-07-13,931872600,2384.2099609375,2384.2099609375,2352.52001953125,2373.659912109375
1999-07-14,931959000,2373.610107421875,2417.06005859375,2360.830078125,2417.050048828125
1999-07-15,932045400,2417.050048828125,2430.43994140625,2407.39990234375,2429.27001953125
1999-07-16,932131800,2429.27001953125,2466.800048828125,2429.27001953125,2459.47998046875
1999-07-19,932391000,2459.5,2468.419921875,2422.6298828125,2424.6201171875
1999-07-20,932477400,2424.6201171875,2424.6201171875,2327.72998046875,2329.320068359375
1999-07-21,932563800,2329.320068359375,2368.3701171875,2325.110107421875,2363.6298828125
1999-07-22,932650200,2363.6298828125,2363.6298828125,2281.31005859375,2281.919921875
1999-07-23,932736600,2281.919921875,2313.820068359375,2270,2302.02001953125
1999-07-26,932995800,2302.02001953125,2302.02001953125,2233.14990234375,2233.510009765625
1999-07-27,933082200,2233.510009765625,2312.679931640625,2233.510009765625,2308.780029296875
1999-07-28,933168600,2308.389892578125,2338.010009765625,2282.77001953125,2333.780029296875
1999-07-29,933255000,2333.780029296875,2333.780029296875,2256.179931640625,2263.06005859375
1999-07-30,933341400,2263.06005859375,2309.179931640625,2263.06005859375,2270.929931640625
1999-08-02,933600600,2270.929931640625,2307.550048828125,2255.7900390625,2264.81005859375
1999-08-03,933687000,2264.81005859375,2292.2900390625,2211.43994140625,2239.179931640625
1999-08-04,933773400,2239.179931640625,2258.830078125,2202.489990234375,2204.330078125
1999-08-05,933859800,2204.330078125,2232.22998046875,2148.22998046875,2232.22998046875
1999-08-06,933946200,2232.22998046875,2260.010009765625,2201.89990234375,2212.14990234375
1999-08-09,934205400,2212.14990234375,2226.669921875,2183.85009765625,2187.610107421875
1999-08-10,934291800,2187.610107421875,2192.77001953125,2120.260009765625,2163.77001953125
1999-08-11,934378200,2164.550048828125,2241.820068359375,2164.550048828125,2241.800048828125
1999-08-12,934464600,2241.800048828125,2260.840087890625,2212.989990234375,2214.330078125
1999-08-13,934551000,2216.14990234375,2307.1298828125,2216.14990234375,2307.06005859375
1999-08-16,934810200,2307.06005859375,2332.969970703125,2294.3701171875,2313.080078125
1999-08-17,934896600,2313.080078125,2346.550048828125,2295.110107421875,2337.3701171875
1999-08-18,934983000,2337.3701171875,2351,2317.389892578125,2317.389892578125
1999-08-19,935069400,2317.389892578125,2317.389892578125,2270.9599609375,2278.7900390625
1999-08-20,935155800,2278.7900390625,2315.489990234375,2276.199951171875,2315.070068359375
1999-08-23,935415000,2315.070068359375,2386.010009765625,2315.070068359375,2385.8701171875
1999-08-24,935501400,2385.840087890625,2432.389892578125,2371.139892578125,2404.820068359375
1999-08-25,935587800,2404.820068359375,2465.739990234375,2400.2099609375,2460.919921875
1999-08-26,935674200,2460.919921875,2467.4599609375,2416.31005859375,2417.300048828125
1999-08-27,935760600,2417.300048828125,2438.8798828125,2396.070068359375,2402.570068359375
1999-08-30,936019800,2402.570068359375,2415.60009765625,2358.7900390625,2366.8798828125
1999-08-31,936106200,2366.8798828125,2400.64990234375,2326.989990234375,2396.8701171875
1999-09-01,936192600,2396.8701171875,2433.449951171875,2390.02001953125,2404.93994140625
1999-09-02,936279000,2404.93994140625,2407.489990234375,2356.39990234375,2392.60009765625
1999-09-03,936365400,2393.75,2506.75,2393.75,2506.68994140625
1999-09-07,936711000,2506.68994140625,2525.030029296875,2491.820068359375,2491.820068359375
1999-09-08,936797400,2491.820068359375,2504.550048828125,2453.639892578125,2454.669921875
1999-09-09,936883800,2454.669921875,2506.010009765625,2453.43994140625,2505.5
1999-09-10,936970200,2505.5,2548.550048828125,2502.610107421875,2534.610107421875
1999-09-13,937229400,2533.360107421875,2533.360107421875,2483.10009765625,2483.10009765625
1999-09-14,937315800,2483.300048828125,2525.419921875,2482.139892578125,2522.4599609375
1999-09-15,937402200,2518.840087890625,2539.260009765625,2461.929931640625,2463.090087890625
1999-09-16,937488600,2459.7900390625,2478.8798828125,2413.02001953125,2466.8798828125
1999-09-17,937575000,2468.8798828125,2537.31005859375,2468.8798828125,2536.909912109375
1999-09-20,937834200,2541.159912109375,2551.659912109375,2523.0400390625,2545.409912109375
1999-09-21,937920600,2536.659912109375,2536.659912109375,2472.93994140625,2473.739990234375
1999-09-22,938007000,2474.570068359375,2515.6201171875,2455.85009765625,2513.93994140625
1999-09-23,938093400,2524.7099609375,2539.659912109375,2392.010009765625,2403.070068359375
1999-09-24,938179800,2398.919921875,2410.580078125,2345.219970703125,2399.580078125
1999-09-27,938439000,2401.27001953125,2453.93994140625,2401.27001953125,2426.510009765625
1999-09-28,938525400,2425.699951171875,2437.989990234375,2359.47998046875,2428.110107421875
1999-09-29,938611800,2428.320068359375,2449.27001953125,2397.5,2398.780029296875
1999-09-30,938698200,2401.489990234375,2433.360107421875,2379.419921875,2407.89990234375
1999-10-01,938784600,2407.699951171875,2408.050048828125,2358.219970703125,2404.449951171875
1999-10-04,939043800,2406.449951171875,2467.9599609375,2406.449951171875,2467.919921875
1999-10-05,939130200,2468.43994140625,2507.89990234375,2436.22998046875,2471.5
1999-10-06,939216600,2479.06005859375,2532.39990234375,2479.06005859375,2532.39990234375
1999-10-07,939303000,2535.68994140625,2558.10009765625,2512.2900390625,2532
1999-10-08,939389400,2534.10009765625,2555.360107421875,2484.179931640625,2555.360107421875
1999-10-11,939648600,2556.860107421875,2585.030029296875,2555.179931640625,2578.8798828125
1999-10-12,939735000,2585.530029296875,2586.330078125,2508.02001953125,2526.820068359375
1999-10-13,939821400,2515.800048828125,2527.14990234375,2444.6201171875,2454.489990234375
1999-10-14,939907800,2463.260009765625,2484.239990234375,2426.179931640625,2470.989990234375
1999-10-15,939994200,2467.199951171875,2468.340087890625,2382.239990234375,2403.81005859375
1999-10-18,940253400,2401.199951171875,2404.919921875,2299.949951171875,2362.110107421875
1999-10-19,940339800,2369.550048828125,2401.919921875,2346.27001953125,2362.25
1999-10-20,940426200,2384.52001953125,2466.2900390625,2384.52001953125,2466.2900390625
1999-10-21,940512600,2450.43994140625,2482.030029296875,2396.580078125,2477.139892578125
1999-10-22,940599000,2479.739990234375,2523.610107421875,2472.39990234375,2485.89990234375
1999-10-25,940858200,2488.159912109375,2507.6298828125,2462.699951171875,2484.18994140625
1999-10-26,940944600,2484.85009765625,2522.800048828125,2466.090087890625,2466.39990234375
1999-10-27,941031000,2466.449951171875,2467.889892578125,2423.2900390625,2457.4599609375
1999-10-28,941117400,2471.909912109375,2540.169921875,2471.909912109375,2539.929931640625
1999-10-29,941203800,2539.929931640625,2651.1201171875,2539.929931640625,2637.43994140625
1999-11-01,941466600,2637.0400390625,2661.080078125,2616.27001953125,2616.360107421875
1999-11-02,941553000,2617.070068359375,2662.510009765625,2612.389892578125,2626.989990234375
1999-11-03,941639400,2630.72998046875,2686.699951171875,2630.72998046875,2672.719970703125
1999-11-04,941725800,2682.550048828125,2716.409912109375,2677.1298828125,2703.110107421875
1999-11-05,941812200,2704.8798828125,2765.56005859375,2704.8798828125,2755.699951171875
1999-11-08,942071400,2732.530029296875,2792.27001953125,2725.199951171875,2786.27001953125
1999-11-09,942157800,2791.56005859375,2813.52001953125,2741.169921875,2763.580078125
1999-11-10,942244200,2770.760009765625,2824.679931640625,2757.97998046875,2797.610107421875
1999-11-11,942330600,2798.070068359375,2851.52001953125,2798.070068359375,2849.81005859375
1999-11-12,942417000,2851.360107421875,2889.699951171875,2775.9599609375,2888.909912109375
1999-11-15,942676200,2891.580078125,2901.159912109375,2869.449951171875,2875.8701171875
1999-11-16,942762600,2875.8701171875,2940.610107421875,2875.8701171875,2940.25
1999-11-17,942849000,2952.909912109375,2967.7900390625,2908.030029296875,2911.68994140625
1999-11-18,942935400,2914.25,3003.489990234375,2914.25,3003.489990234375
1999-11-19,943021800,3001.280029296875,3034.780029296875,2983.639892578125,3028.840087890625
1999-11-22,943281000,3028.510009765625,3057.06005859375,3010.919921875,3049.610107421875
1999-11-23,943367400,3049.39990234375,3066.43994140625,2975.7099609375,2999.780029296875
1999-11-24,943453800,3003.02001953125,3108.9599609375,2982.02001953125,3108.52001953125
1999-11-26,943626600,3109.35009765625,3151.77001953125,3108.489990234375,3116.6201171875
1999-11-29,943885800,3114.8798828125,3127.050048828125,3063.22998046875,3063.22998046875
1999-11-30,943972200,3061.679931640625,3067.090087890625,2964.110107421875,2966.7099609375
1999-12-01,944058600,2970.0400390625,3019.2099609375,2956.7900390625,2997.280029296875
1999-12-02,944145000,3002.89990234375,3108.469970703125,3002.89990234375,3108.469970703125
1999-12-03,944231400,3120.1201171875,3209.929931640625,3120.1201171875,3172.3701171875
1999-12-06,944490600,3172.31005859375,3223.6298828125,3152.929931640625,3191.090087890625
1999-12-07,944577000,3190.570068359375,3211.989990234375,3158.72998046875,3205.080078125
1999-12-08,944663400,3197.510009765625,3223.56005859375,3158.8701171875,3164.080078125
1999-12-09,944749800,3184.5,3219.219970703125,3093.97998046875,3167.52001953125
1999-12-10,944836200,3172.3798828125,3208.929931640625,3129.949951171875,3203.280029296875
1999-12-13,945095400,3198.35009765625,3252.919921875,3173.27001953125,3242.3701171875
1999-12-14,945181800,3243.60009765625,3251.7900390625,3166.659912109375,3167.2900390625
1999-12-15,945268200,3165.679931640625,3239.64990234375,3121.320068359375,3239.179931640625
1999-12-16,945354600,3253.97998046875,3332.56005859375,3253.97998046875,3332.31005859375
1999-12-17,945441000,3362.68994140625,3434.219970703125,3341.7099609375,3359.860107421875
1999-12-20,945700200,3361.969970703125,3406.219970703125,3351.530029296875,3390.010009765625
1999-12-21,945786600,3397.260009765625,3528.8798828125,3393.070068359375,3528.530029296875
1999-12-22,945873000,3536.919921875,3568.47998046875,3501.340087890625,3562.2900390625
1999-12-23,945959400,3566.39990234375,3625.580078125,3566.39990234375,3590.280029296875
1999-12-27,946305000,3588.429931640625,3620.1298828125,3521.85009765625,3598.510009765625
1999-12-28,946391400,3601.139892578125,3623.030029296875,3550.8701171875,3579.949951171875
1999-12-29,946477800,3582.929931640625,3689.820068359375,3582.929931640625,3689.679931640625
1999-12-30,946564200,3692.570068359375,3750.409912109375,3680.75,3683.669921875
1999-12-31,946650600,3700,3732.10009765625,3689.75,3707.830078125
2000-01-03,946909800,3755.739990234375,3836.860107421875,3643.25,3790.550048828125
2000-01-04,946996200,3766.570068359375,3766.570068359375,3542.72998046875,3546.199951171875
2000-01-05,947082600,3543.1298828125,3576.169921875,3371.75,3507.31005859375
2000-01-06,947169000,3488.31005859375,3513.550048828125,3334.02001953125,3340.81005859375
2000-01-07,947255400,3337.260009765625,3529.75,3314.75,3529.60009765625
2000-01-10,947514600,3558.2099609375,3756.169921875,3558.2099609375,3717.409912109375
2000-01-11,947601000,3715.219970703125,3717.169921875,3517.7900390625,3544.35009765625
2000-01-12,947687400,3548.77001953125,3572.6201171875,3447.89990234375,3478.139892578125
2000-01-13,947773800,3495.830078125,3612.429931640625,3494.389892578125,3612.080078125
2000-01-14,947860200,3653.300048828125,3744.889892578125,3653.300048828125,3704.739990234375
2000-01-18,948205800,3704.739990234375,3779.56005859375,3665.8701171875,3757.780029296875
2000-01-19,948292200,3741.449951171875,3803.719970703125,3711.9599609375,3790.889892578125
2000-01-20,948378600,3798.840087890625,3877.429931640625,3782.429931640625,3841.739990234375
2000-01-21,948465000,3841.739990234375,3891.81005859375,3806.580078125,3849.9599609375
2000-01-24,948724200,3888.330078125,3905.10009765625,3660.860107421875,3660.9599609375
2000-01-25,948810600,3667.02001953125,3759.330078125,3591.340087890625,3759.110107421875
2000-01-26,948897000,3762.68994140625,3762.68994140625,3621.10009765625,3621.2099609375
2000-01-27,948983400,3628.8798828125,3701.300048828125,3512.070068359375,3593.14990234375
2000-01-28,949069800,3595.889892578125,3618.080078125,3408.030029296875,3446.1298828125
2000-01-31,949329000,3438.090087890625,3570.590087890625,3349.06005859375,3570.050048828125
2000-02-01,949415400,3580.2900390625,3703.590087890625,3544.929931640625,3701.780029296875
2000-02-02,949501800,3700.199951171875,3785.360107421875,3693.949951171875,3724.4599609375
2000-02-03,949588200,3726.1298828125,3857.340087890625,3704.22998046875,3851.159912109375
2000-02-04,949674600,3858.60009765625,3929.81005859375,3856.830078125,3874.3701171875
2000-02-07,949933800,3873.429931640625,3933.75,3858.889892578125,3933.340087890625
2000-02-08,950020200,3932.239990234375,4063.7900390625,3932.239990234375,4062.77001953125
2000-02-09,950106600,4061.739990234375,4087.840087890625,3966.330078125,3968.4599609375
2000-02-10,950193000,3974.830078125,4090.070068359375,3956.89990234375,4090
2000-02-11,950279400,4090.260009765625,4090.260009765625,3933.780029296875,3968.889892578125
2000-02-14,950538600,3969.949951171875,4005.590087890625,3918.8701171875,3986.1298828125
2000-02-15,950625000,3983.85009765625,4024.1298828125,3848.3701171875,3997.030029296875
2000-02-16,950711400,3997.030029296875,4063.580078125,3982.550048828125,3997.969970703125
2000-02-17,950797800,4012.2900390625,4127.35009765625,3993.570068359375,4125.3798828125
2000-02-18,950884200,4130.5498046875,4135.60009765625,3959.830078125,3965.75
2000-02-22,951229800,3970.530029296875,4001.070068359375,3856.02001953125,3969.1298828125
2000-02-23,951316200,3966,4198.16015625,3966,4170.08984375
2000-02-24,951402600,4169.66015625,4253.75,4099.39013671875,4253.0498046875
2000-02-25,951489000,4254.56005859375,4297.4599609375,4169.33984375,4178.580078125
2000-02-28,951748200,4178.580078125,4224.9501953125,4024.080078125,4162.1298828125
2000-02-29,951834600,4174.75,4269.759765625,4174.75,4266.93994140625
2000-03-01,951921000,4275.72021484375,4346.41015625,4269.66015625,4309.009765625
2000-03-02,952007400,4311.97021484375,4337.64990234375,4197.97998046875,4234.259765625
2000-03-03,952093800,4257.52978515625,4442.8701171875,4257.52978515625,4442.8701171875
2000-03-06,952353000,4448.47998046875,4528.68994140625,4436.60009765625,4457.18017578125
2000-03-07,952439400,4489.490234375,4560.9599609375,4355.60986328125,4390.830078125
2000-03-08,952525800,4409.97998046875,4470.27978515625,4266.8701171875,4445.68017578125
2000-03-09,952612200,4446.47998046875,4587.5498046875,4379.60009765625,4586.259765625
2000-03-10,952698600,4586.259765625,4659.72021484375,4549.06982421875,4587.16015625
2000-03-13,952957800,4585.16015625,4585.16015625,4387.740234375,4426.7998046875
2000-03-14,953044200,4448.6298828125,4537.990234375,4226.7900390625,4226.990234375
2000-03-15,953130600,4250.740234375,4341.5400390625,4094.0400390625,4130.009765625
2000-03-16,953217000,4141.22998046875,4353.58984375,4049.97998046875,4353.330078125
2000-03-17,953303400,4349.259765625,4441,4326.759765625,4440.4501953125
2000-03-20,953562600,4443.35009765625,4460.3701171875,4260.919921875,4261.14990234375
2000-03-21,953649000,4259.580078125,4450.41015625,4155.33984375,4449.330078125
2000-03-22,953735400,4449.22021484375,4639.1201171875,4449.22021484375,4596.81005859375
2000-03-23,953821800,4594.3701171875,4704.2099609375,4547,4660.6201171875
2000-03-24,953908200,4659.759765625,4816.35009765625,4608.919921875,4691.60986328125
2000-03-27,954167400,4687.60009765625,4781.18994140625,4687.60009765625,4704.72998046875
2000-03-28,954253800,4705.75,4714.35009765625,4582.4501953125,4583.39013671875
2000-03-29,954340200,4583.81005859375,4615.08984375,4408.60009765625,4413.919921875
2000-03-30,954426600,4376.41015625,4491.080078125,4151.1201171875,4250.18994140625
2000-03-31,954513000,4268.64013671875,4424.43017578125,4171.08984375,4397.83984375
2000-04-03,954768600,4355.7001953125,4355.7001953125,4041.239990234375,4077.02001953125
2000-04-04,954855000,4089.780029296875,4146.5,3525.43994140625,4034.169921875
2000-04-05,954941400,4028.39990234375,4156.43017578125,3884.320068359375,4030.260009765625
2000-04-06,955027800,4036.389892578125,4161.419921875,4005.31005859375,4086.72998046875
2000-04-07,955114200,4111.18017578125,4292.8798828125,4111.18017578125,4291.52978515625
2000-04-10,955373400,4293.6298828125,4308.6201171875,3998.10009765625,3998.260009765625
2000-04-11,955459800,3987.239990234375,4049.550048828125,3829.389892578125,3909.2099609375
2000-04-12,955546200,3909,3943.679931640625,3632.409912109375,3633.6298828125
2000-04-13,955632600,3645.7900390625,3831.699951171875,3552.510009765625,3553.81005859375
2000-04-14,955719000,3536.409912109375,3536.409912109375,3138.419921875,3207.9599609375
2000-04-17,955978200,3194.5,3530.669921875,3107.419921875,3529.449951171875
2000-04-18,956064600,3531.070068359375,3717.659912109375,3511.81005859375,3715.81005859375
2000-04-19,956151000,3720.239990234375,3753.449951171875,3578.89990234375,3583.070068359375
2000-04-20,956237400,3587.27001953125,3632.239990234375,3453.300048828125,3505.2900390625
2000-04-24,956583000,3448.22998046875,3448.22998046875,3200.89990234375,3353.530029296875
2000-04-25,956669400,3371.2099609375,3622.2900390625,3371.2099609375,3621.56005859375
2000-04-26,956755800,3622.800048828125,3690.2900390625,3505.110107421875,3505.7099609375
2000-04-27,956842200,3504.199951171875,3692.919921875,3390.60009765625,3692.570068359375
2000-04-28,956928600,3696.419921875,3790.780029296875,3696.419921875,3773.179931640625
2000-05-01,957187800,3789.199951171875,3871.929931640625,3777.050048828125,3829.840087890625
2000-05-02,957274200,3768.0400390625,3824.469970703125,3626.5400390625,3627.31005859375
2000-05-03,957360600,3627.31005859375,3627.31005859375,3435.300048828125,3562.159912109375
2000-05-04,957447000,3561.719970703125,3627.35009765625,3518.1201171875,3570.72998046875
2000-05-05,957533400,3571.27001953125,3692.39990234375,3534.070068359375,3688.360107421875
2000-05-08,957792600,3688.360107421875,3688.360107421875,3521.050048828125,3521.60009765625
2000-05-09,957879000,3525.22998046875,3567.9599609375,3401.820068359375,3445.260009765625
2000-05-10,957965400,3436.679931640625,3436.679931640625,3234.9599609375,3244.72998046875
2000-05-11,958051800,3311.510009765625,3381.699951171875,3237.860107421875,3381.570068359375
2000-05-12,958138200,3381.570068359375,3504.81005859375,3381.570068359375,3406.25
2000-05-15,958397400,3404.56005859375,3512.2099609375,3314.43994140625,3512.110107421875
2000-05-16,958483800,3520.97998046875,3653.760009765625,3520.97998046875,3646.889892578125
2000-05-17,958570200,3635.030029296875,3635.030029296875,3527.669921875,3550.5
2000-05-18,958656600,3547.52001953125,3575.780029296875,3426.35009765625,3426.35009765625
2000-05-19,958743000,3425.3798828125,3425.3798828125,3259.179931640625,3260.639892578125
2000-05-22,959002200,3261.469970703125,3269.5400390625,3029.139892578125,3264.7099609375
2000-05-23,959088600,3262.77001953125,3298.4599609375,3022.52001953125,3023.419921875
2000-05-24,959175000,3023.489990234375,3185.739990234375,2897.27001953125,3180.31005859375
2000-05-25,959261400,3181.5,3290.530029296875,3078.179931640625,3099.280029296875
2000-05-26,959347800,3100.969970703125,3170.719970703125,3033.5,3101.43994140625
2000-05-30,959693400,3101.429931640625,3415.7099609375,3101.429931640625,3414.030029296875
2000-05-31,959779800,3414.030029296875,3458.340087890625,3322.219970703125,3324.080078125
2000-06-01,959866200,3331.800048828125,3526.530029296875,3331.800048828125,3518.97998046875
2000-06-02,959952600,3518.97998046875,3759.81005859375,3518.97998046875,3755.669921875
2000-06-05,960211800,3742.280029296875,3817.25,3688.889892578125,3730.31005859375
2000-06-06,960298200,3730.31005859375,3801.31005859375,3637.800048828125,3646.320068359375
2000-06-07,960384600,3644.4599609375,3736.14990234375,3599.530029296875,3736.010009765625
2000-06-08,960471000,3737.929931640625,3791.419921875,3671.43994140625,3707.31005859375
2000-06-09,960557400,3707.31005859375,3785.02001953125,3707.31005859375,3760.260009765625
2000-06-12,960816600,3761.14990234375,3779.739990234375,3638.31005859375,3638.419921875
2000-06-13,960903000,3638.5400390625,3766.52001953125,3582.52001953125,3765.81005859375
2000-06-14,960989400,3767.5400390625,3793.719970703125,3670.7099609375,3677.489990234375
2000-06-15,961075800,3680.669921875,3755.719970703125,3639.179931640625,3752.010009765625
2000-06-16,961162200,3758.360107421875,3817.85009765625,3732.830078125,3787.360107421875
2000-06-19,961421400,3787.360107421875,3935.330078125,3730.77001953125,3933.699951171875
2000-06-20,961507800,3933.699951171875,3990.2099609375,3898.280029296875,3933.830078125
2000-06-21,961594200,3928.97998046875,3981.260009765625,3867.919921875,3970
2000-06-22,961680600,3968.85009765625,3968.85009765625,3804,3804.110107421875
2000-06-23,961767000,3809.39990234375,3821.949951171875,3669.39990234375,3685.300048828125
2000-06-26,962026200,3685.300048828125,3840.5400390625,3685.300048828125,3771.449951171875
2000-06-27,962112600,3771.449951171875,3804.93994140625,3698.5,3699
2000-06-28,962199000,3701.110107421875,3817.5,3701.110107421875,3771.06005859375
2000-06-29,962285400,3764.830078125,3764.830078125,3634.030029296875,3665.830078125
2000-06-30,962371800,3666.179931640625,3764.9599609375,3666.179931640625,3763.7900390625
2000-07-03,962631000,3763.7900390625,3811.590087890625,3744.6298828125,3804.780029296875
2000-07-05,962803800,3804.9599609375,3804.9599609375,3646.4599609375,3649.800048828125
2000-07-06,962890200,3648.1298828125,3793.89990234375,3610.27001953125,3793.47998046875
2000-07-07,962976600,3793.010009765625,3884.840087890625,3781.56005859375,3841.27001953125
2000-07-10,963235800,3841.510009765625,3841.510009765625,3767.56005859375,3772.199951171875
2000-07-11,963322200,3772.610107421875,3835.02001953125,3720.02001953125,3744.530029296875
2000-07-12,963408600,3810.360107421875,3909.409912109375,3792.97998046875,3901.1201171875
2000-07-13,963495000,3901.1201171875,3991.8701171875,3900.22998046875,3956.669921875
2000-07-14,963581400,3962.820068359375,4051.89990234375,3962.679931640625,4041.14990234375
2000-07-17,963840600,4041.14990234375,4089.0400390625,4007.6201171875,4061.8798828125
2000-07-18,963927000,4060.31005859375,4060.31005859375,3949.85009765625,3960.9599609375
2000-07-19,964013400,3960.9599609375,3960.9599609375,3835.1201171875,3843.97998046875
2000-07-20,964099800,3843.97998046875,3999.06005859375,3843.97998046875,3995.4599609375
2000-07-21,964186200,3992.830078125,3992.830078125,3892.25,3908.75
2000-07-24,964445400,3908.75,3966.830078125,3787.2900390625,3790.6201171875
2000-07-25,964531800,3790.6201171875,3871.639892578125,3762,3865.389892578125
2000-07-26,964618200,3865.330078125,3865.330078125,3741.840087890625,3818.31005859375
2000-07-27,964704600,3816.489990234375,3816.489990234375,3680.780029296875,3681.6298828125
2000-07-28,964791000,3689.68994140625,3716.949951171875,3452.949951171875,3477.31005859375
2000-07-31,965050200,3477.530029296875,3610.949951171875,3437.590087890625,3609.35009765625
2000-08-01,965136600,3609.35009765625,3609.35009765625,3518.610107421875,3521.14990234375
2000-08-02,965223000,3521.14990234375,3617.25,3486.4599609375,3490.340087890625
2000-08-03,965309400,3490.340087890625,3625.639892578125,3341.830078125,3623.5
2000-08-04,965395800,3624.169921875,3715.570068359375,3577.1298828125,3618.6298828125
2000-08-07,965655000,3618.6298828125,3726.89990234375,3618.6298828125,3710.389892578125
2000-08-08,965741400,3708.949951171875,3741.510009765625,3671.75,3686.3701171875
2000-08-09,965827800,3708.6298828125,3780.429931640625,3691.699951171875,3693.0400390625
2000-08-10,965914200,3687.68994140625,3690.610107421875,3594.800048828125,3595.18994140625
2000-08-11,966000600,3595.14990234375,3645.77001953125,3521.530029296875,3644.610107421875
2000-08-14,966259800,3644.6298828125,3720.81005859375,3616.7099609375,3719.610107421875
2000-08-15,966346200,3718.699951171875,3761.56005859375,3691.27001953125,3722.6201171875
2000-08-16,966432600,3722.6201171875,3791.219970703125,3704.510009765625,3721.25
2000-08-17,966519000,3721.25,3839.760009765625,3716.669921875,3830.590087890625
2000-08-18,966605400,3830.590087890625,3868.739990234375,3799.969970703125,3807.510009765625
2000-08-21,966864600,3809.860107421875,3878.669921875,3785.199951171875,3827.6201171875
2000-08-22,966951000,3832.10009765625,3898.1201171875,3827.300048828125,3827.889892578125
2000-08-23,967037400,3818.06005859375,3899.9599609375,3760.1201171875,3896.919921875
2000-08-24,967123800,3897.050048828125,3954.60009765625,3884.570068359375,3949.570068359375
2000-08-25,967210200,3945.5,3986.72998046875,3915.7900390625,3931.25
2000-08-28,967469400,3933.330078125,3987.7099609375,3928.800048828125,3954.239990234375
2000-08-29,967555800,3955.5400390625,3970.919921875,3923.419921875,3951.93994140625
2000-08-30,967642200,3951.669921875,3984.18994140625,3921.489990234375,3968.72998046875
2000-08-31,967728600,3971.320068359375,4080.47998046875,3971.320068359375,4077.590087890625
2000-09-01,967815000,4084.110107421875,4147.18994140625,4057.43994140625,4099.2998046875
2000-09-05,968160600,4085.889892578125,4085.889892578125,3986.280029296875,3987.030029296875
2000-09-06,968247000,3978.22998046875,3983.739990234375,3837.330078125,3837.6201171875
2000-09-07,968333400,3847.7900390625,3963.93994140625,3847.7900390625,3953.360107421875
2000-09-08,968419800,3949.14990234375,3949.14990234375,3811.60009765625,3813.43994140625
2000-09-11,968679000,3813.43994140625,3852.449951171875,3690.469970703125,3706.739990234375
2000-09-12,968765400,3706.739990234375,3792.3798828125,3645.280029296875,3666.8701171875
2000-09-13,968851800,3666.8701171875,3752.449951171875,3610.64990234375,3741.75
2000-09-14,968938200,3741.75,3834.510009765625,3715.64990234375,3737.419921875
2000-09-15,969024600,3731.72998046875,3748.760009765625,3640.580078125,3676.330078125
2000-09-18,969283800,3676.330078125,3723.669921875,3548.590087890625,3585.52001953125
2000-09-19,969370200,3588.3701171875,3756.8701171875,3588.3701171875,3756.39990234375
2000-09-20,969456600,3756.39990234375,3810.300048828125,3660.31005859375,3790.449951171875
2000-09-21,969543000,3790.449951171875,3790.449951171875,3691.929931640625,3718.14990234375
2000-09-22,969629400,3718.14990234375,3718.14990234375,3505.179931640625,3701.179931640625
2000-09-25,969888600,3753.31005859375,3774.780029296875,3611.090087890625,3622.10009765625
2000-09-26,969975000,3643.64990234375,3696.989990234375,3566.7099609375,3582.590087890625
2000-09-27,970061400,3631.080078125,3648.93994140625,3533.669921875,3571.89990234375
2000-09-28,970147800,3556.989990234375,3725.75,3556.340087890625,3725.14990234375
2000-09-29,970234200,3684.8701171875,3690.239990234375,3557.5400390625,3570.610107421875
2000-10-02,970493400,3613.739990234375,3613.860107421875,3447.7099609375,3457.969970703125
2000-10-03,970579800,3528,3544.5400390625,3351.610107421875,3353.340087890625
2000-10-04,970666200,3337.909912109375,3476.52001953125,3291.610107421875,3453.360107421875
2000-10-05,970752600,3421.4599609375,3492.280029296875,3392,3424.320068359375
2000-10-06,970839000,3432.820068359375,3468.280029296875,3262.800048828125,3311.93994140625
2000-10-09,971098200,3306.75,3359.929931640625,3185.280029296875,3318.89990234375
2000-10-10,971184600,3271.68994140625,3336.610107421875,3175.3798828125,3188.2900390625
2000-10-11,971271000,3077.510009765625,3220.52001953125,3047.169921875,3100.530029296875
2000-10-12,971357400,3175.75,3183.9599609375,3000.429931640625,3004.449951171875
2000-10-13,971443800,2990.989990234375,3278.77001953125,2990.989990234375,3277.77001953125
2000-10-16,971703000,3265.9599609375,3296.949951171875,3203.1298828125,3249.4599609375
2000-10-17,971789400,3313.81005859375,3326.1298828125,3127.6298828125,3172.18994140625
2000-10-18,971875800,3045.699951171875,3245.580078125,2982.0400390625,3139.31005859375
2000-10-19,971962200,3316.6298828125,3404.330078125,3271.199951171875,3402.949951171875
2000-10-20,972048600,3379.72998046875,3514.9599609375,3378.949951171875,3456.610107421875
2000-10-23,972307800,3451.39990234375,3498.0400390625,3378.340087890625,3422
2000-10-24,972394200,3455.3701171875,3481.31005859375,3326.1201171875,3353.260009765625
2000-10-25,972480600,3245.68994140625,3283.199951171875,3086.610107421875,3107.610107421875
2000-10-26,972567000,3127.43994140625,3185.909912109375,2956.199951171875,3167.139892578125
2000-10-27,972653400,3232.81005859375,3275.219970703125,3109.06005859375,3175.25
2000-10-30,972916200,3128.93994140625,3195.449951171875,3038.409912109375,3081.070068359375
2000-10-31,973002600,3120.2099609375,3304.6201171875,3120.2099609375,3282.300048828125
2000-11-01,973089000,3214.39990234375,3311,3176.8701171875,3225.27001953125
2000-11-02,973175400,3292.1298828125,3326.3701171875,3259.070068359375,3308.47998046875
2000-11-03,973261800,3329.260009765625,3359.989990234375,3275.070068359375,3321.909912109375
2000-11-06,973521000,3346.14990234375,3369.469970703125,3285.77001953125,3290.469970703125
2000-11-07,973607400,3262.580078125,3304.3798828125,3217.449951171875,3279.570068359375
2000-11-08,973693800,3295.77001953125,3296.300048828125,3058.659912109375,3059.090087890625
2000-11-09,973780200,2993.02001953125,3081.6201171875,2923.10009765625,3057.06005859375
2000-11-10,973866600,2974.429931640625,3011.580078125,2890.02001953125,2890.260009765625
2000-11-13,974125800,2798.949951171875,2969.6201171875,2742.469970703125,2836.6201171875
2000-11-14,974212200,2952.6201171875,3043.659912109375,2926.659912109375,3039.5
2000-11-15,974298600,3027.610107421875,3128.3701171875,3001.830078125,3076.699951171875
2000-11-16,974385000,3016.800048828125,3082.419921875,2925.080078125,2925.159912109375
2000-11-17,974471400,2934.510009765625,3000.919921875,2850.14990234375,2934.81005859375
2000-11-20,974730600,2838.2900390625,2885.31005859375,2779.780029296875,2792.409912109375
2000-11-21,974817000,2807.419921875,2844.550048828125,2745.699951171875,2786.530029296875
2000-11-22,974903400,2738.2900390625,2806.330078125,2667.110107421875,2668.25
2000-11-24,975076200,2745.389892578125,2830.760009765625,2740.06005859375,2830.090087890625
2000-11-27,975335400,2910.570068359375,2913.760009765625,2759.97998046875,2769.320068359375
2000-11-28,975421800,2763.860107421875,2795.14990234375,2619.5,2621.110107421875
2000-11-29,975508200,2635.050048828125,2670.530029296875,2520.139892578125,2602.85009765625
2000-11-30,975594600,2470.659912109375,2573.110107421875,2426.409912109375,2506.5400390625
2000-12-01,975681000,2566.679931640625,2674.419921875,2499.389892578125,2549.739990234375
2000-12-04,975940200,2572.8798828125,2614.85009765625,2475.6298828125,2554.39990234375
2000-12-05,976026600,2648.5400390625,2852.909912109375,2633.570068359375,2852.8701171875
2000-12-06,976113000,2833.52001953125,2891.5,2721.81005859375,2743.699951171875
2000-12-07,976199400,2688.610107421875,2761.780029296875,2648.93994140625,2719.909912109375
2000-12-08,976285800,2840.199951171875,2914.969970703125,2803.030029296875,2895.389892578125
2000-12-11,976545000,2900.280029296875,2990.830078125,2848.860107421875,2972.909912109375
2000-12-12,976631400,2942.199951171875,2958.2900390625,2862.169921875,2863.2099609375
2000-12-13,976717800,2940.179931640625,2941.340087890625,2741.39990234375,2748.8798828125
2000-12-14,976804200,2744.260009765625,2788.81005859375,2638.110107421875,2639.260009765625
2000-12-15,976890600,2590.840087890625,2624.56005859375,2511.35009765625,2543.090087890625
2000-12-18,977149800,2604.080078125,2639,2511.06005859375,2543.090087890625
2000-12-19,977236200,2538.860107421875,2635.219970703125,2397.8701171875,2399.6298828125
2000-12-20,977322600,2288.280029296875,2337.989990234375,2199.199951171875,2210.320068359375
2000-12-21,977409000,2191.820068359375,2347.280029296875,2174.760009765625,2224.840087890625
2000-12-22,977495400,2303.2099609375,2437.18994140625,2303.2099609375,2436.260009765625
2000-12-26,977841000,2435.510009765625,2477.10009765625,2332.35009765625,2404.60009765625
2000-12-27,977927400,2383.419921875,2468.75,2362.590087890625,2460.2099609375
2000-12-28,978013800,2435.840087890625,2505.64990234375,2420.340087890625,2464.6201171875
2000-12-29,978100200,2465.3701171875,2491.25,2328.860107421875,2341.699951171875
2001-01-02,978445800,2341.280029296875,2347.699951171875,2105.489990234375,2128.780029296875
2001-01-03,978532200,2087.320068359375,2530.530029296875,2087.320068359375,2528.3798828125
2001-01-04,978618600,2485.52001953125,2547.0400390625,2432.0400390625,2460.0400390625
2001-01-05,978705000,2460.81005859375,2463.47998046875,2252.360107421875,2267.85009765625
2001-01-08,978964200,2245.43994140625,2282.949951171875,2151.159912109375,2281.5400390625
2001-01-09,979050600,2312.530029296875,2364.409912109375,2274.080078125,2311.39990234375
2001-01-10,979137000,2253.85009765625,2417.429931640625,2237.449951171875,2413.7099609375
2001-01-11,979223400,2376.860107421875,2550.389892578125,2376.860107421875,2524.2900390625
2001-01-12,979309800,2522.449951171875,2591.550048828125,2471.06005859375,2506.050048828125
2001-01-16,979655400,2502.659912109375,2510.340087890625,2432.8701171875,2470.719970703125
2001-01-17,979741800,2586.800048828125,2629.169921875,2539.090087890625,2558.669921875
2001-01-18,979828200,2574.639892578125,2672.070068359375,2533.3701171875,2670.469970703125
2001-01-19,979914600,2740.110107421875,2740.760009765625,2633.669921875,2655.77001953125
2001-01-22,980173800,2639.610107421875,2683.1201171875,2598.85009765625,2643.1298828125
2001-01-23,980260200,2642.330078125,2738.81005859375,2618.719970703125,2730.050048828125
2001-01-24,980346600,2732.919921875,2771.6298828125,2692.81005859375,2726.449951171875
2001-01-25,980433000,2687.050048828125,2710.219970703125,2595.469970703125,2595.85009765625
2001-01-26,980519400,2538.280029296875,2635.219970703125,2526.550048828125,2631.780029296875
2001-01-29,980778600,2601.669921875,2696.72998046875,2578.840087890625,2694.530029296875
2001-01-30,980865000,2701.340087890625,2716.409912109375,2661.739990234375,2686.139892578125
2001-01-31,980951400,2695.030029296875,2718.510009765625,2591.919921875,2593
2001-02-01,981037800,2586.239990234375,2627.389892578125,2554.93994140625,2607.159912109375
2001-02-02,981124200,2605.639892578125,2616.39990234375,2471.510009765625,2472.179931640625
2001-02-05,981383400,2447.719970703125,2483.580078125,2409.199951171875,2467.300048828125
2001-02-06,981469800,2463.5,2531.050048828125,2456.889892578125,2473.239990234375
2001-02-07,981556200,2421.639892578125,2446.659912109375,2349.919921875,2409.659912109375
2001-02-08,981642600,2436.47998046875,2464.18994140625,2355.14990234375,2355.669921875
2001-02-09,981729000,2333.010009765625,2342.419921875,2247.52001953125,2261.77001953125
2001-02-12,981988200,2247.199951171875,2319.89990234375,2229.22998046875,2286.760009765625
2001-02-13,982074600,2315.4599609375,2367.909912109375,2208.010009765625,2208.39990234375
2001-02-14,982161000,2224.35009765625,2307.27001953125,2173.419921875,2305.820068359375
2001-02-15,982247400,2360.56005859375,2423.64990234375,2355.919921875,2371.0400390625
2001-02-16,982333800,2228.77001953125,2266.360107421875,2187.31005859375,2212.510009765625
2001-02-20,982679400,2229.909912109375,2235.739990234375,2094.580078125,2095.110107421875
2001-02-21,982765800,2056.14990234375,2164.25,2044.739990234375,2058.5400390625
2001-02-22,982852200,2058.56005859375,2088.60009765625,1958.8800048828125,2032.4200439453125
2001-02-23,982938600,1997.550048828125,2061.449951171875,1935.2099609375,2056.06005859375
2001-02-26,983197800,2088.030029296875,2103.6298828125,2020.3199462890625,2097.639892578125
2001-02-27,983284200,2067.14990234375,2081.7900390625,1963.6300048828125,1964.52001953125
2001-02-28,983370600,1983.3499755859375,2010.3199462890625,1880.469970703125,1908.3199462890625
2001-03-01,983457000,1879.8399658203125,1968.02001953125,1837.97998046875,1968.02001953125
2001-03-02,983543400,1886.0400390625,1988.3499755859375,1866.1300048828125,1881.3399658203125
2001-03-05,983802600,1908.6199951171875,1936.02001953125,1892.02001953125,1916.6800537109375
2001-03-06,983889000,1983.280029296875,2029.010009765625,1973.8699951171875,1976.31005859375
2001-03-07,983975400,2018.93994140625,2018.93994140625,1965.9100341796875,1996.22998046875
2001-03-08,984061800,1982.43994140625,1993.5,1933.22998046875,1938.1500244140625
2001-03-09,984148200,1892.7900390625,1892.7900390625,1802.9100341796875,1813.02001953125
2001-03-12,984407400,1758.06005859375,1762.199951171875,1679.72998046875,1680.6400146484375
2001-03-13,984493800,1711.989990234375,1790.31005859375,1691.219970703125,1789.699951171875
2001-03-14,984580200,1711.06005859375,1808.8499755859375,1700.8499755859375,1745.1300048828125
2001-03-15,984666600,1809.5,1813.6800537109375,1697.6099853515625,1697.9200439453125
2001-03-16,984753000,1656.780029296875,1693.5999755859375,1627.800048828125,1647.510009765625
2001-03-19,985012200,1659.699951171875,1732.9200439453125,1632.47998046875,1730.4599609375
2001-03-20,985098600,1742.989990234375,1749.2900390625,1614.4100341796875,1614.469970703125
2001-03-21,985185000,1624.31005859375,1674.31005859375,1594.3900146484375,1605.0400390625
2001-03-22,985271400,1624.81005859375,1703.280029296875,1582.47998046875,1701.9000244140625
2001-03-23,985357800,1743.9599609375,1754.6500244140625,1666.8199462890625,1705.02001953125
2001-03-26,985617000,1735.530029296875,1736.8800048828125,1667.800048828125,1676.9000244140625
2001-03-27,985703400,1680.72998046875,1751.1400146484375,1664.6600341796875,1735.6300048828125
2001-03-28,985789800,1677.6300048828125,1687.9200439453125,1600.3699951171875,1602.219970703125
2001-03-29,985876200,1578.989990234375,1626.8800048828125,1543.3900146484375,1563.1400146484375
2001-03-30,985962600,1573.8199462890625,1600.8800048828125,1530.1400146484375,1573.25
2001-04-02,986218200,1569.6600341796875,1594.3599853515625,1499.300048828125,1516.5799560546875
2001-04-03,986304600,1487.8699951171875,1493.1099853515625,1390.0999755859375,1399.050048828125
2001-04-04,986391000,1392.030029296875,1435.3599853515625,1348.52001953125,1370.75
2001-04-05,986477400,1452.0400390625,1521.760009765625,1434.010009765625,1519.050048828125
2001-04-06,986563800,1483.9599609375,1485.3699951171875,1425.8900146484375,1448.1600341796875
2001-04-09,986823000,1472.81005859375,1495.760009765625,1437.8499755859375,1481.219970703125
2001-04-10,986909400,1515.5799560546875,1620.739990234375,1515.5799560546875,1597.8699951171875
2001-04-11,986995800,1694.5999755859375,1703.8900146484375,1624.800048828125,1647.3599853515625
2001-04-12,987082200,1617.949951171875,1714.68994140625,1605.6099853515625,1714.2900390625
2001-04-16,987427800,1682.1700439453125,1700.3900146484375,1630.31005859375,1650.2099609375
2001-04-17,987514200,1605.5400390625,1694.219970703125,1603.989990234375,1671.510009765625
2001-04-18,987600600,1760.050048828125,1892.8499755859375,1739.1600341796875,1830.7900390625
2001-04-19,987687000,1854.199951171875,1953.5699462890625,1829.97998046875,1953.280029296875
2001-04-20,987773400,1933.6099853515625,1981.9000244140625,1901.4000244140625,1933.5699462890625
2001-04-23,988032600,1881.52001953125,1881.5400390625,1802.8199462890625,1811.8900146484375
2001-04-24,988119000,1809.469970703125,1860.0799560546875,1756.300048828125,1762.2099609375
2001-04-25,988205400,1758.0699462890625,1824.8800048828125,1743.449951171875,1814.3299560546875
2001-04-26,988291800,1839.4000244140625,1844.5699462890625,1761.6700439453125,1763.3299560546875
2001-04-27,988378200,1808.9200439453125,1822.43994140625,1777.18994140625,1810.469970703125
2001-04-30,988637400,1855.9000244140625,1906.9000244140625,1826.1199951171875,1855.1500244140625
2001-05-01,988723800,1854.6700439453125,1919.449951171875,1822.8599853515625,1919.010009765625
2001-05-02,988810200,1958.1700439453125,1980.1300048828125,1916.72998046875,1962.4200439453125
2001-05-03,988896600,1913.9300537109375,1919.6199951171875,1853.8399658203125,1877.800048828125
2001-05-04,988983000,1820.5699462890625,1930.030029296875,1810.8599853515625,1924.1199951171875
2001-05-07,989242200,1924.6800537109375,1948.02001953125,1889.800048828125,1895.4100341796875
2001-05-08,989328600,1939.02001953125,1939.6600341796875,1887.22998046875,1929.239990234375
2001-05-09,989415000,1885,1921.8699951171875,1862.06005859375,1876.5999755859375
2001-05-10,989501400,1926.469970703125,1926.949951171875,1838.02001953125,1838.3199462890625
2001-05-11,989587800,1842.6500244140625,1861.52001953125,1810.8900146484375,1821.199951171875
2001-05-14,989847000,1819.3900146484375,1820.510009765625,1769.3299560546875,1795.06005859375
2001-05-15,989933400,1801.4599609375,1853.050048828125,1790.510009765625,1797.0799560546875
2001-05-16,990019800,1778.7099609375,1904.25,1768.6199951171875,1899.469970703125
2001-05-17,990106200,1900.8399658203125,1955.77001953125,1898.6500244140625,1925.1400146484375
2001-05-18,990192600,1910.7099609375,1940.760009765625,1898.280029296875,1927.68994140625
2001-05-21,990451800,1931.2900390625,2052.669921875,1927.0400390625,2052.570068359375
2001-05-22,990538200,2062.89990234375,2070.610107421875,2023.0699462890625,2042.9300537109375
2001-05-23,990624600,2022.1600341796875,2073.97998046875,1957.43994140625,1957.56005859375
2001-05-24,990711000,1965.43994140625,2003.7099609375,1937.6700439453125,2003.3699951171875
2001-05-25,990797400,2000.1199951171875,2003.6800537109375,1953.239990234375,1960.739990234375
2001-05-29,991143000,1946.5699462890625,1946.5699462890625,1865.1800537109375,1873.530029296875
2001-05-30,991229400,1823.8399658203125,1837.010009765625,1768.97998046875,1779
2001-05-31,991315800,1785.25,1838.2900390625,1784.719970703125,1799.8900146484375
2001-06-01,991402200,1826.02001953125,1852.0799560546875,1785.43994140625,1840.8299560546875
2001-06-04,991661400,1861.1199951171875,1869.97998046875,1819.0799560546875,1838.8399658203125
2001-06-05,991747800,1853.6500244140625,1937.93994140625,1853.469970703125,1923.9000244140625
2001-06-06,991834200,1931.449951171875,1945.93994140625,1890.510009765625,1903.8399658203125
2001-06-07,991920600,1892.97998046875,1963.8299560546875,1891.010009765625,1963.31005859375
2001-06-08,992007000,1959.7099609375,1959.7099609375,1885.8399658203125,1896.219970703125
2001-06-11,992266200,1885.1700439453125,1885.1700439453125,1826.280029296875,1846.5
2001-06-12,992352600,1799.5799560546875,1871.030029296875,1776.4100341796875,1852.030029296875
2001-06-13,992439000,1860.050048828125,1875.2900390625,1789.9100341796875,1790.2099609375
2001-06-14,992525400,1766.4100341796875,1776.3499755859375,1711.3199462890625,1711.3900146484375
2001-06-15,992611800,1679.3299560546875,1725.77001953125,1657.6500244140625,1701.530029296875
2001-06-18,992871000,1712.0400390625,1729.3900146484375,1662.5899658203125,1666.489990234375
2001-06-19,992957400,1736.2900390625,1745.760009765625,1656.739990234375,1675.9000244140625
2001-06-20,993043800,1655.260009765625,1722.8499755859375,1655.260009765625,1721.56005859375
2001-06-21,993130200,1714,1774.25,1697.56005859375,1751.219970703125
2001-06-22,993216600,1755.5699462890625,1773.260009765625,1718.3499755859375,1727.469970703125
2001-06-25,993475800,1752.7099609375,1755.6700439453125,1713.030029296875,1743.9000244140625
2001-06-26,993562200,1708.8900146484375,1757.9300537109375,1705.9300537109375,1751.6199951171875
2001-06-27,993648600,1755.25,1769.550048828125,1726.780029296875,1756.02001953125
2001-06-28,993735000,1782.3199462890625,1847.3800048828125,1782.3199462890625,1808.93994140625
2001-06-29,993821400,1812.1700439453125,1865.3599853515625,1795.449951171875,1830.18994140625
2001-07-02,994080600,1831.4200439453125,1864.199951171875,1815.1099853515625,1830.18994140625
2001-07-03,994167000,1817.7099609375,1832.010009765625,1798.43994140625,1822.1600341796875
2001-07-05,994339800,1800.6300048828125,1812.260009765625,1750.510009765625,1751
2001-07-06,994426200,1728.5699462890625,1729.5699462890625,1666.6199951171875,1668.5899658203125
2001-07-09,994685400,1680.8800048828125,1712.0799560546875,1669.22998046875,1697.050048828125
2001-07-10,994771800,1718.81005859375,1719.3199462890625,1624.800048828125,1624.949951171875
2001-07-11,994858200,1617.510009765625,1646.8299560546875,1600.18994140625,1641.56005859375
2001-07-12,994944600,1708.3199462890625,1757.2900390625,1700.4100341796875,1750.1300048828125
2001-07-13,995031000,1741.3599853515625,1782.52001953125,1723.0799560546875,1751.1099853515625
2001-07-16,995290200,1743.0899658203125,1758.9300537109375,1682.699951171875,1685.739990234375
2001-07-17,995376600,1675.06005859375,1729.6300048828125,1667.47998046875,1729.550048828125
2001-07-18,995463000,1692.1600341796875,1716.1600341796875,1652,1666.8699951171875
2001-07-19,995549400,1700.56005859375,1739.1300048828125,1674.5699462890625,1695.8900146484375
2001-07-20,995635800,1662.3800048828125,1690.1800537109375,1659.97998046875,1676.4599609375
2001-07-23,995895000,1695.199951171875,1699.43994140625,1629.739990234375,1629.9300537109375
2001-07-24,995981400,1618.739990234375,1639.56005859375,1580.5699462890625,1604.8599853515625
2001-07-25,996067800,1609.3699951171875,1632.8900146484375,1581.6700439453125,1627.8599853515625
2001-07-26,996154200,1624.219970703125,1679.239990234375,1604.9200439453125,1673.3900146484375
2001-07-27,996240600,1673.4300537109375,1694.68994140625,1661.1199951171875,1683.1800537109375
2001-07-30,996499800,1689.2099609375,1696.3399658203125,1662.6700439453125,1670.030029296875
2001-07-31,996586200,1678.7099609375,1715.3699951171875,1665.81005859375,1683.6099853515625
2001-08-01,996672600,1713.6700439453125,1743.72998046875,1704.4300537109375,1729.530029296875
2001-08-02,996759000,1758.9300537109375,1766.5799560546875,1718.93994140625,1751.449951171875
2001-08-03,996845400,1744.02001953125,1744.02001953125,1709.31005859375,1725.9000244140625
2001-08-06,997104600,1705.8800048828125,1718.5899658203125,1700.239990234375,1702.8399658203125
2001-08-07,997191000,1695.27001953125,1717.1099853515625,1684.0899658203125,1696.3699951171875
2001-08-08,997277400,1681.8499755859375,1710.52001953125,1618.77001953125,1626.199951171875
2001-08-09,997363800,1622.449951171875,1639.5400390625,1603.97998046875,1628.9200439453125
2001-08-10,997450200,1621.5,1634.6700439453125,1576.0699462890625,1617.449951171875
2001-08-13,997709400,1627.3399658203125,1657.989990234375,1615.260009765625,1653.27001953125
2001-08-14,997795800,1665.1600341796875,1672.0699462890625,1627.6099853515625,1629.949951171875
2001-08-15,997882200,1629.530029296875,1641.8399658203125,1571.9200439453125,1572.030029296875
2001-08-16,997968600,1548.300048828125,1582.199951171875,1526.81005859375,1581.97998046875
2001-08-17,998055000,1541.6099853515625,1556.010009765625,1514,1516.5799560546875
2001-08-20,998314200,1518.18994140625,1536.780029296875,1506.530029296875,1535.989990234375
2001-08-21,998400600,1538.800048828125,1550.199951171875,1480.4300537109375,1480.739990234375
2001-08-22,998487000,1504.6500244140625,1517.8299560546875,1467.5799560546875,1515.4100341796875
2001-08-23,998573400,1513.3699951171875,1542.5899658203125,1496.6400146484375,1496.97998046875
2001-08-24,998659800,1521.47998046875,1579.6800537109375,1515.3399658203125,1579.6199951171875
2001-08-27,998919000,1576.1600341796875,1601.969970703125,1559.6700439453125,1578.3299560546875
2001-08-28,999005400,1579.550048828125,1581.8199462890625,1526.0799560546875,1526.300048828125
2001-08-29,999091800,1538.1600341796875,1541.93994140625,1491.219970703125,1499.760009765625
2001-08-30,999178200,1472.6500244140625,1495.0999755859375,1438.9100341796875,1453.9000244140625
2001-08-31,999264600,1444.72998046875,1484.989990234375,1443.550048828125,1469.699951171875
2001-09-04,999610200,1466.3199462890625,1502.6700439453125,1424.06005859375,1424.1199951171875
2001-09-05,999696600,1425.3499755859375,1440.3299560546875,1371.300048828125,1415.300048828125
2001-09-06,999783000,1392,1418.6600341796875,1360.5699462890625,1361.68994140625
2001-09-07,999869400,1347.6199951171875,1390.1199951171875,1339.8900146484375,1354.27001953125
2001-09-10,1000128600,1342.0799560546875,1375.5999755859375,1339.4100341796875,1365.3900146484375
2001-09-17,1000733400,1277.1199951171875,1310.22998046875,1251.8900146484375,1252.699951171875
2001-09-18,1000819800,1268.280029296875,1282.72998046875,1220.989990234375,1224.6400146484375
2001-09-19,1000906200,1230.1400146484375,1242.72998046875,1135.8499755859375,1208.22998046875
2001-09-20,1000992600,1175.0999755859375,1205.6400146484375,1160.6099853515625,1166.27001953125
2001-09-21,1001079000,1088.9599609375,1160.239990234375,1088.9599609375,1126.949951171875
2001-09-24,1001338200,1166.719970703125,1202.5699462890625,1158.8599853515625,1191.02001953125
2001-09-25,1001424600,1194.0899658203125,1220.3900146484375,1162.9100341796875,1187.77001953125
2001-09-26,1001511000,1203.43994140625,1203.6400146484375,1141.030029296875,1143.47998046875
2001-09-27,1001597400,1137.489990234375,1153.3299560546875,1101.3900146484375,1144.27001953125
2001-09-28,1001683800,1158.0699462890625,1255.93994140625,1145.760009765625,1168.3699951171875
2001-10-01,1001943000,1161.739990234375,1163.1700439453125,1131.3199462890625,1151.239990234375
2001-10-02,1002029400,1150.7900390625,1179.0699462890625,1141.6199951171875,1159.3699951171875
2001-10-03,1002115800,1144.760009765625,1267.510009765625,1139.2099609375,1249.4100341796875
2001-10-04,1002202200,1271.739990234375,1313.6400146484375,1242.97998046875,1260.6600341796875
2001-10-05,1002288600,1248.1800537109375,1280.1199951171875,1216.0699462890625,1271.72998046875
2001-10-08,1002547800,1249.3199462890625,1297.489990234375,1242.93994140625,1279.6300048828125
2001-10-09,1002634200,1278.989990234375,1284.9200439453125,1240.7900390625,1244.56005859375
2001-10-10,1002720600,1239.77001953125,1305.4599609375,1235.4200439453125,1304.6800537109375
2001-10-11,1002807000,1333.8699951171875,1389.8699951171875,1333.280029296875,1389.8699951171875
2001-10-12,1002893400,1376.27001953125,1396.2900390625,1333.6500244140625,1393.8399658203125
2001-10-15,1003152600,1370.199951171875,1385.969970703125,1351.81005859375,1378.9200439453125
2001-10-16,1003239000,1390.3699951171875,1406.199951171875,1368.3399658203125,1404.81005859375
2001-10-17,1003325400,1440.6300048828125,1440.6300048828125,1314.800048828125,1314.800048828125
2001-10-18,1003411800,1315.3399658203125,1344.4300537109375,1302.75,1330.3299560546875
2001-10-19,1003498200,1317.22998046875,1353.260009765625,1302.530029296875,1347.5899658203125
2001-10-22,1003757400,1340.9599609375,1383.1099853515625,1333.6199951171875,1383.0699462890625
2001-10-23,1003843800,1397.27001953125,1419.7099609375,1371.030029296875,1384.06005859375
2001-10-24,1003930200,1388.510009765625,1430.75,1379.3699951171875,1424.68994140625
2001-10-25,1004016600,1396.3499755859375,1479.050048828125,1374.6500244140625,1479.050048828125
2001-10-26,1004103000,1461.8800048828125,1487.4000244140625,1453.52001953125,1454.9000244140625
2001-10-29,1004365800,1445.6400146484375,1450.6800537109375,1374.47998046875,1374.5799560546875
2001-10-30,1004452200,1353.9599609375,1367.7900390625,1320.47998046875,1342.260009765625
2001-10-31,1004538600,1368.5400390625,1403.0899658203125,1354.739990234375,1364.780029296875
2001-11-01,1004625000,1381.699951171875,1426.93994140625,1358.719970703125,1424.1500244140625
2001-11-02,1004711400,1417.4000244140625,1439.010009765625,1402.2099609375,1425.780029296875
2001-11-05,1004970600,1453.93994140625,1490.1099853515625,1453.75,1480.2099609375
2001-11-06,1005057000,1471.1099853515625,1523.6600341796875,1462.18994140625,1523.0899658203125
2001-11-07,1005143400,1506.1099853515625,1559.0400390625,1506.1099853515625,1524.6700439453125
2001-11-08,1005229800,1548,1580.5899658203125,1497.8900146484375,1510.5999755859375
2001-11-09,1005316200,1508.0899658203125,1526.93994140625,1491,1514.9599609375
2001-11-12,1005575400,1511.77001953125,1538.75,1463.1199951171875,1528.75
2001-11-13,1005661800,1566.47998046875,1585.0699462890625,1552.56005859375,1580.760009765625
2001-11-14,1005748200,1601.52001953125,1614.77001953125,1556.7099609375,1585.8900146484375
2001-11-15,1005834600,1572.8199462890625,1609.0400390625,1566.4200439453125,1582.5799560546875
2001-11-16,1005921000,1586.800048828125,1591.5799560546875,1563.5999755859375,1582.1400146484375
2001-11-19,1006180200,1597.800048828125,1618.18994140625,1586.6600341796875,1617.5799560546875
2001-11-20,1006266600,1607.6099853515625,1614.3699951171875,1546.5999755859375,1549.699951171875
2001-11-21,1006353000,1543.7099609375,1562.760009765625,1526.0799560546875,1552.010009765625
2001-11-23,1006525800,1557.0899658203125,1581.6099853515625,1549.3900146484375,1577.469970703125
2001-11-26,1006785000,1590.050048828125,1619.72998046875,1580.9200439453125,1619.6500244140625
2001-11-27,1006871400,1607.6099853515625,1644.3800048828125,1575.47998046875,1609.8699951171875
2001-11-28,1006957800,1594.8800048828125,1620.1500244140625,1557.030029296875,1557.030029296875
2001-11-29,1007044200,1569.4200439453125,1599.6400146484375,1558.6500244140625,1599.300048828125
2001-11-30,1007130600,1594.8299560546875,1608.4300537109375,1581.280029296875,1596.050048828125
2001-12-03,1007389800,1576.260009765625,1590.300048828125,1562.72998046875,1567.5400390625
2001-12-04,1007476200,1582.0699462890625,1634.550048828125,1577.3399658203125,1634.27001953125
2001-12-05,1007562600,1653.6300048828125,1731.2900390625,1653.6300048828125,1720.9100341796875
2001-12-06,1007649000,1715.010009765625,1734.5799560546875,1703.02001953125,1717.969970703125
2001-12-07,1007735400,1706.27001953125,1709.5,1652.6600341796875,1673.9000244140625
2001-12-10,1007994600,1658.469970703125,1694.3299560546875,1642.4200439453125,1645.3599853515625
2001-12-11,1008081000,1666.260009765625,1695.1500244140625,1654.719970703125,1661.27001953125
2001-12-12,1008167400,1666.5,1683.47998046875,1631.4200439453125,1669.949951171875
2001-12-13,1008253800,1634.6199951171875,1645.0400390625,1601.7099609375,1601.9100341796875
2001-12-14,1008340200,1601.219970703125,1622.7900390625,1590.7099609375,1605.6700439453125
2001-12-17,1008599400,1607.0799560546875,1654.449951171875,1607.02001953125,1640.3399658203125
2001-12-18,1008685800,1653.31005859375,1665.3900146484375,1642.8699951171875,1657.6800537109375
2001-12-19,1008772200,1629.469970703125,1658.5799560546875,1620.719970703125,1628.68994140625
2001-12-20,1008858600,1613.06005859375,1617.22998046875,1557.1800537109375,1557.3599853515625
2001-12-21,1008945000,1579.8900146484375,1594.0799560546875,1573.02001953125,1578.27001953125
2001-12-24,1009204200,1581.1600341796875,1590.0400390625,1575.010009765625,1577.31005859375
2001-12-26,1009377000,1583.68994140625,1618.0400390625,1583.68994140625,1590.8399658203125
2001-12-27,1009463400,1599.25,1614.43994140625,1591.77001953125,1606.47998046875
2001-12-28,1009549800,1617.8499755859375,1637.5699462890625,1617.010009765625,1621.1300048828125
2001-12-31,1009809000,1617.3499755859375,1623.6300048828125,1577.030029296875,1577.050048828125
2002-01-02,1009981800,1590.7099609375,1610.4100341796875,1565.0799560546875,1610.3900146484375
2002-01-03,1010068200,1618.300048828125,1667.18994140625,1618.300048828125,1666.6600341796875
2002-01-04,1010154600,1685.5400390625,1698.4599609375,1645.3199462890625,1675.030029296875
2002-01-07,1010413800,1691.3599853515625,1694.27001953125,1647.56005859375,1649.8299560546875
2002-01-08,1010500200,1651.4200439453125,1676.68994140625,1641.1700439453125,1666.5799560546875
2002-01-09,1010586600,1688.260009765625,1710.22998046875,1644.8900146484375,1653.760009765625
2002-01-10,1010673000,1653.969970703125,1667.2900390625,1635.0799560546875,1656.6800537109375
2002-01-11,1010759400,1659.469970703125,1670.3199462890625,1627.4200439453125,1634.1700439453125
2002-01-14,1011018600,1624.9100341796875,1633.1199951171875,1595.0400390625,1603.760009765625
2002-01-15,1011105000,1607.010009765625,1628,1590.8299560546875,1612.4599609375
2002-01-16,1011191400,1588.77001953125,1597.1500244140625,1558.969970703125,1558.97998046875
2002-01-17,1011277800,1587.010009765625,1605.280029296875,1569.1099853515625,1602.3199462890625
2002-01-18,1011364200,1558.4100341796875,1582.9200439453125,1537.989990234375,1548.219970703125
2002-01-22,1011709800,1567.5899658203125,1567.5899658203125,1500.8900146484375,1501.780029296875
2002-01-23,1011796200,1511.949951171875,1553.4100341796875,1501.7900390625,1549.2099609375
2002-01-24,1011882600,1565.3399658203125,1586.3399658203125,1559.3499755859375,1565.1300048828125
2002-01-25,1011969000,1546.0999755859375,1572.0899658203125,1541.8399658203125,1558.260009765625
2002-01-28,1012228200,1573.3900146484375,1581.3800048828125,1543.510009765625,1564.8599853515625
2002-01-29,1012314600,1570.699951171875,1582.6500244140625,1508.6199951171875,1519.3299560546875
2002-01-30,1012401000,1525.0899658203125,1539.0699462890625,1481.4599609375,1538.93994140625
2002-01-31,1012487400,1549.469970703125,1554.949951171875,1528.0400390625,1550.1700439453125
2002-02-01,1012573800,1544.4200439453125,1561.239990234375,1515.8499755859375,1528.1500244140625
2002-02-04,1012833000,1526.3199462890625,1528.300048828125,1471.52001953125,1479.1700439453125
2002-02-05,1012919400,1468.6099853515625,1497.4100341796875,1454.77001953125,1462.8599853515625
2002-02-06,1013005800,1480.449951171875,1480.449951171875,1434.9599609375,1445.9599609375
2002-02-07,1013092200,1445.1099853515625,1459.93994140625,1413.4200439453125,1413.8599853515625
2002-02-08,1013178600,1426.260009765625,1452.1700439453125,1405.7900390625,1452.1700439453125
2002-02-11,1013437800,1451.1300048828125,1477.9599609375,1446.68994140625,1477.6400146484375
2002-02-12,1013524200,1458.280029296875,1484.969970703125,1448.77001953125,1464.760009765625
2002-02-13,1013610600,1476.25,1492.27001953125,1471.260009765625,1486.75
2002-02-14,1013697000,1491.18994140625,1508.25,1471.239990234375,1474.7099609375
2002-02-15,1013783400,1477.4599609375,1482.5699462890625,1432.9599609375,1436.699951171875
2002-02-19,1014129000,1421.0699462890625,1424.0400390625,1380.4599609375,1387.27001953125
2002-02-20,1014215400,1400.8299560546875,1411.969970703125,1364.2099609375,1408.260009765625
2002-02-21,1014301800,1397.1700439453125,1403.31005859375,1348.25,1348.25
2002-02-22,1014388200,1351.239990234375,1372.06005859375,1329.9300537109375,1356.1600341796875
2002-02-25,1014647400,1366.43994140625,1414.2900390625,1365.949951171875,1407.989990234375
2002-02-26,1014733800,1416.0999755859375,1423.4300537109375,1382.989990234375,1401.18994140625
2002-02-27,1014820200,1420.300048828125,1426.25,1369.239990234375,1378.47998046875
2002-02-28,1014906600,1386.1500244140625,1404.0400390625,1356.0400390625,1359.219970703125
2002-03-01,1014993000,1373.1500244140625,1435.81005859375,1370.3199462890625,1435.4100341796875
2002-03-04,1015252200,1434.68994140625,1495.18994140625,1422.219970703125,1494.699951171875
2002-03-05,1015338600,1484.8299560546875,1519.3599853515625,1480.1700439453125,1498.949951171875
2002-03-06,1015425000,1488.800048828125,1523.1199951171875,1471.6600341796875,1519.949951171875
2002-03-07,1015511400,1531.4300537109375,1538.4100341796875,1488.25,1506.81005859375
2002-03-08,1015597800,1537.030029296875,1562.969970703125,1532.6300048828125,1555.1099853515625
2002-03-11,1015857000,1542.0899658203125,1573.4200439453125,1530.510009765625,1553.800048828125
2002-03-12,1015943400,1510.06005859375,1523.449951171875,1500.4200439453125,1520.5400390625
2002-03-13,1016029800,1502.4000244140625,1512.4000244140625,1482.4100341796875,1486.27001953125
2002-03-14,1016116200,1488.3599853515625,1500.9000244140625,1476.1400146484375,1477.18994140625
2002-03-15,1016202600,1484.4599609375,1498.52001953125,1470.489990234375,1495.4100341796875
2002-03-18,1016461800,1511.8299560546875,1523.27001953125,1489.3499755859375,1505.8900146484375
2002-03-19,1016548200,1510.4599609375,1519.1199951171875,1496.6700439453125,1504.6700439453125
2002-03-20,1016634600,1482.0999755859375,1488.510009765625,1451.02001953125,1451.02001953125
2002-03-21,1016721000,1452.1800537109375,1491.31005859375,1443.1700439453125,1488.969970703125
2002-03-22,1016807400,1483.0400390625,1491.030029296875,1467.1600341796875,1470.0999755859375
2002-03-25,1017066600,1473.6199951171875,1481.969970703125,1427.510009765625,1427.5999755859375
2002-03-26,1017153000,1423.5699462890625,1462.5,1423.030029296875,1439.550048828125
2002-03-27,1017239400,1431.3499755859375,1446.1099853515625,1424.18994140625,1436.510009765625
2002-03-28,1017325800,1447.47998046875,1463.02001953125,1443.2900390625,1452.81005859375
2002-04-01,1017671400,1440.3800048828125,1481.739990234375,1425.6300048828125,1478.52001953125
2002-04-02,1017757800,1444.949951171875,1451.72998046875,1410.4100341796875,1410.4100341796875
2002-04-03,1017844200,1417.780029296875,1423.469970703125,1378.9300537109375,1394.2099609375
2002-04-04,1017930600,1385.530029296875,1411.6600341796875,1377.8800048828125,1396.969970703125
2002-04-05,1018017000,1405.9200439453125,1412.8499755859375,1375.6300048828125,1376.719970703125
2002-04-08,1018272600,1346.77001953125,1395.25,1342.989990234375,1392.9599609375
2002-04-09,1018359000,1397.5899658203125,1405.0999755859375,1345.1099853515625,1345.3199462890625
2002-04-10,1018445400,1356.469970703125,1375.1400146484375,1332.6800537109375,1363.2900390625
2002-04-11,1018531800,1352.760009765625,1360.6199951171875,1322.25,1324.6500244140625
2002-04-12,1018618200,1340.6600341796875,1356.8299560546875,1325.5699462890625,1351.8499755859375
2002-04-15,1018877400,1358.760009765625,1364.239990234375,1336.4200439453125,1355.0899658203125
2002-04-16,1018963800,1382.8599853515625,1414.760009765625,1382.8599853515625,1413.9300537109375
2002-04-17,1019050200,1422.4200439453125,1426.010009765625,1393.18994140625,1403.7099609375
2002-04-18,1019136600,1397.75,1410.9300537109375,1369.9200439453125,1395.9000244140625
2002-04-19,1019223000,1408.31005859375,1408.31005859375,1382.8900146484375,1385.010009765625
2002-04-22,1019482200,1365.3399658203125,1365.3399658203125,1336.989990234375,1349.8299560546875
2002-04-23,1019568600,1348.9300537109375,1357.010009765625,1316.1500244140625,1322.81005859375
2002-04-24,1019655000,1334.8699951171875,1337.3399658203125,1300.949951171875,1302.3199462890625
2002-04-25,1019741400,1295.5899658203125,1315.02001953125,1287.8299560546875,1302.3199462890625
2002-04-26,1019827800,1310.800048828125,1316.6500244140625,1250.8199462890625,1250.8900146484375
2002-04-29,1020087000,1256.5799560546875,1267.77001953125,1228.93994140625,1246.75
2002-04-30,1020173400,1245.6500244140625,1292.18994140625,1243.52001953125,1277.0699462890625
2002-05-01,1020259800,1273.6300048828125,1278.02001953125,1232.3599853515625,1267.43994140625
2002-05-02,1020346200,1262.6600341796875,1284.300048828125,1224.6600341796875,1225.3699951171875
2002-05-03,1020432600,1223.8900146484375,1224.3699951171875,1185.7900390625,1190.739990234375
2002-05-06,1020691800,1191.530029296875,1204.3499755859375,1160.989990234375,1161.1600341796875
2002-05-07,1020778200,1173.760009765625,1178.8800048828125,1142.25,1159.25
2002-05-08,1020864600,1212.989990234375,1282.43994140625,1212.760009765625,1282.4100341796875
2002-05-09,1020951000,1268.9100341796875,1281.199951171875,1239.02001953125,1240.4100341796875
2002-05-10,1021037400,1247.0899658203125,1248.9599609375,1186.0799560546875,1188.780029296875
2002-05-13,1021296600,1200.68994140625,1244.02001953125,1192.9000244140625,1241.5400390625
2002-05-14,1021383000,1287.72998046875,1309.3199462890625,1282.0999755859375,1305.550048828125
2002-05-15,1021469400,1290.4000244140625,1350.5400390625,1280.0699462890625,1311.050048828125
2002-05-16,1021555800,1309.25,1319.52001953125,1296.1099853515625,1315.8499755859375
2002-05-17,1021642200,1333.22998046875,1342.4300537109375,1305.7099609375,1325.800048828125
2002-05-20,1021901400,1309.8299560546875,1313.260009765625,1284.739990234375,1292.2099609375
2002-05-21,1021987800,1300.8199462890625,1309.6199951171875,1251.530029296875,1255.9100341796875
2002-05-22,1022074200,1246.0799560546875,1269.6400146484375,1233.780029296875,1264.510009765625
2002-05-23,1022160600,1270.280029296875,1286.8199462890625,1241.25,1286.77001953125
2002-05-24,1022247000,1269.9100341796875,1271.510009765625,1246.81005859375,1253.030029296875
2002-05-28,1022592600,1264.1300048828125,1264.8599853515625,1226.280029296875,1244.8199462890625
2002-05-29,1022679000,1232.1600341796875,1239.9599609375,1218.6199951171875,1218.6800537109375
2002-05-30,1022765400,1207.43994140625,1234.510009765625,1202.239990234375,1227.9000244140625
2002-05-31,1022851800,1237.56005859375,1246.3399658203125,1208.2099609375,1208.3399658203125
2002-06-03,1023111000,1205.199951171875,1213.1800537109375,1158.219970703125,1159.1500244140625
2002-06-04,1023197400,1155.81005859375,1191.1300048828125,1151.1600341796875,1178.800048828125
2002-06-05,1023283800,1182.739990234375,1196.6700439453125,1165.02001953125,1195.5999755859375
2002-06-06,1023370200,1183.9100341796875,1185.2900390625,1152.0400390625,1157.6199951171875
2002-06-07,1023456600,1107.93994140625,1156.030029296875,1106.6099853515625,1140.239990234375
2002-06-10,1023715800,1142.510009765625,1155.760009765625,1132.1199951171875,1135.6199951171875
2002-06-11,1023802200,1148.719970703125,1151.300048828125,1100.5899658203125,1100.969970703125
2002-06-12,1023888600,1092.449951171875,1123.780029296875,1079.280029296875,1123.3399658203125
2002-06-13,1023975000,1117.219970703125,1133.25,1100.3399658203125,1106.5400390625
2002-06-14,1024061400,1078.68994140625,1112.3699951171875,1055.5699462890625,1109.5999755859375
2002-06-17,1024320600,1126.5400390625,1154.1800537109375,1123.0999755859375,1149.9100341796875
2002-06-18,1024407000,1139.52001953125,1163.4599609375,1138.31005859375,1138.469970703125
2002-06-19,1024493400,1129.3199462890625,1133.9599609375,1095.760009765625,1097.5400390625
2002-06-20,1024579800,1094.530029296875,1102.719970703125,1058.010009765625,1062.449951171875
2002-06-21,1024666200,1051.800048828125,1074.77001953125,1031.949951171875,1035.6300048828125
2002-06-24,1024925400,1023.0599975585938,1075.6300048828125,1014.760009765625,1057.6800537109375
2002-06-25,1025011800,1070.6199951171875,1073.530029296875,1017.7100219726562,1022.739990234375
2002-06-26,1025098200,979.8699951171875,1035.530029296875,979.8699951171875,1027.219970703125
2002-06-27,1025184600,1048.5400390625,1050.6800537109375,1009.0499877929688,1050.6400146484375
2002-06-28,1025271000,1047.56005859375,1074.72998046875,1042.8399658203125,1051.4100341796875
2002-07-01,1025530200,1044.47998046875,1049.8800048828125,997.969970703125,998.1699829101562
2002-07-02,1025616600,989.25,993.989990234375,961.760009765625,963.6599731445312
2002-07-03,1025703000,957.260009765625,995.9500122070312,950.3300170898438,995.6799926757812
2002-07-05,1025875800,1018.6300048828125,1061.050048828125,1018.6300048828125,1060.8900146484375
2002-07-08,1026135000,1051.27001953125,1066.280029296875,1008.780029296875,1014.3300170898438
2002-07-09,1026221400,1015.27001953125,1023.3800048828125,989.3400268554688,990.22998046875
2002-07-10,1026307800,1005.989990234375,1005.989990234375,958.760009765625,959.0499877929688
2002-07-11,1026394200,954.010009765625,999.4299926757812,945.8499755859375,998.030029296875
2002-07-12,1026480600,1016,1025.6099853515625,988.25,1000.8200073242188
2002-07-15,1026739800,990.97998046875,1021.3499755859375,955.2899780273438,1021.02001953125
2002-07-16,1026826200,1012.510009765625,1045.52001953125,1002.1699829101562,1011.2999877929688
2002-07-17,1026912600,1047.7900390625,1060.77001953125,1005.1799926757812,1028.739990234375
2002-07-18,1026999000,1020.8200073242188,1027.43994140625,993.0800170898438,994.6099853515625
2002-07-19,1027085400,975.0599975585938,992.8400268554688,957.6500244140625,965.3699951171875
2002-07-22,1027344600,958.3400268554688,980.6400146484375,928.8300170898438,939.0999755859375
2002-07-23,1027431000,943.2899780273438,954.0700073242188,896.5599975585938,896.8200073242188
2002-07-24,1027517400,875.47998046875,951.8300170898438,869.1699829101562,951.5800170898438
2002-07-25,1027603800,934.9299926757812,940.9299926757812,878.010009765625,894.4500122070312
2002-07-26,1027690200,905.8800048828125,917.3200073242188,885.9400024414062,910.9099731445312
2002-07-29,1027949400,935.0499877929688,970.1300048828125,931.4299926757812,970.1300048828125
2002-07-30,1028035800,957.0800170898438,992.3400268554688,950.739990234375,980.3599853515625
2002-07-31,1028122200,966.0499877929688,971.8499755859375,940.9099731445312,962.0999755859375
2002-08-01,1028208600,954.5599975585938,960.3599853515625,912.4000244140625,913.5900268554688
2002-08-02,1028295000,913.5999755859375,916.6900024414062,878.47998046875,892.510009765625
2002-08-05,1028554200,889.489990234375,896.6799926757812,856.3499755859375,857.0800170898438
2002-08-06,1028640600,875.530029296875,923.739990234375,875.530029296875,901.9099731445312
2002-08-07,1028727000,932.530029296875,938.1599731445312,883.3699951171875,919.0800170898438
2002-08-08,1028813400,915.8900146484375,948.719970703125,898.5700073242188,947.239990234375
2002-08-09,1028899800,932.3300170898438,953.3800048828125,921.25,937.3300170898438
2002-08-12,1029159000,925.6799926757812,943.27001953125,922.3599853515625,938.97998046875
2002-08-13,1029245400,933.739990234375,959.4600219726562,907.2999877929688,907.6199951171875
2002-08-14,1029331800,912.3499755859375,968.969970703125,904.469970703125,968.8400268554688
2002-08-15,1029418200,975.0900268554688,985.969970703125,955.3800048828125,980.97998046875
2002-08-16,1029504600,968.0499877929688,1004.219970703125,961.5599975585938,996.0599975585938
2002-08-19,1029763800,997.3900146484375,1028.0699462890625,993.4600219726562,1026.06005859375
2002-08-20,1029850200,1014.510009765625,1021.9400024414062,1001.8400268554688,1008.02001953125
2002-08-21,1029936600,1020.9500122070312,1038.8599853515625,1006.5499877929688,1035.469970703125
2002-08-22,1030023000,1036.1600341796875,1052.489990234375,1023.25,1049.030029296875
2002-08-23,1030109400,1036.1300048828125,1036.6600341796875,1005.02001953125,1010.489990234375
2002-08-26,1030368600,1017.6199951171875,1020.8599853515625,990.8200073242188,1016.7899780273438
2002-08-27,1030455000,1021.5,1021.6599731445312,971.6799926757812,974.469970703125
2002-08-28,1030541400,965.5700073242188,968.6599731445312,941.5999755859375,944.8300170898438
2002-08-29,1030627800,933.4600219726562,973.3400268554688,926.6099853515625,961.75
2002-08-30,1030714200,951.5599975585938,964.9299926757812,941.510009765625,942.3800048828125
2002-09-03,1031059800,928.5,928.5,899.1900024414062,899.6400146484375
2002-09-04,1031146200,904.8200073242188,925.260009765625,895.4099731445312,920.97998046875
2002-09-05,1031232600,900.9000244140625,901.5,882.8499755859375,882.9199829101562
2002-09-06,1031319000,911.5999755859375,932.9600219726562,910.780029296875,922.219970703125
2002-09-09,1031578200,913.6799926757812,939.239990234375,901.1300048828125,932.22998046875
2002-09-10,1031664600,934.4299926757812,951.4600219726562,930.1900024414062,947.719970703125
2002-09-11,1031751000,958.2899780273438,978.4600219726562,945.9000244140625,946.4000244140625
2002-09-12,1031837400,935.530029296875,935.530029296875,914.8900146484375,915.010009765625
2002-09-13,1031923800,909.6300048828125,928.6500244140625,907.239990234375,923.8300170898438
2002-09-16,1032183000,919.0999755859375,925.9000244140625,900.8900146484375,908.47998046875
2002-09-17,1032269400,927.2899780273438,932.9099731445312,896.4500122070312,897.530029296875
2002-09-18,1032355800,884.030029296875,906.0499877929688,876.0800170898438,895.2000122070312
2002-09-19,1032442200,875.77001953125,889.239990234375,865.8699951171875,865.9299926757812
2002-09-20,1032528600,876.75,879.8699951171875,864.1300048828125,871.5999755859375
2002-09-23,1032787800,860.989990234375,864.260009765625,837.6300048828125,843.0800170898438
2002-09-24,1032874200,830.2100219726562,861.0900268554688,830.2100219726562,843.6099853515625
2002-09-25,1032960600,858.4600219726562,885.969970703125,849.280029296875,880.4400024414062
2002-09-26,1033047000,891.02001953125,897.4500122070312,860.8099975585938,873.739990234375
2002-09-27,1033133400,866.0900268554688,891.1199951171875,859.5999755859375,860.3499755859375
2002-09-30,1033392600,848.719970703125,852.97998046875,825.7999877929688,832.52001953125
2002-10-01,1033479000,841.2899780273438,870.7000122070312,824.219970703125,870.6300048828125
2002-10-02,1033565400,865.1300048828125,882.77001953125,844.6099853515625,849.5499877929688
2002-10-03,1033651800,846.739990234375,859.530029296875,832.6699829101562,833.2100219726562
2002-10-04,1033738200,842.9500122070312,844.3699951171875,809.9400024414062,815.4000244140625
2002-10-07,1033997400,813.0599975585938,826.7899780273438,798.8800048828125,804.6400146484375
2002-10-08,1034083800,815.219970703125,827.780029296875,795.25,811.5
2002-10-09,1034170200,800.9199829101562,825.1199951171875,798.1699829101562,807.4199829101562
2002-10-10,1034256600,809.4600219726562,852.6799926757812,801.260009765625,849.5700073242188
2002-10-11,1034343000,867.6400146484375,899.4600219726562,863.0999755859375,890.6099853515625
2002-10-14,1034602200,878.75,903.1500244140625,876.2100219726562,900.75
2002-10-15,1034688600,941.4600219726562,950.510009765625,933.280029296875,950.4199829101562
2002-10-16,1034775000,911.3300170898438,929.6900024414062,906.0800170898438,910.1300048828125
2002-10-17,1034861400,951.1400146484375,957.1599731445312,937.1900024414062,945.0599975585938
2002-10-18,1034947800,936.4299926757812,956.1699829101562,922.3099975585938,956.1300048828125
2002-10-21,1035207000,945.8599853515625,982.4299926757812,937.5499877929688,979.3499755859375
2002-10-22,1035293400,954.280029296875,977.8800048828125,951.6099853515625,963.8699951171875
2002-10-23,1035379800,960.1799926757812,989.4199829101562,952.780029296875,989.3200073242188
2002-10-24,1035466200,992.5,998.5399780273438,963.0800170898438,964.9099731445312
2002-10-25,1035552600,964.010009765625,995.6400146484375,964.010009765625,995.5499877929688
2002-10-28,1035815400,1007.719970703125,1007.719970703125,973.280029296875,979.5499877929688
2002-10-29,1035901800,975.6599731445312,982.6199951171875,941.1699829101562,960.8200073242188
2002-10-30,1035988200,968.47998046875,995.8200073242188,960.47998046875,986.0900268554688
2002-10-31,1036074600,990.3900146484375,1006.260009765625,981.239990234375,989.5399780273438
2002-11-01,1036161000,981.239990234375,1020.5900268554688,974.0800170898438,1019.0599975585938
2002-11-04,1036420200,1049.489990234375,1070.510009765625,1039.0999755859375,1046.989990234375
2002-11-05,1036506600,1033.7900390625,1050.6800537109375,1028.219970703125,1050.3900146484375
2002-11-06,1036593000,1057.5899658203125,1065.8599853515625,1032.25,1065.8599853515625
2002-11-07,1036679400,1043.72998046875,1048.5,1019.219970703125,1025.7900390625
2002-11-08,1036765800,1026.0400390625,1039.27001953125,1004.0399780273438,1008.3499755859375
2002-11-11,1037025000,1004.4099731445312,1004.4099731445312,972.3400268554688,972.47998046875
2002-11-12,1037111400,982.4500122070312,1020.5399780273438,982.239990234375,1001.9400024414062
2002-11-13,1037197800,994.4000244140625,1022.4099731445312,986.6500244140625,1011.9400024414062
2002-11-14,1037284200,1029.3599853515625,1057.9000244140625,1027.06005859375,1057.8299560546875
2002-11-15,1037370600,1044.300048828125,1062.8599853515625,1036.300048828125,1061.280029296875
2002-11-18,1037629800,1073.8900146484375,1075.510009765625,1044.7900390625,1045.18994140625
2002-11-19,1037716200,1037.260009765625,1046.0699462890625,1019.0700073242188,1025.9599609375
2002-11-20,1037802600,1028.5699462890625,1071.31005859375,1028.1199951171875,1070.530029296875
2002-11-21,1037889000,1082.9200439453125,1119.1700439453125,1081.4000244140625,1118.1400146484375
2002-11-22,1037975400,1102.6400146484375,1122.510009765625,1099.699951171875,1116.010009765625
2002-11-25,1038234600,1118.010009765625,1133.72998046875,1108.469970703125,1127.06005859375
2002-11-26,1038321000,1116.2900390625,1119.7099609375,1083.8599853515625,1087.489990234375
2002-11-27,1038407400,1107.969970703125,1132.800048828125,1105.3900146484375,1125.6700439453125
2002-11-29,1038580200,1133.1300048828125,1134.5999755859375,1115.8499755859375,1116.0999755859375
2002-12-02,1038839400,1144.2099609375,1155.6800537109375,1110.239990234375,1120.489990234375
2002-12-03,1038925800,1109.4599609375,1109.4599609375,1083.93994140625,1088.800048828125
2002-12-04,1039012200,1068.93994140625,1082.9300537109375,1055.1099853515625,1069.43994140625
2002-12-05,1039098600,1085.02001953125,1085.6300048828125,1052.0799560546875,1053.06005859375
2002-12-06,1039185000,1038.719970703125,1074.010009765625,1035.550048828125,1065.969970703125
2002-12-09,1039444200,1054.8699951171875,1055.3599853515625,1014.7999877929688,1014.8400268554688
2002-12-10,1039530600,1022.3900146484375,1043.3399658203125,1019.7000122070312,1033.0699462890625
2002-12-11,1039617000,1023.9099731445312,1047.739990234375,1019.4000244140625,1036.3399658203125
2002-12-12,1039703400,1047.469970703125,1051.550048828125,1029.4100341796875,1039.949951171875
2002-12-13,1039789800,1027.6600341796875,1027.6600341796875,1005.8499755859375,1005.8499755859375
2002-12-16,1040049000,1011.8900146484375,1042.8399658203125,1008.52001953125,1042.43994140625
2002-12-17,1040135400,1038.9599609375,1052.5899658203125,1033.18994140625,1040.010009765625
2002-12-18,1040221800,1029.8199462890625,1029.9100341796875,1007.9199829101562,1013.6699829101562
2002-12-19,1040308200,1012.510009765625,1035.52001953125,999.7999877929688,1006.0499877929688
2002-12-20,1040394600,1009.6699829101562,1022.739990234375,1009.530029296875,1013.9000244140625
2002-12-23,1040653800,1012.4600219726562,1035.489990234375,1010.8400268554688,1032.300048828125
2002-12-24,1040740200,1026.5699462890625,1034.18994140625,1023.0599975585938,1023.2899780273438
2002-12-26,1040913000,1026.43994140625,1041.489990234375,1013.2999877929688,1016.4600219726562
2002-12-27,1040999400,1012.3400268554688,1018.1599731445312,996.0999755859375,997.8499755859375
2002-12-30,1041258600,999.3900146484375,1003.3099975585938,980.739990234375,989.8900146484375
2002-12-31,1041345000,987.8099975585938,994.219970703125,977.5900268554688,984.3699951171875
2003-01-02,1041517800,995.6400146484375,1027.9100341796875,984.5900268554688,1027.8599853515625
2003-01-03,1041604200,1024.469970703125,1033.3699951171875,1018.1599731445312,1031.6300048828125
2003-01-06,1041863400,1034.02001953125,1068.489990234375,1034.02001953125,1061.47998046875
2003-01-07,1041949800,1063.1800537109375,1082.52001953125,1057.1600341796875,1071.8499755859375
2003-01-08,1042036200,1063.47998046875,1065.68994140625,1040.3800048828125,1042.52001953125
2003-01-09,1042122600,1056.6099853515625,1084.699951171875,1056.050048828125,1076.050048828125
2003-01-10,1042209000,1059.8599853515625,1096.449951171875,1056.31005859375,1087.3599853515625
2003-01-13,1042468200,1101.239990234375,1104.3199462890625,1075.9599609375,1083
2003-01-14,1042554600,1082.3699951171875,1097.7099609375,1080.8499755859375,1094.8699951171875
2003-01-15,1042641000,1096.9599609375,1099.8900146484375,1069.9599609375,1073.5999755859375
2003-01-16,1042727400,1076.1800537109375,1084.3599853515625,1057.8699951171875,1061.4599609375
2003-01-17,1042813800,1041.4300537109375,1041.4300537109375,1017.530029296875,1017.5800170898438
2003-01-21,1043159400,1022.9400024414062,1028.3199462890625,1008.9299926757812,1008.9299926757812
2003-01-22,1043245800,1005.5700073242188,1027.0799560546875,1003.5800170898438,1006.510009765625
2003-01-23,1043332200,1024.469970703125,1039.1600341796875,1011.1199951171875,1032.6700439453125
2003-01-24,1043418600,1027.699951171875,1027.699951171875,992.8499755859375,996.1799926757812
2003-01-27,1043677800,985.0800170898438,1006.260009765625,982.02001953125,986.4099731445312
2003-01-28,1043764200,996.8800048828125,1006.510009765625,983.9500122070312,1001.4099731445312
2003-01-29,1043850600,994.5999755859375,1022.97998046875,980.9199829101562,1016.5599975585938
2003-01-30,1043937000,1018.47998046875,1022.2100219726562,985.1599731445312,985.52001953125
2003-01-31,1044023400,971.5999755859375,996.0399780273438,968.3400268554688,983.0499877929688
2003-02-03,1044282600,987.3699951171875,997.5599975585938,981.3699951171875,987.0700073242188
2003-02-04,1044369000,972.9299926757812,974.6799926757812,960.010009765625,971.72998046875
2003-02-05,1044455400,980.75,999.1599731445312,967.5900268554688,968.969970703125
2003-02-06,1044541800,966.0499877929688,979.1799926757812,960.8099975585938,970.5499877929688
2003-02-07,1044628200,980.5,983.3599853515625,951.6699829101562,957.0499877929688
2003-02-10,1044887400,961.6900024414062,974.47998046875,950.8099975585938,969.9600219726562
2003-02-11,1044973800,975.52001953125,989.3200073242188,962.4400024414062,971.6099853515625
2003-02-12,1045060200,967.8900146484375,978.0599975585938,956.5700073242188,956.77001953125
2003-02-13,1045146600,959.5599975585938,959.72998046875,938.52001953125,951.9000244140625
2003-02-14,1045233000,958.2000122070312,982.1199951171875,952.7000122070312,982.0900268554688
2003-02-18,1045578600,990.2100219726562,1015.3400268554688,989.8200073242188,1014.9099731445312
2003-02-19,1045665000,1011.6900024414062,1014.6400146484375,994.25,1005.8800048828125
2003-02-20,1045751400,1010.5,1015.219970703125,999.5800170898438,1001.469970703125
2003-02-21,1045837800,1002.1400146484375,1019.25,986.72998046875,1015.9199829101562
2003-02-24,1046097000,1009.1400146484375,1013.2000122070312,994.22998046875,994.6900024414062
2003-02-25,1046183400,981.52001953125,1001.719970703125,969.5599975585938,999.280029296875
2003-02-26,1046269800,992.9099731445312,1001.989990234375,973.9299926757812,974.489990234375
2003-02-27,1046356200,982.510009765625,1000.97998046875,976.5999755859375,994.7999877929688
2003-02-28,1046442600,998.260009765625,1013.3400268554688,994.7899780273438,1009.739990234375
2003-03-03,1046701800,1015.8699951171875,1023.469970703125,988.4000244140625,991.0700073242188
2003-03-04,1046788200,991.5999755859375,994.3499755859375,982.0599975585938,982.97998046875
2003-03-05,1046874600,981.6699829101562,995.1900024414062,978.4000244140625,990.22998046875
2003-03-06,1046961000,982.0399780273438,991.6900024414062,976.5499877929688,983.9600219726562
2003-03-07,1047047400,967.9299926757812,992.1099853515625,964.25,986.8200073242188
2003-03-10,1047306600,977.9500122070312,982.8699951171875,962.47998046875,964.2899780273438
2003-03-11,1047393000,966.739990234375,973.8599853515625,956.9400024414062,958.8200073242188
2003-03-12,1047479400,954.6599731445312,971.3900146484375,946.7899780273438,970.5399780273438
2003-03-13,1047565800,990.3599853515625,1029.8399658203125,981.5800170898438,1029.7900390625
2003-03-14,1047652200,1034.4300537109375,1042.56005859375,1020.1699829101562,1030.449951171875
2003-03-17,1047911400,1021.969970703125,1077.1400146484375,1018.760009765625,1077.010009765625
2003-03-18,1047997800,1075.300048828125,1082.199951171875,1063.219970703125,1082.18994140625
2003-03-19,1048084200,1078.18994140625,1083.1099853515625,1058.81005859375,1074.969970703125
2003-03-20,1048170600,1064.3199462890625,1089.2099609375,1052.9200439453125,1080.239990234375
2003-03-21,1048257000,1096.300048828125,1099.6099853515625,1078.6400146484375,1093.1199951171875
2003-03-24,1048516200,1064.6500244140625,1068.4599609375,1045.6500244140625,1047.0999755859375
2003-03-25,1048602600,1051.7099609375,1075.4300537109375,1047.06005859375,1066.5699462890625
2003-03-26,1048689000,1065.780029296875,1074.97998046875,1060.050048828125,1066.300048828125
2003-03-27,1048775400,1055.699951171875,1070.6700439453125,1049.5,1061.9300537109375
2003-03-28,1048861800,1052.25,1061.8299560546875,1044.3800048828125,1046.719970703125
2003-03-31,1049121000,1028.4300537109375,1032.9100341796875,1014.9600219726562,1018.6599731445312
2003-04-01,1049207400,1025.02001953125,1031.510009765625,1015.4600219726562,1022.6300048828125
2003-04-02,1049293800,1047.3900146484375,1066.9000244140625,1047.3900146484375,1063.4599609375
2003-04-03,1049380200,1070.510009765625,1078.760009765625,1058.010009765625,1064.06005859375
2003-04-04,1049466600,1067.510009765625,1067.510009765625,1044.3699951171875,1050.699951171875
2003-04-07,1049722200,1089.9300537109375,1091.739990234375,1053.219970703125,1053.280029296875
2003-04-08,1049808600,1051.75,1056.030029296875,1041.469970703125,1046.300048828125
2003-04-09,1049895000,1048.9200439453125,1055.8900146484375,1023.47998046875,1023.52001953125
2003-04-10,1049981400,1024.739990234375,1035.6099853515625,1018.1699829101562,1033.1400146484375
2003-04-11,1050067800,1046.449951171875,1051.8800048828125,1020.5599975585938,1026.1500244140625
2003-04-14,1050327000,1028,1050.510009765625,1025.800048828125,1048.31005859375
2003-04-15,1050413400,1044.3299560546875,1058.5400390625,1039.989990234375,1053.0799560546875
2003-04-16,1050499800,1070.6400146484375,1078.22998046875,1051.52001953125,1054.8900146484375
2003-04-17,1050586200,1051.3599853515625,1084.81005859375,1051.3599853515625,1083.56005859375
2003-04-21,1050931800,1083.75,1089.7099609375,1070.8599853515625,1081.0400390625
2003-04-22,1051018200,1073.8800048828125,1103.81005859375,1072.1300048828125,1102.43994140625
2003-04-23,1051104600,1105.449951171875,1115.6700439453125,1096.9200439453125,1112.9300537109375
2003-04-24,1051191000,1100.8399658203125,1115.3599853515625,1097.18994140625,1108.1199951171875
2003-04-25,1051277400,1100.6500244140625,1101.760009765625,1081.3399658203125,1083.18994140625
2003-04-28,1051536600,1086.5799560546875,1110.5,1084.77001953125,1107.1300048828125
2003-04-29,1051623000,1113.050048828125,1126.5799560546875,1103.7900390625,1116.7900390625
2003-04-30,1051709400,1111.5400390625,1116.8499755859375,1104.3900146484375,1106.06005859375
2003-05-01,1051795800,1104.3800048828125,1119.6700439453125,1094.4200439453125,1113.2099609375
2003-05-02,1051882200,1109.9200439453125,1137.449951171875,1109.6600341796875,1136.3499755859375
2003-05-05,1052141400,1139.5999755859375,1152.9599609375,1132.989990234375,1136.260009765625
2003-05-06,1052227800,1134.56005859375,1161,1134.469970703125,1152.780029296875
2003-05-07,1052314200,1142.8800048828125,1152.6800537109375,1131.3699951171875,1135.8499755859375
2003-05-08,1052400600,1120.530029296875,1132.280029296875,1116.6700439453125,1118.760009765625
2003-05-09,1052487000,1129.2900390625,1143.969970703125,1126.1300048828125,1143.550048828125
2003-05-12,1052746200,1141.0799560546875,1163.75,1133.8900146484375,1160.4200439453125
2003-05-13,1052832600,1152.75,1165.530029296875,1148.510009765625,1155.969970703125
2003-05-14,1052919000,1161.469970703125,1165.199951171875,1140.77001953125,1148.1400146484375
2003-05-15,1053005400,1155.1099853515625,1164.5,1149.0400390625,1162.9300537109375
2003-05-16,1053091800,1158.510009765625,1162.6400146484375,1146.2900390625,1154.47998046875
2003-05-19,1053351000,1146.739990234375,1152.5899658203125,1112.27001953125,1112.489990234375
2003-05-20,1053437400,1118.300048828125,1124.3399658203125,1103.199951171875,1112.8499755859375
2003-05-21,1053523800,1110.780029296875,1115.56005859375,1104.1099853515625,1113.6800537109375
2003-05-22,1053610200,1116.2099609375,1137.6800537109375,1112.5899658203125,1131.449951171875
2003-05-23,1053696600,1128.4100341796875,1135.489990234375,1125.239990234375,1130.050048828125
2003-05-27,1054042200,1123.6600341796875,1174.1600341796875,1123.25,1172.5799560546875
2003-05-28,1054128600,1172.989990234375,1181.9300537109375,1165.3399658203125,1173.31005859375
2003-05-29,1054215000,1175.4000244140625,1198.4300537109375,1172.52001953125,1181.8199462890625
2003-05-30,1054301400,1188.6300048828125,1201.25,1185.0899658203125,1197.8900146484375
2003-06-02,1054560600,1210.77001953125,1213.760009765625,1180.3199462890625,1185.1300048828125
2003-06-03,1054647000,1183.5999755859375,1198.949951171875,1180.010009765625,1198.5699462890625
2003-06-04,1054733400,1199.739990234375,1228.52001953125,1195.9599609375,1224.760009765625
2003-06-05,1054819800,1210.6400146484375,1231.7900390625,1206.260009765625,1231.719970703125
2003-06-06,1054906200,1254.6400146484375,1265.68994140625,1210.3299560546875,1213.1099853515625
2003-06-09,1055165400,1206.949951171875,1214.219970703125,1188.0400390625,1195.550048828125
2003-06-10,1055251800,1201.260009765625,1212.989990234375,1194.199951171875,1212.989990234375
2003-06-11,1055338200,1210.6099853515625,1230.5,1199.469970703125,1228.239990234375
2003-06-12,1055424600,1233.47998046875,1235.8800048828125,1218.02001953125,1229.3199462890625
2003-06-13,1055511000,1231.75,1235.4200439453125,1201.1199951171875,1203.9100341796875
2003-06-16,1055770200,1211.5799560546875,1242.5,1206.1300048828125,1241.5799560546875
2003-06-17,1055856600,1247.5699462890625,1247.5699462890625,1229.72998046875,1239.6300048828125
2003-06-18,1055943000,1233.8299560546875,1255.3900146484375,1225.699951171875,1247.9000244140625
2003-06-19,1056029400,1247.5,1255.300048828125,1222.8699951171875,1225.8900146484375
2003-06-20,1056115800,1235.199951171875,1235.8399658203125,1217.18994140625,1223.4000244140625
2003-06-23,1056375000,1220.18994140625,1221.6500244140625,1189.780029296875,1200.1700439453125
2003-06-24,1056461400,1196.6199951171875,1209.8399658203125,1188.199951171875,1191.699951171875
2003-06-25,1056547800,1193.1600341796875,1212.7900390625,1186.530029296875,1188.3299560546875
2003-06-26,1056634200,1194.8699951171875,1217.2099609375,1191.18994140625,1214.5799560546875
2003-06-27,1056720600,1216.8599853515625,1229.1099853515625,1199.5999755859375,1205.239990234375
2003-06-30,1056979800,1212.510009765625,1218.800048828125,1199.8299560546875,1201.68994140625
2003-07-01,1057066200,1195.300048828125,1219.22998046875,1180.1099853515625,1217.3699951171875
2003-07-02,1057152600,1223.18994140625,1245.780029296875,1223.06005859375,1245.75
2003-07-03,1057239000,1233.4000244140625,1250.6199951171875,1228.4000244140625,1231.3399658203125
2003-07-07,1057584600,1250.030029296875,1282.31005859375,1250.030029296875,1281.8900146484375
2003-07-08,1057671000,1275.7900390625,1298.9300537109375,1272.2900390625,1298.3699951171875
2003-07-09,1057757400,1294.5799560546875,1307.030029296875,1285.4200439453125,1295.1600341796875
2003-07-10,1057843800,1280.43994140625,1286.02001953125,1260.760009765625,1268.6500244140625
2003-07-11,1057930200,1273.93994140625,1285.8499755859375,1271.760009765625,1280.5699462890625
2003-07-14,1058189400,1301.18994140625,1316.4200439453125,1290.47998046875,1295.739990234375
2003-07-15,1058275800,1309.68994140625,1311.0999755859375,1285.56005859375,1294.469970703125
2003-07-16,1058362200,1305.760009765625,1306.52001953125,1277.4599609375,1291.989990234375
2003-07-17,1058448600,1274.72998046875,1279.8199462890625,1249.5899658203125,1255.93994140625
2003-07-18,1058535000,1265,1267.68994140625,1244.1099853515625,1259.9100341796875
2003-07-21,1058794200,1256.1199951171875,1256.449951171875,1232.1600341796875,1240.780029296875
2003-07-22,1058880600,1252.989990234375,1265.4000244140625,1242.1700439453125,1257.6300048828125
2003-07-23,1058967000,1262.5899658203125,1270.43994140625,1246.8900146484375,1268.52001953125
2003-07-24,1059053400,1282.1300048828125,1287.449951171875,1252.1199951171875,1253.760009765625
2003-07-25,1059139800,1252.6199951171875,1278.31005859375,1237.75,1278.31005859375
2003-07-28,1059399000,1281.5,1285.8599853515625,1272.010009765625,1280.530029296875
2003-07-29,1059485400,1284.239990234375,1287.8399658203125,1257.1300048828125,1275.1700439453125
2003-07-30,1059571800,1276.5799560546875,1277.18994140625,1261.6800537109375,1263.780029296875
2003-07-31,1059658200,1278.2900390625,1298.81005859375,1269.8900146484375,1276.93994140625
2003-08-01,1059744600,1274.6099853515625,1276.989990234375,1260.0899658203125,1264.3399658203125
2003-08-04,1060003800,1263.6199951171875,1277.0699462890625,1240.6700439453125,1267.3800048828125
2003-08-05,1060090200,1263.7900390625,1263.8299560546875,1226.8199462890625,1229.719970703125
2003-08-06,1060176600,1221.989990234375,1237.1400146484375,1211.27001953125,1215.1300048828125
2003-08-07,1060263000,1214.8900146484375,1225.2900390625,1208.739990234375,1217.1700439453125
2003-08-08,1060349400,1223.6600341796875,1227.4200439453125,1204.2900390625,1207.280029296875
2003-08-11,1060608600,1209.3499755859375,1230.260009765625,1208.3299560546875,1223.1400146484375
2003-08-12,1060695000,1227.5,1241.6199951171875,1220.1199951171875,1240.699951171875
2003-08-13,1060781400,1247.56005859375,1249.1400146484375,1233.800048828125,1240.3699951171875
2003-08-14,1060867800,1241.1700439453125,1254,1235.050048828125,1251.9000244140625
2003-08-15,1060954200,1250.449951171875,1257.4599609375,1246.3199462890625,1253.6300048828125
2003-08-18,1061213400,1258.1800537109375,1284.8800048828125,1256.9000244140625,1284.81005859375
2003-08-19,1061299800,1291.3699951171875,1301.31005859375,1281.7099609375,1299.68994140625
2003-08-20,1061386200,1289.4300537109375,1307.449951171875,1288.75,1299.72998046875
2003-08-21,1061472600,1309.5699462890625,1319.8800048828125,1299.02001953125,1314.6500244140625
2003-08-22,1061559000,1338.18994140625,1342.6400146484375,1304.510009765625,1304.5400390625
2003-08-25,1061818200,1302.5,1307.8499755859375,1295.8199462890625,1306.6400146484375
2003-08-26,1061904600,1298.22998046875,1309.8299560546875,1280.5899658203125,1309.050048828125
2003-08-27,1061991000,1305.97998046875,1320.02001953125,1303.1500244140625,1318.9300537109375
2003-08-28,1062077400,1323.2099609375,1332.469970703125,1308.97998046875,1332.3299560546875
2003-08-29,1062163800,1328.489990234375,1344.739990234375,1327.9300537109375,1341.199951171875
2003-09-02,1062509400,1347.6400146484375,1361.0899658203125,1333.2900390625,1361.0899658203125
2003-09-03,1062595800,1370.3499755859375,1375.300048828125,1354.719970703125,1360.18994140625
2003-09-04,1062682200,1360.219970703125,1376.06005859375,1356.22998046875,1373.260009765625
2003-09-05,1062768600,1366.2900390625,1380.239990234375,1355.02001953125,1361.9000244140625
2003-09-08,1063027800,1366.550048828125,1387.449951171875,1365.0899658203125,1386.72998046875
2003-09-09,1063114200,1380.1300048828125,1382.1099853515625,1364.93994140625,1370.56005859375
2003-09-10,1063200600,1357.800048828125,1362.8399658203125,1332.280029296875,1332.280029296875
2003-09-11,1063287000,1339.8800048828125,1358.02001953125,1327.9200439453125,1350.800048828125
2003-09-12,1063373400,1340.780029296875,1357.6300048828125,1330.31005859375,1357.6300048828125
2003-09-15,1063632600,1359.969970703125,1363.47998046875,1345.93994140625,1347.77001953125
2003-09-16,1063719000,1348.75,1383.47998046875,1348.75,1382.8199462890625
2003-09-17,1063805400,1379.3699951171875,1388.1800537109375,1369.760009765625,1376.800048828125
2003-09-18,1063891800,1374.56005859375,1401.6400146484375,1368.6099853515625,1400.1300048828125
2003-09-19,1063978200,1406.6099853515625,1406.6099853515625,1383.239990234375,1392.260009765625
2003-09-22,1064237400,1371.1800537109375,1374.9000244140625,1358.5999755859375,1366.3199462890625
2003-09-23,1064323800,1367.9100341796875,1388.6700439453125,1364.6700439453125,1388.1500244140625
2003-09-24,1064410200,1388.5400390625,1388.5400390625,1339.6099853515625,1339.6400146484375
2003-09-25,1064496600,1344.6300048828125,1357.989990234375,1325.68994140625,1325.75
2003-09-26,1064583000,1323.8699951171875,1333.97998046875,1309.199951171875,1309.31005859375
2003-09-29,1064842200,1318.3299560546875,1335.56005859375,1306.1099853515625,1335.510009765625
2003-09-30,1064928600,1323.949951171875,1325.4100341796875,1302.260009765625,1303.699951171875
2003-10-01,1065015000,1312.4300537109375,1336.1300048828125,1306.3299560546875,1335.3399658203125
2003-10-02,1065101400,1332.1600341796875,1343.989990234375,1325.9300537109375,1337.0999755859375
2003-10-03,1065187800,1363.0999755859375,1385.7900390625,1363.0999755859375,1375.3199462890625
2003-10-06,1065447000,1378.199951171875,1384.1099853515625,1370.449951171875,1381.699951171875
2003-10-07,1065533400,1372.0899658203125,1392.6500244140625,1368.1300048828125,1392.56005859375
2003-10-08,1065619800,1398.4599609375,1398.989990234375,1376.4000244140625,1382.4000244140625
2003-10-09,1065706200,1404.8800048828125,1418.0899658203125,1386.6300048828125,1396.949951171875
2003-10-10,1065792600,1399.1800537109375,1406.27001953125,1393.969970703125,1404.8699951171875
2003-10-13,1066051800,1412.3699951171875,1422.280029296875,1405.050048828125,1414.719970703125
2003-10-14,1066138200,1411.530029296875,1421,1406.3900146484375,1420.6600341796875
2003-10-15,1066224600,1439.969970703125,1439.969970703125,1409.77001953125,1417.5899658203125
2003-10-16,1066311000,1411.22998046875,1427.6099853515625,1411.0799560546875,1426.7099609375
2003-10-17,1066397400,1423.989990234375,1426.3800048828125,1392.0799560546875,1394.02001953125
2003-10-20,1066656600,1395.4100341796875,1409.31005859375,1388.5400390625,1409.31005859375
2003-10-21,1066743000,1413.010009765625,1424.800048828125,1405.510009765625,1422.1300048828125
2003-10-22,1066829400,1403.760009765625,1404.050048828125,1385.1500244140625,1387.4000244140625
2003-10-23,1066915800,1371.9000244140625,1387.010009765625,1369.9100341796875,1378.1099853515625
2003-10-24,1067002200,1360.550048828125,1370.6700439453125,1346.010009765625,1370.6099853515625
2003-10-27,1067265000,1378.949951171875,1384.9100341796875,1369.3800048828125,1377.4100341796875
2003-10-28,1067351400,1385.5699462890625,1420.02001953125,1382.8800048828125,1420.02001953125
2003-10-29,1067437800,1414.1800537109375,1423.68994140625,1410.510009765625,1419.9200439453125
2003-10-30,1067524200,1437.6500244140625,1437.760009765625,1413.5699462890625,1417.3800048828125
2003-10-31,1067610600,1423.3900146484375,1443.1800537109375,1411.760009765625,1416.3900146484375
2003-11-03,1067869800,1423.1300048828125,1445.719970703125,1422.3199462890625,1443.1300048828125
2003-11-04,1067956200,1434.3499755859375,1442.27001953125,1425.260009765625,1429.3800048828125
2003-11-05,1068042600,1428.0400390625,1437.8499755859375,1414.3699951171875,1429.56005859375
2003-11-06,1068129000,1439.219970703125,1443.06005859375,1421.56005859375,1440.0799560546875
2003-11-07,1068215400,1450.469970703125,1453.4599609375,1436.1300048828125,1436.72998046875
2003-11-10,1068474600,1435.8699951171875,1437.06005859375,1412.1400146484375,1414.6199951171875
2003-11-11,1068561000,1412.5,1418.4599609375,1401.449951171875,1409.6400146484375
2003-11-12,1068647400,1414.2099609375,1443.52001953125,1413.8399658203125,1443.52001953125
2003-11-13,1068733800,1434.75,1442.27001953125,1429.219970703125,1439.8699951171875
2003-11-14,1068820200,1438.989990234375,1448.06005859375,1407.4000244140625,1407.510009765625
2003-11-17,1069079400,1399.3800048828125,1402.6099853515625,1377.9000244140625,1393.75
2003-11-18,1069165800,1401.4599609375,1405.93994140625,1364.699951171875,1364.699951171875
2003-11-19,1069252200,1368.469970703125,1382.93994140625,1363.0899658203125,1378.9000244140625
2003-11-20,1069338600,1365.72998046875,1394.3800048828125,1362.0899658203125,1363.489990234375
2003-11-21,1069425000,1370.6300048828125,1375.93994140625,1357.25,1373.3199462890625
2003-11-24,1069684200,1385.199951171875,1419.31005859375,1385.199951171875,1419.31005859375
2003-11-25,1069770600,1418.260009765625,1424.3499755859375,1411.3599853515625,1411.3599853515625
2003-11-26,1069857000,1422.010009765625,1426.280029296875,1400,1420.1099853515625
2003-11-28,1070029800,1417.4100341796875,1426.760009765625,1416.2099609375,1424.25
2003-12-01,1070289000,1434.0999755859375,1447.0799560546875,1427.1199951171875,1447.0799560546875
2003-12-02,1070375400,1441.7099609375,1447.8399658203125,1431.3199462890625,1431.8900146484375
2003-12-03,1070461800,1440.3699951171875,1452.030029296875,1419.77001953125,1419.77001953125
2003-12-04,1070548200,1424.6500244140625,1434.280029296875,1411.1300048828125,1432.3800048828125
2003-12-05,1070634600,1415.780029296875,1429.18994140625,1405.550048828125,1406.9100341796875
2003-12-08,1070893800,1406.02001953125,1419.1099853515625,1399.4100341796875,1418.050048828125
2003-12-09,1070980200,1423.75,1425.010009765625,1383,1383.6600341796875
2003-12-10,1071066600,1387.25,1394.68994140625,1372.8699951171875,1388.9599609375
2003-12-11,1071153000,1388.8800048828125,1422.489990234375,1387.469970703125,1416.9599609375
2003-12-12,1071239400,1419.699951171875,1419.699951171875,1404.4000244140625,1417.27001953125
2003-12-15,1071498600,1442.050048828125,1442.6500244140625,1396.8199462890625,1396.8199462890625
2003-12-16,1071585000,1397.4100341796875,1407.3800048828125,1384.52001953125,1403.280029296875
2003-12-17,1071671400,1400.780029296875,1406.22998046875,1390.8299560546875,1400
2003-12-18,1071757800,1404.0799560546875,1432.6400146484375,1404.0799560546875,1431.31005859375
2003-12-19,1071844200,1434.9300537109375,1434.9300537109375,1416.2099609375,1426.1700439453125
2003-12-22,1072103400,1422.7900390625,1433.7099609375,1419.8199462890625,1431.7099609375
2003-12-23,1072189800,1431.6400146484375,1448.18994140625,1430.0400390625,1448.1700439453125
2003-12-24,1072276200,1442.5799560546875,1447.5699462890625,1439.7099609375,1443.18994140625
2003-12-26,1072449000,1444.4100341796875,1451.2099609375,1442.2900390625,1443.8599853515625
2003-12-29,1072708200,1447.6199951171875,1470.3699951171875,1447.6199951171875,1470.3699951171875
2003-12-30,1072794600,1467.739990234375,1470.3800048828125,1460.6700439453125,1470.010009765625
2003-12-31,1072881000,1471.56005859375,1474.239990234375,1459.06005859375,1467.9200439453125
2004-01-02,1073053800,1474.1600341796875,1479.5899658203125,1458.510009765625,1463.5699462890625
2004-01-05,1073313000,1474.550048828125,1496.5799560546875,1474.18994140625,1496.5799560546875
2004-01-06,1073399400,1492.4100341796875,1504.469970703125,1486.5899658203125,1501.260009765625
2004-01-07,1073485800,1498.3800048828125,1514.449951171875,1491.199951171875,1514.260009765625
2004-01-08,1073572200,1524.06005859375,1530.6500244140625,1513.3399658203125,1530.6500244140625
2004-01-09,1073658600,1516.5899658203125,1541.8399658203125,1512.8599853515625,1520.4599609375
2004-01-12,1073917800,1524.5400390625,1540.0999755859375,1515.8599853515625,1539.77001953125
2004-01-13,1074004200,1540.3499755859375,1541.8299560546875,1513.2099609375,1524.780029296875
2004-01-14,1074090600,1531.9300537109375,1536.8399658203125,1521.9100341796875,1534.0799560546875
2004-01-15,1074177000,1524.72998046875,1545.6500244140625,1515.06005859375,1532.010009765625
2004-01-16,1074263400,1545.3199462890625,1553.6400146484375,1537.1700439453125,1553.6199951171875
2004-01-20,1074609000,1558.8900146484375,1559.469970703125,1541.3399658203125,1552.8699951171875
2004-01-21,1074695400,1545.530029296875,1554.8900146484375,1529.4000244140625,1546.5999755859375
2004-01-22,1074781800,1550.97998046875,1556.06005859375,1530.4200439453125,1530.4200439453125
2004-01-23,1074868200,1535.4100341796875,1546.68994140625,1519.739990234375,1531.2099609375
2004-01-26,1075127400,1526.5699462890625,1553.6600341796875,1522.949951171875,1553.6600341796875
2004-01-27,1075213800,1548.6400146484375,1552.5400390625,1519.199951171875,1519.22998046875
2004-01-28,1075300200,1527.3499755859375,1530.06005859375,1488.6099853515625,1491.5699462890625
2004-01-29,1075386600,1499.8399658203125,1500.800048828125,1474.1300048828125,1496.4000244140625
2004-01-30,1075473000,1494.8800048828125,1505.1199951171875,1487.780029296875,1493.0799560546875
2004-02-02,1075732200,1497.780029296875,1507.5899658203125,1481.5699462890625,1487.8399658203125
2004-02-03,1075818600,1485.9300537109375,1497.0699462890625,1482.699951171875,1491.8499755859375
2004-02-04,1075905000,1473.530029296875,1482.3499755859375,1461.010009765625,1462.6099853515625
2004-02-05,1075991400,1468.9599609375,1475.4100341796875,1461.1199951171875,1465.030029296875
2004-02-06,1076077800,1472.02001953125,1498.949951171875,1470.31005859375,1498.949951171875
2004-02-09,1076337000,1502.3199462890625,1503.0400390625,1490.699951171875,1490.9100341796875
2004-02-10,1076423400,1490.68994140625,1503.8299560546875,1489.9000244140625,1500.2900390625
2004-02-11,1076509800,1498.0799560546875,1514.489990234375,1491.2099609375,1514.1800537109375
2004-02-12,1076596200,1508.18994140625,1516.2099609375,1499.4300537109375,1501.3399658203125
2004-02-13,1076682600,1504.699951171875,1510.8299560546875,1478.5400390625,1484.469970703125
2004-02-17,1077028200,1498.699951171875,1512.1700439453125,1497.5400390625,1506.5699462890625
2004-02-18,1077114600,1509.550048828125,1515.43994140625,1501.699951171875,1507.489990234375
2004-02-19,1077201000,1522.3900146484375,1524.0899658203125,1484.800048828125,1484.800048828125
2004-02-20,1077287400,1490.81005859375,1493.449951171875,1470.9200439453125,1482.0999755859375
2004-02-23,1077546600,1488.280029296875,1489.4000244140625,1454.3599853515625,1463.75
2004-02-24,1077633000,1458.3800048828125,1474.0400390625,1452.489990234375,1462.050048828125
2004-02-25,1077719400,1465.8299560546875,1474.2099609375,1461.260009765625,1470.219970703125
2004-02-26,1077805800,1465.4000244140625,1480.8800048828125,1461.3599853515625,1477.1300048828125
2004-02-27,1077892200,1479.56005859375,1485.4000244140625,1459.9100341796875,1470.3800048828125
2004-03-01,1078151400,1476.0400390625,1490.1800537109375,1467.5699462890625,1489.489990234375
2004-03-02,1078237800,1487.699951171875,1494.6700439453125,1473.219970703125,1473.219970703125
2004-03-03,1078324200,1469.77001953125,1473.280029296875,1456.8699951171875,1466.0899658203125
2004-03-04,1078410600,1466.699951171875,1481.3599853515625,1464.5699462890625,1481.3599853515625
2004-03-05,1078497000,1464.8900146484375,1494.2900390625,1463.3199462890625,1472.989990234375
2004-03-08,1078756200,1476.8499755859375,1481.18994140625,1441,1441.1199951171875
2004-03-09,1078842600,1441.280029296875,1446.4599609375,1429.3599853515625,1437.469970703125
2004-03-10,1078929000,1438.530029296875,1447.7099609375,1417.1800537109375,1417.5
2004-03-11,1079015400,1409.1400146484375,1429.0999755859375,1402.199951171875,1402.199951171875
2004-03-12,1079101800,1415.9000244140625,1431.4000244140625,1414.4300537109375,1431.4000244140625
2004-03-15,1079361000,1423.1500244140625,1424.6500244140625,1399.8699951171875,1399.8699951171875
2004-03-16,1079447400,1412.0999755859375,1417.56005859375,1394.1099853515625,1407.0699462890625
2004-03-17,1079533800,1418.5699462890625,1432.22998046875,1418.300048828125,1428.8900146484375
2004-03-18,1079620200,1423.8599853515625,1425.760009765625,1407.0899658203125,1417.77001953125
2004-03-19,1079706600,1416.22998046875,1425.9200439453125,1398.5799560546875,1398.5799560546875
2004-03-22,1079965800,1386.760009765625,1388.6800537109375,1369.3599853515625,1381.3900146484375
2004-03-23,1080052200,1391.6400146484375,1393.77001953125,1368.6700439453125,1370.0400390625
2004-03-24,1080138600,1374.739990234375,1391.8699951171875,1368.0799560546875,1381.8599853515625
2004-03-25,1080225000,1394.199951171875,1425.8599853515625,1393.9599609375,1425.8599853515625
2004-03-26,1080311400,1420.4100341796875,1431.22998046875,1415.3900146484375,1415.3900146484375
2004-03-29,1080570600,1429.5400390625,1445.8199462890625,1429.47998046875,1442.31005859375
2004-03-30,1080657000,1435.5899658203125,1445.300048828125,1429.0899658203125,1445.25
2004-03-31,1080743400,1445.1700439453125,1447.949951171875,1432.8699951171875,1438.4100341796875
2004-04-01,1080829800,1438.9100341796875,1457.5899658203125,1438.9100341796875,1453.219970703125
2004-04-02,1080916200,1482.3299560546875,1490.300048828125,1469.5699462890625,1490.300048828125
2004-04-05,1081171800,1488.449951171875,1508.3699951171875,1487.22998046875,1508.3699951171875
2004-04-06,1081258200,1492.9300537109375,1498.3399658203125,1485.699951171875,1493.5799560546875
2004-04-07,1081344600,1489.0999755859375,1492.18994140625,1475.6199951171875,1481.9599609375
2004-04-08,1081431000,1502.77001953125,1503.3699951171875,1478.43994140625,1485.510009765625
2004-04-12,1081776600,1489.5899658203125,1497.5,1488.3499755859375,1495.9300537109375
2004-04-13,1081863000,1501.97998046875,1502.52001953125,1469.8800048828125,1472.8800048828125
2004-04-14,1081949400,1464.3199462890625,1485.280029296875,1463.6300048828125,1475.6600341796875
2004-04-15,1082035800,1479.56005859375,1481.77001953125,1449.4000244140625,1459.449951171875
2004-04-16,1082122200,1458.510009765625,1460.3900146484375,1440.56005859375,1449.06005859375
2004-04-19,1082381400,1448.8900146484375,1473.530029296875,1448.030029296875,1473.47998046875
2004-04-20,1082467800,1473.97998046875,1479.6800537109375,1436.8900146484375,1436.9000244140625
2004-04-21,1082554200,1446.02001953125,1452.9200439453125,1434.1600341796875,1451.010009765625
2004-04-22,1082640600,1450.3800048828125,1488.739990234375,1449.06005859375,1485.5
2004-04-23,1082727000,1492.239990234375,1497.1700439453125,1484.3599853515625,1497.010009765625
2004-04-26,1082986200,1496.6700439453125,1499.449951171875,1474.7900390625,1480.530029296875
2004-04-27,1083072600,1485.6700439453125,1495.6199951171875,1476.4200439453125,1479.469970703125
2004-04-28,1083159000,1475.8800048828125,1476.030029296875,1449.22998046875,1453.030029296875
2004-04-29,1083245400,1451.4000244140625,1461.1300048828125,1420.6600341796875,1431.3599853515625
2004-04-30,1083331800,1435.1600341796875,1439.68994140625,1401.3599853515625,1401.3599853515625
2004-05-03,1083591000,1409.06005859375,1428.489990234375,1404.06005859375,1415.2900390625
2004-05-04,1083677400,1417.1199951171875,1438.489990234375,1409.3900146484375,1422.1099853515625
2004-05-05,1083763800,1424.7099609375,1435.4599609375,1416.72998046875,1428.4200439453125
2004-05-06,1083850200,1416.5899658203125,1425.5,1403.3599853515625,1415.5999755859375
2004-05-07,1083936600,1411.050048828125,1432.7099609375,1406.18994140625,1406.18994140625
2004-05-10,1084195800,1395.2099609375,1403.5899658203125,1384.8900146484375,1397.0999755859375
2004-05-11,1084282200,1406.3599853515625,1422.510009765625,1406.3599853515625,1421.8900146484375
2004-05-12,1084368600,1412.5,1417.030029296875,1378.6400146484375,1414.8299560546875
2004-05-13,1084455000,1408.5799560546875,1425.68994140625,1405.5999755859375,1417.0899658203125
2004-05-14,1084541400,1415.43994140625,1419.5699462890625,1394.3699951171875,1399.8499755859375
2004-05-17,1084800600,1379.989990234375,1391.77001953125,1372.4599609375,1379.9000244140625
2004-05-18,1084887000,1395.22998046875,1404.27001953125,1393.0799560546875,1397.469970703125
2004-05-19,1084973400,1414.3800048828125,1427.510009765625,1396.3399658203125,1396.3399658203125
2004-05-20,1085059800,1400.3699951171875,1408.199951171875,1390.4100341796875,1396.8699951171875
2004-05-21,1085146200,1409.6099853515625,1414.1099853515625,1397.699951171875,1408.1700439453125
2004-05-24,1085405400,1418.77001953125,1425.489990234375,1408.43994140625,1413.969970703125
2004-05-25,1085491800,1412.5899658203125,1450.06005859375,1406.199951171875,1447.719970703125
2004-05-26,1085578200,1443.1300048828125,1455,1440.8499755859375,1453.8699951171875
2004-05-27,1085664600,1460.06005859375,1467.6300048828125,1450.6700439453125,1463.1099853515625
2004-05-28,1085751000,1464.8299560546875,1469.22998046875,1456.77001953125,1466.219970703125
2004-06-01,1086096600,1457.7099609375,1469.27001953125,1453.3900146484375,1468.5400390625
2004-06-02,1086183000,1472.5400390625,1474.0999755859375,1455.1300048828125,1464.219970703125
2004-06-03,1086269400,1459.18994140625,1462.4100341796875,1445.2099609375,1445.2099609375
2004-06-04,1086355800,1463.4599609375,1472.6400146484375,1455.0400390625,1455.0400390625
2004-06-07,1086615000,1465.56005859375,1491.449951171875,1464.010009765625,1491.449951171875
2004-06-08,1086701400,1483.5899658203125,1496,1481.760009765625,1495.969970703125
2004-06-09,1086787800,1487.3699951171875,1490.8800048828125,1469.0400390625,1469.5
2004-06-10,1086874200,1475.7099609375,1481.27001953125,1470.5,1481.27001953125
2004-06-14,1087219800,1470.6199951171875,1471.18994140625,1451.780029296875,1458.6400146484375
2004-06-15,1087306200,1470.3699951171875,1487.8299560546875,1470.3699951171875,1479.199951171875
2004-06-16,1087392600,1478.719970703125,1483.5999755859375,1474.1700439453125,1479.989990234375
2004-06-17,1087479000,1473.93994140625,1473.949951171875,1458.6800537109375,1464.030029296875
2004-06-18,1087565400,1457.8800048828125,1481.3599853515625,1455.6700439453125,1464.6500244140625
2004-06-21,1087824600,1467.97998046875,1472.6500244140625,1450.7900390625,1453.22998046875
2004-06-22,1087911000,1455.9200439453125,1475.1199951171875,1448.8199462890625,1474.8699951171875
2004-06-23,1087997400,1471.5400390625,1495.050048828125,1468.739990234375,1493.52001953125
2004-06-24,1088083800,1490.5799560546875,1502.1400146484375,1485.8800048828125,1488.31005859375
2004-06-25,1088170200,1488.8199462890625,1503.9100341796875,1488.199951171875,1498.3800048828125
2004-06-28,1088429400,1507.3199462890625,1508.52001953125,1485.25,1493.0699462890625
2004-06-29,1088515800,1490.6500244140625,1507.050048828125,1490.6500244140625,1505.6500244140625
2004-06-30,1088602200,1507.5999755859375,1523.47998046875,1502.6099853515625,1516.6400146484375
2004-07-01,1088688600,1514.8199462890625,1514.8199462890625,1477.6199951171875,1489.5699462890625
2004-07-02,1088775000,1488.3399658203125,1489.5999755859375,1473.72998046875,1481.18994140625
2004-07-06,1089120600,1470.469970703125,1471.2099609375,1441.780029296875,1445.7099609375
2004-07-07,1089207000,1445.0999755859375,1459.0699462890625,1445.02001953125,1452.489990234375
2004-07-08,1089293400,1439.5699462890625,1452.699951171875,1430.81005859375,1431.1300048828125
2004-07-09,1089379800,1442.4300537109375,1451.3900146484375,1434,1440
2004-07-12,1089639000,1429.9100341796875,1435.300048828125,1418.0999755859375,1432.1099853515625
2004-07-13,1089725400,1436.0799560546875,1439.780029296875,1426.1099853515625,1428.6800537109375
2004-07-14,1089811800,1414.4200439453125,1433.6099853515625,1411.52001953125,1416.050048828125
2004-07-15,1089898200,1422.260009765625,1427.719970703125,1412.5899658203125,1415.9200439453125
2004-07-16,1089984600,1426.489990234375,1426.489990234375,1392.1700439453125,1392.1700439453125
2004-07-19,1090243800,1398.9200439453125,1406.1500244140625,1386.780029296875,1396.77001953125
2004-07-20,1090330200,1398.6400146484375,1421.0699462890625,1396.8499755859375,1421.0699462890625
2004-07-21,1090416600,1433.27001953125,1433.27001953125,1386.5699462890625,1386.5699462890625
2004-07-22,1090503000,1385.8900146484375,1411.4300537109375,1377.699951171875,1408.510009765625
2004-07-23,1090589400,1394.56005859375,1394.56005859375,1370.699951171875,1375.47998046875
2004-07-26,1090848600,1376.800048828125,1383.6700439453125,1359.199951171875,1368.4000244140625
2004-07-27,1090935000,1374.68994140625,1395.949951171875,1371.260009765625,1391.5
2004-07-28,1091021400,1384.510009765625,1392.47998046875,1360.27001953125,1383.75
2004-07-29,1091107800,1395.3399658203125,1403.800048828125,1388.06005859375,1398.550048828125
2004-07-30,1091194200,1397.050048828125,1412,1394.8499755859375,1400.3900146484375
2004-08-02,1091453400,1390.2099609375,1408.31005859375,1387.0400390625,1406.3299560546875
2004-08-03,1091539800,1402.3399658203125,1404.9000244140625,1379.02001953125,1379.1400146484375
2004-08-04,1091626200,1372.4599609375,1386.280029296875,1368.43994140625,1379.2099609375
2004-08-05,1091712600,1380.9300537109375,1383.3800048828125,1352.27001953125,1353.43994140625
2004-08-06,1091799000,1341.0799560546875,1342.8699951171875,1314.969970703125,1315.300048828125
2004-08-09,1092058200,1320.8299560546875,1325.449951171875,1314.5699462890625,1318.8299560546875
2004-08-10,1092144600,1325.9599609375,1346.7099609375,1324.3800048828125,1346.7099609375
2004-08-11,1092231000,1319.699951171875,1328.8299560546875,1309.5,1324.6500244140625
2004-08-12,1092317400,1313.81005859375,1320.93994140625,1302.739990234375,1304.4300537109375
2004-08-13,1092403800,1311.8399658203125,1316.300048828125,1301.9300537109375,1307.8199462890625
2004-08-16,1092663000,1309.5,1334.780029296875,1309.5,1326.8399658203125
2004-08-17,1092749400,1332.93994140625,1344.5400390625,1331.8499755859375,1335.719970703125
2004-08-18,1092835800,1328.989990234375,1363.739990234375,1327.8499755859375,1363.72998046875
2004-08-19,1092922200,1356.8900146484375,1361.22998046875,1344.97998046875,1353.239990234375
2004-08-20,1093008600,1352.280029296875,1373.010009765625,1348.27001953125,1366.72998046875
2004-08-23,1093267800,1370.510009765625,1377.6700439453125,1364.4599609375,1370.9000244140625
2004-08-24,1093354200,1376.989990234375,1379.050048828125,1360.8199462890625,1369.780029296875
2004-08-25,1093440600,1369.199951171875,1391.219970703125,1363.56005859375,1389.1700439453125
2004-08-26,1093527000,1383.800048828125,1388.8399658203125,1379.68994140625,1383.97998046875
2004-08-27,1093613400,1384.6099853515625,1393.22998046875,1384.6099853515625,1388.56005859375
2004-08-30,1093872600,1383.1199951171875,1384.1400146484375,1367.72998046875,1367.93994140625
2004-08-31,1093959000,1368.9100341796875,1372.27001953125,1354.0999755859375,1368.6800537109375
2004-09-01,1094045400,1363.27001953125,1384.8499755859375,1360.5799560546875,1377.9599609375
2004-09-02,1094131800,1374.68994140625,1402.0699462890625,1373.6700439453125,1398.3399658203125
2004-09-03,1094218200,1384.4100341796875,1393.5,1370.010009765625,1371.8199462890625
2004-09-07,1094563800,1382.47998046875,1390.5999755859375,1372.530029296875,1381.8399658203125
2004-09-08,1094650200,1378.4000244140625,1393.68994140625,1374.7900390625,1376.77001953125
2004-09-09,1094736600,1385.219970703125,1396.550048828125,1373.3699951171875,1391.530029296875
2004-09-10,1094823000,1391.199951171875,1414.550048828125,1386.4100341796875,1413
2004-09-13,1095082200,1417.8399658203125,1435.949951171875,1414.219970703125,1427.3399658203125
2004-09-14,1095168600,1425.2900390625,1435.9100341796875,1422.8299560546875,1434.3699951171875
2004-09-15,1095255000,1425.510009765625,1425.510009765625,1412.5400390625,1415.300048828125
2004-09-16,1095341400,1417.3699951171875,1429.9300537109375,1413.219970703125,1417.969970703125
2004-09-17,1095427800,1417.72998046875,1427.5899658203125,1413.780029296875,1426.300048828125
2004-09-20,1095687000,1417.3900146484375,1437.300048828125,1415.31005859375,1424.719970703125
2004-09-21,1095773400,1429.8499755859375,1440.81005859375,1425.1600341796875,1435.9100341796875
2004-09-22,1095859800,1424.719970703125,1424.719970703125,1403.1600341796875,1404.219970703125
2004-09-23,1095946200,1405.760009765625,1413.6800537109375,1402.7900390625,1405.77001953125
2004-09-24,1096032600,1407.7099609375,1414.56005859375,1397.5,1399.050048828125
2004-09-27,1096291800,1389.93994140625,1396.4200439453125,1383.239990234375,1385.550048828125
2004-09-28,1096378200,1390.1099853515625,1394.4300537109375,1376.989990234375,1389.699951171875
2004-09-29,1096464600,1389.68994140625,1411.8199462890625,1389.6199951171875,1410.8599853515625
2004-09-30,1096551000,1409.22998046875,1417.989990234375,1403.8900146484375,1412.739990234375
2004-10-01,1096637400,1426.3800048828125,1452.93994140625,1423.4300537109375,1452.93994140625
2004-10-04,1096896600,1463.219970703125,1472.2099609375,1458.0799560546875,1459.010009765625
2004-10-05,1096983000,1456.18994140625,1467.22998046875,1454.22998046875,1461.760009765625
2004-10-06,1097069400,1460.18994140625,1474.3599853515625,1452.6099853515625,1474.3599853515625
2004-10-07,1097155800,1469.699951171875,1474.699951171875,1454.8900146484375,1455.77001953125
2004-10-08,1097242200,1449.489990234375,1457.0400390625,1428.1099853515625,1430.9599609375
2004-10-11,1097501400,1435.5400390625,1441.0999755859375,1431.77001953125,1437.72998046875
2004-10-12,1097587800,1424.219970703125,1439.0699462890625,1416.2900390625,1435
2004-10-13,1097674200,1451.72998046875,1453.719970703125,1425.4100341796875,1434.4599609375
2004-10-14,1097760600,1434.9200439453125,1437.6600341796875,1421.5899658203125,1425.2099609375
2004-10-15,1097847000,1430.31005859375,1441.8199462890625,1419.3599853515625,1430.97998046875
2004-10-18,1098106200,1428.0799560546875,1457.31005859375,1424.8199462890625,1457.31005859375
2004-10-19,1098192600,1463.010009765625,1470.1400146484375,1443.4000244140625,1443.800048828125
2004-10-20,1098279000,1441.2099609375,1456.18994140625,1433.8800048828125,1452.260009765625
2004-10-21,1098365400,1459.6800537109375,1478.4599609375,1452.5699462890625,1474.7900390625
2004-10-22,1098451800,1472.9200439453125,1473.68994140625,1438.1300048828125,1438.25
2004-10-25,1098711000,1435.6800537109375,1439.47998046875,1427.43994140625,1432.5699462890625
2004-10-26,1098797400,1432.25,1442.1400146484375,1423.97998046875,1442.1400146484375
2004-10-27,1098883800,1441.7900390625,1483.1300048828125,1437.43994140625,1480.030029296875
2004-10-28,1098970200,1473.4100341796875,1491.8599853515625,1471.030029296875,1487.1199951171875
2004-10-29,1099056600,1485.6800537109375,1496.97998046875,1475.56005859375,1486.719970703125
2004-11-01,1099319400,1486.25,1494.8800048828125,1479.8599853515625,1488.7900390625
2004-11-02,1099405800,1490.3199462890625,1509.56005859375,1489.3299560546875,1494.8299560546875
2004-11-03,1099492200,1519.969970703125,1523.510009765625,1494.8499755859375,1503.8900146484375
2004-11-04,1099578600,1498.06005859375,1519.2099609375,1492.22998046875,1516.199951171875
2004-11-05,1099665000,1526.7099609375,1534.8399658203125,1512.739990234375,1525.239990234375
2004-11-08,1099924200,1525.1300048828125,1532.4599609375,1522.1199951171875,1527.1300048828125
2004-11-09,1100010600,1527.25,1534.3699951171875,1521.1500244140625,1527
2004-11-10,1100097000,1524.0999755859375,1530.010009765625,1514.3199462890625,1517.06005859375
2004-11-11,1100183400,1524.6199951171875,1542.3900146484375,1522.47998046875,1541.699951171875
2004-11-12,1100269800,1543.31005859375,1558.4100341796875,1535.8199462890625,1558.4100341796875
2004-11-15,1100529000,1554.31005859375,1562.0400390625,1550.030029296875,1560.9599609375
2004-11-16,1100615400,1554.7900390625,1554.7900390625,1541.8399658203125,1548.530029296875
2004-11-17,1100701800,1561.800048828125,1580.260009765625,1561.800048828125,1571.1199951171875
2004-11-18,1100788200,1568.02001953125,1581.7900390625,1563.7900390625,1580.81005859375
2004-11-19,1100874600,1578.8599853515625,1580.9300537109375,1551.77001953125,1552.1099853515625
2004-11-22,1101133800,1551.1600341796875,1568.8599853515625,1543.969970703125,1568.280029296875
2004-11-23,1101220200,1566.7099609375,1573.52001953125,1552.8499755859375,1562.5999755859375
2004-11-24,1101306600,1572.6700439453125,1583.0699462890625,1570.8699951171875,1582.550048828125
2004-11-26,1101479400,1581.6500244140625,1587.0799560546875,1578.260009765625,1578.260009765625
2004-11-29,1101738600,1586.4599609375,1593.1600341796875,1567.27001953125,1580.43994140625
2004-11-30,1101825000,1579.510009765625,1583.1500244140625,1571.1099853515625,1571.5
2004-12-01,1101911400,1578.25,1607.1600341796875,1578.25,1607.1500244140625
2004-12-02,1101997800,1602.1099853515625,1623.5999755859375,1599.6300048828125,1613.1500244140625
2004-12-03,1102084200,1621.0999755859375,1631.9000244140625,1612.719970703125,1614.4000244140625
2004-12-06,1102343400,1612.3299560546875,1625.6099853515625,1605.7099609375,1619.5899658203125
2004-12-07,1102429800,1622.8399658203125,1628.25,1589.050048828125,1589.3299560546875
2004-12-08,1102516200,1593.8699951171875,1607.489990234375,1588.72998046875,1601.9100341796875
2004-12-09,1102602600,1585.989990234375,1615.5999755859375,1577.77001953125,1609.7900390625
2004-12-10,1102689000,1601.4599609375,1611.22998046875,1600.719970703125,1605.1600341796875
2004-12-13,1102948200,1617.530029296875,1621.3699951171875,1608.4000244140625,1621.1600341796875
2004-12-14,1103034600,1618.199951171875,1632.1700439453125,1618.199951171875,1627.4599609375
2004-12-15,1103121000,1626.989990234375,1635.699951171875,1615.449951171875,1623.6300048828125
2004-12-16,1103207400,1621.4300537109375,1625.8299560546875,1601.6199951171875,1607.6199951171875
2004-12-17,1103293800,1608.6400146484375,1614.8900146484375,1596.47998046875,1596.6099853515625
2004-12-20,1103553000,1603.8399658203125,1613.780029296875,1587.2099609375,1591.969970703125
2004-12-21,1103639400,1598.5999755859375,1611.3399658203125,1594.8900146484375,1609.260009765625
2004-12-22,1103725800,1605.719970703125,1619.56005859375,1602.989990234375,1613.5699462890625
2004-12-23,1103812200,1608.8699951171875,1619.1800537109375,1608.6400146484375,1613.77001953125
2004-12-27,1104157800,1621.3299560546875,1623.800048828125,1600.25,1607.5899658203125
2004-12-28,1104244200,1610.9000244140625,1624.18994140625,1608.510009765625,1624.18994140625
2004-12-29,1104330600,1619.3599853515625,1629.9000244140625,1619.3599853515625,1624.949951171875
2004-12-30,1104417000,1626.2099609375,1628.739990234375,1621.5799560546875,1623.760009765625
2004-12-31,1104503400,1624.3699951171875,1628.9100341796875,1620.31005859375,1621.1199951171875
2005-01-03,1104762600,1628.75,1635.449951171875,1598.7900390625,1603.510009765625
2005-01-04,1104849000,1611.219970703125,1612.780029296875,1565.02001953125,1571.8299560546875
2005-01-05,1104935400,1568.6800537109375,1580.8800048828125,1562.6400146484375,1563.760009765625
2005-01-06,1105021800,1567.6600341796875,1570.75,1556.8399658203125,1557.52001953125
2005-01-07,1105108200,1565.6300048828125,1577.760009765625,1551.2900390625,1564.81005859375
2005-01-10,1105367400,1561.22998046875,1577.7099609375,1558.5400390625,1564.9200439453125
2005-01-11,1105453800,1556.6600341796875,1562.239990234375,1545.280029296875,1553.4000244140625
2005-01-12,1105540200,1561.8399658203125,1566.68994140625,1543.0400390625,1565.780029296875
2005-01-13,1105626600,1567.550048828125,1568.5400390625,1543.47998046875,1545.1800537109375
2005-01-14,1105713000,1552.1099853515625,1563.7900390625,1550.050048828125,1561.1099853515625
2005-01-18,1106058600,1554.18994140625,1574.3900146484375,1551.8800048828125,1573.489990234375
2005-01-19,1106145000,1572.81005859375,1573.02001953125,1545.6300048828125,1545.6500244140625
2005-01-20,1106231400,1526.800048828125,1534.530029296875,1514.56005859375,1514.56005859375
2005-01-21,1106317800,1519.300048828125,1524.030029296875,1502.47998046875,1503.6400146484375
2005-01-24,1106577000,1507.7900390625,1509.8299560546875,1480.6600341796875,1480.6600341796875
2005-01-25,1106663400,1492.6500244140625,1505.050048828125,1488.5999755859375,1490.5699462890625
2005-01-26,1106749800,1502.050048828125,1513.43994140625,1495.31005859375,1509.010009765625
2005-01-27,1106836200,1505.25,1512.739990234375,1497.3599853515625,1507.550048828125
2005-01-28,1106922600,1510.8800048828125,1512.8199462890625,1486.760009765625,1499.4599609375
2005-01-31,1107181800,1515.1600341796875,1523.27001953125,1513.06005859375,1519.6300048828125
2005-02-01,1107268200,1521,1527.9100341796875,1517.300048828125,1523.6600341796875
2005-02-02,1107354600,1527.2900390625,1531.219970703125,1515.449951171875,1525.0999755859375
2005-02-03,1107441000,1516.219970703125,1518.1300048828125,1501.9599609375,1508.239990234375
2005-02-04,1107527400,1507.739990234375,1534.969970703125,1507.68994140625,1534.489990234375
2005-02-07,1107786600,1534.47998046875,1538.3800048828125,1522.719970703125,1529.050048828125
2005-02-08,1107873000,1529.550048828125,1542.4100341796875,1527.0400390625,1532.68994140625
2005-02-09,1107959400,1534.4100341796875,1534.47998046875,1504.5999755859375,1506.81005859375
2005-02-10,1108045800,1512.7099609375,1514.219970703125,1497.3499755859375,1506.8299560546875
2005-02-11,1108132200,1505.0899658203125,1535.5400390625,1498.6800537109375,1530.510009765625
2005-02-14,1108391400,1531.18994140625,1540.010009765625,1530.1600341796875,1538.2099609375
2005-02-15,1108477800,1538.3800048828125,1561.1700439453125,1535.3399658203125,1547.300048828125
2005-02-16,1108564200,1541.260009765625,1547.68994140625,1535.3699951171875,1542.4100341796875
2005-02-17,1108650600,1543.030029296875,1546.68994140625,1519.219970703125,1519.2900390625
2005-02-18,1108737000,1519.2099609375,1524.0400390625,1512.72998046875,1515.4000244140625
2005-02-22,1109082600,1502.93994140625,1523.510009765625,1493.5799560546875,1494.0699462890625
2005-02-23,1109169000,1502.8299560546875,1503.8900146484375,1489.989990234375,1497.0899658203125
2005-02-24,1109255400,1493.5899658203125,1517.8800048828125,1491.739990234375,1517.7099609375
2005-02-25,1109341800,1515.75,1528,1513.469970703125,1526.9000244140625
2005-02-28,1109601000,1517.06005859375,1524.699951171875,1498.1700439453125,1511.02001953125
2005-03-01,1109687400,1516.6300048828125,1529.3699951171875,1515.199951171875,1527.25
2005-03-02,1109773800,1517.6800537109375,1541.1400146484375,1514.97998046875,1525.280029296875
2005-03-03,1109860200,1530.1300048828125,1530.6800537109375,1502.3199462890625,1511.8900146484375
2005-03-04,1109946600,1524.2099609375,1530.5899658203125,1517.2900390625,1520.5799560546875
2005-03-07,1110205800,1524.0400390625,1552.530029296875,1523.72998046875,1545.199951171875
2005-03-08,1110292200,1540.800048828125,1549.56005859375,1527.5,1528.6500244140625
2005-03-09,1110378600,1526.9000244140625,1537.969970703125,1520.449951171875,1521.97998046875
2005-03-10,1110465000,1525.6400146484375,1527.97998046875,1504.5400390625,1524.3800048828125
2005-03-11,1110551400,1528.6500244140625,1533.8499755859375,1501.989990234375,1505.6400146484375
2005-03-14,1110810600,1509.18994140625,1515.1600341796875,1502.5999755859375,1515.0899658203125
2005-03-15,1110897000,1520.260009765625,1520.4300537109375,1500.8800048828125,1502.06005859375
2005-03-16,1110983400,1497.4000244140625,1508.1600341796875,1482.6199951171875,1486.22998046875
2005-03-17,1111069800,1487.719970703125,1496.800048828125,1483.0999755859375,1487.6300048828125
2005-03-18,1111156200,1488.550048828125,1490.5699462890625,1475.260009765625,1484.4000244140625
2005-03-21,1111415400,1483.1600341796875,1490.5699462890625,1470.93994140625,1484.449951171875
2005-03-22,1111501800,1484.1300048828125,1490.43994140625,1464.989990234375,1465.0899658203125
2005-03-23,1111588200,1463.4300537109375,1480.1300048828125,1463.4300537109375,1471.77001953125
2005-03-24,1111674600,1477.4599609375,1485.9599609375,1469.93994140625,1469.93994140625
2005-03-28,1112020200,1476.4000244140625,1484.8499755859375,1472.7099609375,1472.7099609375
2005-03-29,1112106600,1471.25,1483.4300537109375,1458.260009765625,1464.3399658203125
2005-03-30,1112193000,1470.1300048828125,1491.739990234375,1469.969970703125,1491.739990234375
2005-03-31,1112279400,1489.43994140625,1490.800048828125,1478.6600341796875,1482.530029296875
2005-04-01,1112365800,1491.8299560546875,1495.5799560546875,1466.489990234375,1469.3499755859375
2005-04-04,1112621400,1469.4200439453125,1482.06005859375,1461.27001953125,1476.719970703125
2005-04-05,1112707800,1480.989990234375,1487.260009765625,1477.550048828125,1483.75
2005-04-06,1112794200,1487.1500244140625,1497.3900146484375,1477.969970703125,1480.6700439453125
2005-04-07,1112880600,1481.1300048828125,1499.7099609375,1481.1300048828125,1499.7099609375
2005-04-08,1112967000,1499.9300537109375,1503.2099609375,1485.4300537109375,1485.5999755859375
2005-04-11,1113226200,1490.4300537109375,1492.3199462890625,1477.1300048828125,1478.550048828125
2005-04-12,1113312600,1477.010009765625,1490.0999755859375,1460.4200439453125,1489.1600341796875
2005-04-13,1113399000,1484.3900146484375,1484.4599609375,1459.969970703125,1461.6800537109375
2005-04-14,1113485400,1461.8299560546875,1462.81005859375,1440.3499755859375,1441.1300048828125
2005-04-15,1113571800,1425.72998046875,1434.469970703125,1407.8199462890625,1408.5899658203125
2005-04-18,1113831000,1406.300048828125,1418.760009765625,1405.0899658203125,1409.97998046875
2005-04-19,1113917400,1419.530029296875,1424.030029296875,1410.5400390625,1420.800048828125
2005-04-20,1114003800,1430.25,1432.1099853515625,1404.8599853515625,1406.8499755859375
2005-04-21,1114090200,1423.6199951171875,1448.3699951171875,1419.25,1447.3699951171875
2005-04-22,1114176600,1437.969970703125,1438.719970703125,1412.6300048828125,1421.2099609375
2005-04-25,1114435800,1430.989990234375,1439.6300048828125,1426.72998046875,1437.31005859375
2005-04-26,1114522200,1431.75,1446.8199462890625,1420.4300537109375,1420.4300537109375
2005-04-27,1114608600,1413.219970703125,1429.1099853515625,1409.489990234375,1423.760009765625
2005-04-28,1114695000,1418.1199951171875,1425.68994140625,1408.8399658203125,1409.2900390625
2005-04-29,1114781400,1420.6400146484375,1422.4200439453125,1394.3599853515625,1420.7900390625
2005-05-02,1115040600,1421.9000244140625,1430.050048828125,1415.5999755859375,1423.7099609375
2005-05-03,1115127000,1421.280029296875,1436.5999755859375,1421.280029296875,1427.6099853515625
2005-05-04,1115213400,1431.06005859375,1453.199951171875,1429.6199951171875,1452.199951171875
2005-05-05,1115299800,1450.72998046875,1457.3399658203125,1441.93994140625,1450.1600341796875
2005-05-06,1115386200,1460.260009765625,1460.760009765625,1449.699951171875,1456
2005-05-09,1115645400,1455.6800537109375,1463.3800048828125,1446.77001953125,1463.3800048828125
2005-05-10,1115731800,1453.25,1458.4000244140625,1445.1099853515625,1450.3599853515625
2005-05-11,1115818200,1452.31005859375,1461.02001953125,1432.8299560546875,1459.550048828125
2005-05-12,1115904600,1459.0699462890625,1468.1700439453125,1446.969970703125,1454.7900390625
2005-05-13,1115991000,1459.22998046875,1478.8900146484375,1455.8800048828125,1470.6300048828125
2005-05-16,1116250200,1470.31005859375,1481.3199462890625,1465.8499755859375,1480.6800537109375
2005-05-17,1116336600,1474.050048828125,1490.1400146484375,1469.43994140625,1490.1400146484375
2005-05-18,1116423000,1493.030029296875,1514.760009765625,1489.469970703125,1509.260009765625
2005-05-19,1116509400,1510.6199951171875,1521.5,1508.7099609375,1521.4300537109375
2005-05-20,1116595800,1519.260009765625,1528.06005859375,1514.5400390625,1528.06005859375
2005-05-23,1116855000,1526.969970703125,1540.300048828125,1525.22998046875,1535.219970703125
2005-05-24,1116941400,1531.25,1540.6800537109375,1529.4000244140625,1540.469970703125
2005-05-25,1117027800,1535.9000244140625,1535.9000244140625,1524.4100341796875,1532.7099609375
2005-05-26,1117114200,1540.050048828125,1551.1199951171875,1539.739990234375,1548.800048828125
2005-05-27,1117200600,1546.739990234375,1551.030029296875,1541.760009765625,1549.800048828125
2005-05-31,1117546200,1549.47998046875,1550.1800537109375,1538.5400390625,1542.6300048828125
2005-06-01,1117632600,1541.72998046875,1567.719970703125,1541.6600341796875,1559.5
2005-06-02,1117719000,1553.4300537109375,1568.9599609375,1553.050048828125,1568.9599609375
2005-06-03,1117805400,1565.47998046875,1566.1400146484375,1542.050048828125,1544.47998046875
2005-06-06,1118064600,1544.9599609375,1548.550048828125,1539.5699462890625,1545.27001953125
2005-06-07,1118151000,1546.7099609375,1559.530029296875,1531.0699462890625,1531.1199951171875
2005-06-08,1118237400,1536.9200439453125,1538.239990234375,1524.1300048828125,1527.6800537109375
2005-06-09,1118323800,1526.1500244140625,1542.75,1520.6099853515625,1539.4599609375
2005-06-10,1118410200,1537.5699462890625,1537.5699462890625,1515.9599609375,1521.02001953125
2005-06-13,1118669400,1519.6099853515625,1538.6600341796875,1519.6099853515625,1529.1300048828125
2005-06-14,1118755800,1529.02001953125,1534.1500244140625,1520.8800048828125,1524.4200439453125
2005-06-15,1118842200,1533.9000244140625,1535.4300537109375,1510.8199462890625,1529.489990234375
2005-06-16,1118928600,1531.02001953125,1540.52001953125,1527.7099609375,1537.4200439453125
2005-06-17,1119015000,1550.6300048828125,1550.6300048828125,1532.56005859375,1538.1300048828125
2005-06-20,1119274200,1529.6500244140625,1545.52001953125,1526.06005859375,1537.31005859375
2005-06-21,1119360600,1535.47998046875,1542.72998046875,1530.9100341796875,1536.47998046875
2005-06-22,1119447000,1542.1300048828125,1545.5400390625,1527.9300537109375,1534.3599853515625
2005-06-23,1119533400,1537.6400146484375,1549,1515.7900390625,1515.949951171875
2005-06-24,1119619800,1516.8399658203125,1518.010009765625,1500.1800537109375,1500.1800537109375
2005-06-27,1119879000,1497.2900390625,1503.7900390625,1490.02001953125,1493.75
2005-06-28,1119965400,1500.6500244140625,1512.6400146484375,1498.47998046875,1508.6099853515625
2005-06-29,1120051800,1511.949951171875,1512.77001953125,1501.719970703125,1504.1099853515625
2005-06-30,1120138200,1507.02001953125,1510.2099609375,1492.93994140625,1493.52001953125
2005-07-01,1120224600,1497.02001953125,1501.949951171875,1489.739990234375,1490.530029296875
2005-07-05,1120570200,1485.9599609375,1509.18994140625,1485.9599609375,1506.3499755859375
2005-07-06,1120656600,1503.47998046875,1512.9100341796875,1497.1099853515625,1498.050048828125
2005-07-07,1120743000,1484.9200439453125,1505.300048828125,1484.1800537109375,1503.780029296875
2005-07-08,1120829400,1505.530029296875,1534.2900390625,1502.199951171875,1533.27001953125
2005-07-11,1121088600,1536.449951171875,1547.97998046875,1535.0699462890625,1547.6600341796875
2005-07-12,1121175000,1546.52001953125,1560.1500244140625,1543.1400146484375,1555.5899658203125
2005-07-13,1121261400,1555.239990234375,1559.3699951171875,1549.81005859375,1557.6199951171875
2005-07-14,1121347800,1570.31005859375,1577.47998046875,1563.9300537109375,1573.43994140625
2005-07-15,1121434200,1577.27001953125,1582.4000244140625,1568.8199462890625,1577.8199462890625
2005-07-18,1121693400,1573.6199951171875,1578.1199951171875,1570.02001953125,1570.0899658203125
2005-07-19,1121779800,1580.25,1590.760009765625,1577,1590.489990234375
2005-07-20,1121866200,1580.06005859375,1605.449951171875,1578.8699951171875,1602.75
2005-07-21,1121952600,1606.8399658203125,1610.8399658203125,1591.719970703125,1601.8900146484375
2005-07-22,1122039000,1601.6800537109375,1606.4200439453125,1592.030029296875,1600.760009765625
2005-07-25,1122298200,1600.6199951171875,1607.969970703125,1591.4000244140625,1593.5699462890625
2005-07-26,1122384600,1596.81005859375,1603.8900146484375,1591.5799560546875,1598.9300537109375
2005-07-27,1122471000,1601.3900146484375,1613.3900146484375,1592.760009765625,1611.949951171875
2005-07-28,1122557400,1613.2900390625,1619.780029296875,1609.6199951171875,1618.6400146484375
2005-07-29,1122643800,1616.4200439453125,1619.949951171875,1605.1400146484375,1605.1400146484375
2005-08-01,1122903000,1609.739990234375,1616.4000244140625,1604.5799560546875,1610.1099853515625
2005-08-02,1122989400,1611.8599853515625,1628.5699462890625,1611.8599853515625,1627.010009765625
2005-08-03,1123075800,1619.97998046875,1628.530029296875,1618.4000244140625,1627.18994140625
2005-08-04,1123162200,1619.1800537109375,1621,1606.5999755859375,1608.739990234375
2005-08-05,1123248600,1606.6300048828125,1614.219970703125,1600.25,1601.5899658203125
2005-08-08,1123507800,1604.22998046875,1607.010009765625,1588.739990234375,1589.969970703125
2005-08-09,1123594200,1596.1500244140625,1606.510009765625,1595.7099609375,1601.1400146484375
2005-08-10,1123680600,1604.800048828125,1610.2099609375,1582.31005859375,1585.7099609375
2005-08-11,1123767000,1587.77001953125,1603.6600341796875,1586.6700439453125,1600.6500244140625
2005-08-12,1123853400,1587.68994140625,1594.9599609375,1581.4100341796875,1591.75
2005-08-15,1124112600,1587.5899658203125,1606.9599609375,1585.6600341796875,1600.7099609375
2005-08-16,1124199000,1595.8599853515625,1596.5400390625,1572.43994140625,1574.010009765625
2005-08-17,1124285400,1577.5699462890625,1588.800048828125,1573.8699951171875,1582.2900390625
2005-08-18,1124371800,1578.199951171875,1585.280029296875,1573.4000244140625,1575.760009765625
2005-08-19,1124458200,1576.5699462890625,1581.949951171875,1573.699951171875,1573.719970703125
2005-08-22,1124717400,1577.1500244140625,1588.9200439453125,1565.81005859375,1575.5899658203125
2005-08-23,1124803800,1575.469970703125,1578.52001953125,1566.719970703125,1571.300048828125
2005-08-24,1124890200,1568.02001953125,1588.9000244140625,1561.1500244140625,1561.7099609375
2005-08-25,1124976600,1564.4200439453125,1569.510009765625,1562.030029296875,1565.8800048828125
2005-08-26,1125063000,1563.8499755859375,1565.550048828125,1552.989990234375,1558.8399658203125
2005-08-29,1125322200,1551.3599853515625,1575.449951171875,1551.31005859375,1571.52001953125
2005-08-30,1125408600,1565.1700439453125,1566.469970703125,1554.489990234375,1565.72998046875
2005-08-31,1125495000,1566.8599853515625,1582.0899658203125,1561.4200439453125,1581.7099609375
2005-09-01,1125581400,1581.22998046875,1587.8199462890625,1573.5400390625,1577.25
2005-09-02,1125667800,1580.7099609375,1583,1571.8199462890625,1573.1199951171875
2005-09-06,1126013400,1580.2099609375,1597.7099609375,1578.989990234375,1597.27001953125
2005-09-07,1126099800,1594.02001953125,1600.7900390625,1590.8699951171875,1599.8599853515625
2005-09-08,1126186200,1594.8199462890625,1604.9100341796875,1593.300048828125,1597.6800537109375
2005-09-09,1126272600,1599.97998046875,1610.1199951171875,1595.31005859375,1607.8299560546875
2005-09-12,1126531800,1607.5999755859375,1616.8199462890625,1605.989990234375,1612.199951171875
2005-09-13,1126618200,1609.5799560546875,1619.1199951171875,1604.1300048828125,1607.3800048828125
2005-09-14,1126704600,1609.219970703125,1609.3699951171875,1589.4100341796875,1589.6300048828125
2005-09-15,1126791000,1594.510009765625,1596.3800048828125,1585.0699462890625,1588.550048828125
2005-09-16,1126877400,1592.0999755859375,1600.43994140625,1587.1800537109375,1599.43994140625
2005-09-19,1127136600,1595.0799560546875,1597.969970703125,1579.510009765625,1586.050048828125
2005-09-20,1127223000,1589.3299560546875,1604.02001953125,1575.5799560546875,1578.199951171875
2005-09-21,1127309400,1577.0999755859375,1577.6700439453125,1561.469970703125,1561.8399658203125
2005-09-22,1127395800,1559.93994140625,1570.93994140625,1551.81005859375,1567.3599853515625
2005-09-23,1127482200,1563.969970703125,1577.050048828125,1559.5699462890625,1571.75
2005-09-26,1127741400,1581.1600341796875,1584.5799560546875,1564.52001953125,1572.8599853515625
2005-09-27,1127827800,1575.8399658203125,1578.1800537109375,1563.2099609375,1568.8399658203125
2005-09-28,1127914200,1575.1600341796875,1580.6700439453125,1565.02001953125,1568.81005859375
2005-09-29,1128000600,1567.43994140625,1591.1500244140625,1560.8699951171875,1589.9300537109375
2005-09-30,1128087000,1589.239990234375,1601.68994140625,1588.219970703125,1601.6600341796875
2005-10-03,1128346200,1603.469970703125,1612.530029296875,1603.3900146484375,1605.5899658203125
2005-10-04,1128432600,1606.1500244140625,1617.77001953125,1594.56005859375,1595.5400390625
2005-10-05,1128519000,1595.3900146484375,1595.8299560546875,1571.4599609375,1571.52001953125
2005-10-06,1128605400,1573.1500244140625,1576.3599853515625,1540.3399658203125,1552.93994140625
2005-10-07,1128691800,1558.9300537109375,1563.27001953125,1549.93994140625,1555.9200439453125
2005-10-10,1128951000,1554.739990234375,1560.6500244140625,1545.9000244140625,1546.989990234375
2005-10-11,1129037400,1551.010009765625,1551.5400390625,1534.6099853515625,1539.31005859375
2005-10-12,1129123800,1532.22998046875,1543.5,1519.300048828125,1521.18994140625
2005-10-13,1129210200,1519.3599853515625,1538.1500244140625,1515.4200439453125,1533.800048828125
2005-10-14,1129296600,1537.4300537109375,1545.1300048828125,1529.4200439453125,1544.2900390625
2005-10-17,1129555800,1544.5799560546875,1549.949951171875,1536.010009765625,1549.8800048828125
2005-10-18,1129642200,1548.2900390625,1549.4100341796875,1538.3900146484375,1538.4300537109375
2005-10-19,1129728600,1532.469970703125,1569.6099853515625,1526.8199462890625,1569.6099853515625
2005-10-20,1129815000,1568.530029296875,1576.4599609375,1547.0699462890625,1555.5899658203125
2005-10-21,1129901400,1571.1700439453125,1572.7099609375,1558.1800537109375,1565.1199951171875
2005-10-24,1130160600,1570.3299560546875,1590.72998046875,1561.449951171875,1590.6500244140625
2005-10-25,1130247000,1584.949951171875,1590.050048828125,1573.6600341796875,1585.8199462890625
2005-10-26,1130333400,1580,1593.469970703125,1573.1400146484375,1575.1400146484375
2005-10-27,1130419800,1571.6400146484375,1573.800048828125,1543.3800048828125,1543.3800048828125
2005-10-28,1130506200,1548.8299560546875,1557.5699462890625,1538.780029296875,1557.1099853515625
2005-10-31,1130769000,1559.8399658203125,1584.0899658203125,1559.8399658203125,1579.1800537109375
2005-11-01,1130855400,1572.969970703125,1582.6700439453125,1571.18994140625,1576.52001953125
2005-11-02,1130941800,1570.8299560546875,1600.75,1570.75,1597.2900390625
2005-11-03,1131028200,1611.52001953125,1626.47998046875,1610.9000244140625,1619.6700439453125
2005-11-04,1131114600,1622.56005859375,1631.7900390625,1616.8399658203125,1628.030029296875
2005-11-07,1131373800,1630.760009765625,1634.530029296875,1621.5,1629.27001953125
2005-11-08,1131460200,1626.239990234375,1636.8399658203125,1623.1600341796875,1628.4000244140625
2005-11-09,1131546600,1627.6199951171875,1636.3599853515625,1624.550048828125,1630.2099609375
2005-11-10,1131633000,1629.56005859375,1651.050048828125,1620.739990234375,1650.9300537109375
2005-11-11,1131719400,1653.4100341796875,1659.719970703125,1651.0899658203125,1653.3599853515625
2005-11-14,1131978600,1653.6500244140625,1657.530029296875,1648.260009765625,1651.9000244140625
2005-11-15,1132065000,1651.969970703125,1658.6500244140625,1638.969970703125,1644.31005859375
2005-11-16,1132151400,1648.9200439453125,1653.739990234375,1642.3599853515625,1651.449951171875
2005-11-17,1132237800,1659.1600341796875,1676.3900146484375,1657.27001953125,1676.3900146484375
2005-11-18,1132324200,1685.050048828125,1689.5899658203125,1674.75,1679.8499755859375
2005-11-21,1132583400,1678.699951171875,1686.7900390625,1673.050048828125,1686.22998046875
2005-11-22,1132669800,1681.3699951171875,1698.3199462890625,1679.0999755859375,1694.1400146484375
2005-11-23,1132756200,1691.9599609375,1704.4200439453125,1691.0799560546875,1696.77001953125
2005-11-25,1132929000,1699.1300048828125,1701.06005859375,1693.3299560546875,1701.050048828125
2005-11-28,1133188200,1702.4000244140625,1703.0799560546875,1683.8299560546875,1684.3900146484375
2005-11-29,1133274600,1693.1099853515625,1697.5799560546875,1676.760009765625,1676.8399658203125
2005-11-30,1133361000,1675.9200439453125,1683.6199951171875,1671.3399658203125,1672.56005859375
2005-12-01,1133447400,1683.3900146484375,1705.18994140625,1683.3900146484375,1704.280029296875
2005-12-02,1133533800,1702.3599853515625,1709.0999755859375,1698.9000244140625,1709.0999755859375
2005-12-05,1133793000,1704.1199951171875,1704.93994140625,1689.5999755859375,1694.77001953125
2005-12-06,1133879400,1706.6199951171875,1716.6500244140625,1700.1600341796875,1701.3499755859375
2005-12-07,1133965800,1703.31005859375,1706.1199951171875,1688.9000244140625,1697.0400390625
2005-12-08,1134052200,1701.010009765625,1702.8399658203125,1674.739990234375,1685.5899658203125
2005-12-09,1134138600,1687.43994140625,1694.1300048828125,1679.219970703125,1692.6199951171875
2005-12-12,1134397800,1698.1500244140625,1701.27001953125,1691.219970703125,1698.3499755859375
2005-12-13,1134484200,1696.280029296875,1711.8299560546875,1693.9000244140625,1705.77001953125
2005-12-14,1134570600,1701.489990234375,1707.739990234375,1692.43994140625,1698.97998046875
2005-12-15,1134657000,1703.3900146484375,1705.9300537109375,1688.0699462890625,1701.699951171875
2005-12-16,1134743400,1700.9200439453125,1704.3800048828125,1688.260009765625,1688.6800537109375
2005-12-19,1135002600,1692.2099609375,1694.6500244140625,1663.56005859375,1664.3599853515625
2005-12-20,1135089000,1665.5999755859375,1672.469970703125,1657.7099609375,1665.0699462890625
2005-12-21,1135175400,1669.3399658203125,1682.8399658203125,1665.3399658203125,1670.6099853515625
2005-12-22,1135261800,1672.5899658203125,1685.489990234375,1671.780029296875,1683.3499755859375
2005-12-23,1135348200,1687.5799560546875,1690.4100341796875,1679.280029296875,1682.9200439453125
2005-12-27,1135693800,1686.9200439453125,1693.5799560546875,1666.4599609375,1668.3699951171875
2005-12-28,1135780200,1671.27001953125,1674.0699462890625,1662.0899658203125,1667.0999755859375
2005-12-29,1135866600,1668.780029296875,1671.3199462890625,1653.530029296875,1655.3599853515625
2005-12-30,1135953000,1648.0999755859375,1649.9000244140625,1641.8599853515625,1645.199951171875
2006-01-03,1136298600,1654.3900146484375,1686.5899658203125,1633.6199951171875,1679.9300537109375
2006-01-04,1136385000,1684.050048828125,1696.8299560546875,1681.8499755859375,1695.8299560546875
2006-01-05,1136471400,1697.800048828125,1707.7099609375,1697.3299560546875,1705.2900390625
2006-01-06,1136557800,1718.1700439453125,1735.5,1710.8599853515625,1734.989990234375
2006-01-09,1136817000,1734.5,1745.1199951171875,1729.5999755859375,1741.9000244140625
2006-01-10,1136903400,1732.25,1744.469970703125,1730.25,1744.02001953125
2006-01-11,1136989800,1748.8800048828125,1761.4599609375,1743.8499755859375,1758.239990234375
2006-01-12,1137076200,1754.9100341796875,1760.1199951171875,1742.8499755859375,1747.3499755859375
2006-01-13,1137162600,1748.3699951171875,1750.27001953125,1738.010009765625,1746.780029296875
2006-01-17,1137508200,1733.9100341796875,1739.25,1728.6199951171875,1736.3900146484375
2006-01-18,1137594600,1708.1300048828125,1726.280029296875,1707.75,1716.6199951171875
2006-01-19,1137681000,1725.3399658203125,1740.5899658203125,1720.56005859375,1729.9200439453125
2006-01-20,1137767400,1724.1199951171875,1727.02001953125,1674.3199462890625,1676.3800048828125
2006-01-23,1138026600,1681.4599609375,1685.6700439453125,1670.469970703125,1676.300048828125
2006-01-24,1138113000,1682.800048828125,1695.4100341796875,1680.6099853515625,1686.219970703125
2006-01-25,1138199400,1694.5400390625,1694.5400390625,1670.3299560546875,1677
2006-01-26,1138285800,1687.5,1694.6300048828125,1677.25,1690.489990234375
2006-01-27,1138372200,1699.1600341796875,1722.9300537109375,1697.8800048828125,1711.1099853515625
2006-01-30,1138631400,1712.8399658203125,1720.8800048828125,1711.4200439453125,1713.449951171875
2006-01-31,1138717800,1713.97998046875,1717.949951171875,1700.3399658203125,1710.75
2006-02-01,1138804200,1697.1199951171875,1714.280029296875,1695.8299560546875,1713.02001953125
2006-02-02,1138890600,1709.31005859375,1711.1500244140625,1684.6700439453125,1685.77001953125
2006-02-03,1138977000,1673.0400390625,1676.1800537109375,1658.3800048828125,1664.530029296875
2006-02-06,1139236200,1663.7099609375,1667.47998046875,1650.989990234375,1657.5400390625
2006-02-07,1139322600,1656.050048828125,1663.989990234375,1644.8399658203125,1651.8399658203125
2006-02-08,1139409000,1665.0699462890625,1672.43994140625,1654.030029296875,1670.469970703125
2006-02-09,1139495400,1675.93994140625,1681.9200439453125,1652.0899658203125,1654.0799560546875
2006-02-10,1139581800,1655.050048828125,1668.719970703125,1637.260009765625,1663.75
2006-02-13,1139841000,1653.760009765625,1655.81005859375,1638.530029296875,1645.8299560546875
2006-02-14,1139927400,1648.6400146484375,1666.9100341796875,1643.1700439453125,1661.949951171875
2006-02-15,1140013800,1658.1700439453125,1676.1400146484375,1655.219970703125,1673.1500244140625
2006-02-16,1140100200,1677.780029296875,1688.6099853515625,1672.9300537109375,1688.6099853515625
2006-02-17,1140186600,1683.18994140625,1684.2099609375,1674.8900146484375,1675.2099609375
2006-02-21,1140532200,1675.8800048828125,1676.9300537109375,1650.93994140625,1655.6800537109375
2006-02-22,1140618600,1657.4599609375,1684.1500244140625,1653.6800537109375,1677.52001953125
2006-02-23,1140705000,1675.02001953125,1687.5899658203125,1669.81005859375,1672.2900390625
2006-02-24,1140791400,1672.2099609375,1678.1500244140625,1666.969970703125,1676.5
2006-02-27,1141050600,1681.449951171875,1701.0999755859375,1680.4300537109375,1695.6600341796875
2006-02-28,1141137000,1690.43994140625,1695.3499755859375,1665.6300048828125,1670.5699462890625
2006-03-01,1141223400,1675.9200439453125,1697.25,1672.5999755859375,1694.5799560546875
2006-03-02,1141309800,1686.949951171875,1699.719970703125,1683.3800048828125,1693.780029296875
2006-03-03,1141396200,1685.1300048828125,1706.4100341796875,1682.7099609375,1684.3199462890625
2006-03-06,1141655400,1688.8699951171875,1691.1099853515625,1665.3699951171875,1669.93994140625
2006-03-07,1141741800,1666.72998046875,1668.8199462890625,1652.5899658203125,1661.02001953125
2006-03-08,1141828200,1656.2900390625,1668.06005859375,1646.030029296875,1661.8599853515625
2006-03-09,1141914600,1666.300048828125,1671.8399658203125,1644.8599853515625,1645.0899658203125
2006-03-10,1142001000,1645.27001953125,1657.31005859375,1634.25,1648.22998046875
2006-03-13,1142260200,1655.3499755859375,1663.72998046875,1650.93994140625,1653.7900390625
2006-03-14,1142346600,1650.9300537109375,1682.9300537109375,1650.9300537109375,1681.1500244140625
2006-03-15,1142433000,1687.8199462890625,1694.9000244140625,1680.06005859375,1694.4599609375
2006-03-16,1142519400,1701,1703.1099853515625,1679.050048828125,1679.050048828125
2006-03-17,1142605800,1682.6800537109375,1690.9599609375,1676.6300048828125,1685.6600341796875
2006-03-20,1142865000,1690.9000244140625,1695.0400390625,1684.1600341796875,1688.97998046875
2006-03-21,1142951400,1688.5899658203125,1707.68994140625,1671.199951171875,1672.469970703125
2006-03-22,1143037800,1663.6099853515625,1678.72998046875,1662.56005859375,1676.3199462890625
2006-03-23,1143124200,1672.1199951171875,1676.280029296875,1660.8199462890625,1670.72998046875
2006-03-24,1143210600,1677.0899658203125,1687.56005859375,1669.1700439453125,1679.81005859375
2006-03-27,1143469800,1678.9300537109375,1687.5400390625,1678.050048828125,1680.6300048828125
2006-03-28,1143556200,1681.0999755859375,1694.5999755859375,1667.949951171875,1673.030029296875
2006-03-29,1143642600,1677.1099853515625,1711.260009765625,1674.8800048828125,1703.8399658203125
2006-03-30,1143729000,1706.6099853515625,1720.199951171875,1700.1500244140625,1708.6800537109375
2006-03-31,1143815400,1712.9300537109375,1715.6199951171875,1701.8599853515625,1703.6600341796875
2006-04-03,1144071000,1715.1199951171875,1723.06005859375,1704.9200439453125,1706.77001953125
2006-04-04,1144157400,1708.9200439453125,1720.4300537109375,1705.27001953125,1716.550048828125
2006-04-05,1144243800,1722.219970703125,1735.1300048828125,1717.280029296875,1732.739990234375
2006-04-06,1144330200,1734.2099609375,1745.6800537109375,1727.1400146484375,1739.199951171875
2006-04-07,1144416600,1743.739990234375,1750.22998046875,1720.6199951171875,1723.030029296875
2006-04-10,1144675800,1724.6500244140625,1727.8199462890625,1712.469970703125,1718.8599853515625
2006-04-11,1144762200,1723.9599609375,1725.6600341796875,1696.6700439453125,1704.4000244140625
2006-04-12,1144848600,1705.1700439453125,1710.9200439453125,1701.2900390625,1704.75
2006-04-13,1144935000,1704.469970703125,1721.050048828125,1700.550048828125,1712.0699462890625
2006-04-17,1145280600,1710.9100341796875,1716.719970703125,1684.3499755859375,1694.3199462890625
2006-04-18,1145367000,1699,1730.3299560546875,1699,1726.6400146484375
2006-04-19,1145453400,1729.7099609375,1734.0999755859375,1720.6400146484375,1734.0400390625
2006-04-20,1145539800,1734.5,1741.3499755859375,1724.6199951171875,1728.9000244140625
2006-04-21,1145626200,1736.72998046875,1737.199951171875,1701.5699462890625,1709.02001953125
2006-04-24,1145885400,1706.510009765625,1711.0400390625,1697,1706.43994140625
2006-04-25,1145971800,1711.3499755859375,1711.3499755859375,1694.52001953125,1701.469970703125
2006-04-26,1146058200,1704.4300537109375,1710,1696.5,1702.199951171875
2006-04-27,1146144600,1695.030029296875,1727.7900390625,1688.25,1717.1400146484375
2006-04-28,1146231000,1705.52001953125,1717.489990234375,1699.510009765625,1700.7099609375
2006-05-01,1146490200,1706.800048828125,1709.43994140625,1680.52001953125,1686.6099853515625
2006-05-02,1146576600,1692.949951171875,1697.1800537109375,1686.6500244140625,1689.9300537109375
2006-05-03,1146663000,1692.6199951171875,1693.52001953125,1679.260009765625,1686.300048828125
2006-05-04,1146749400,1688.4100341796875,1707.3599853515625,1688.4100341796875,1701.030029296875
2006-05-05,1146835800,1711.6400146484375,1716.18994140625,1706.3299560546875,1713.8399658203125
2006-05-08,1147095000,1713.739990234375,1721.1300048828125,1712.1800537109375,1715.22998046875
2006-05-09,1147181400,1711.9300537109375,1715.72998046875,1708.030029296875,1711.1700439453125
2006-05-10,1147267800,1706.18994140625,1707.3800048828125,1690.9000244140625,1694.8199462890625
2006-05-11,1147354200,1693.7099609375,1694.469970703125,1653.7900390625,1657.47998046875
2006-05-12,1147440600,1649.8299560546875,1652.260009765625,1634.6500244140625,1635.81005859375
2006-05-15,1147699800,1629.25,1640.0999755859375,1619.260009765625,1634.780029296875
2006-05-16,1147786200,1635.6199951171875,1637.699951171875,1617.969970703125,1623.68994140625
2006-05-17,1147872600,1611.2099609375,1618.8499755859375,1595.6199951171875,1598.9100341796875
2006-05-18,1147959000,1607.97998046875,1612.530029296875,1587.0400390625,1587.1099853515625
2006-05-19,1148045400,1589.8199462890625,1604.47998046875,1575.81005859375,1600.8599853515625
2006-05-22,1148304600,1587.97998046875,1595.06005859375,1571.06005859375,1584.5699462890625
2006-05-23,1148391000,1597.5,1601.75,1569.010009765625,1569.010009765625
2006-05-24,1148477400,1567.77001953125,1586.6199951171875,1554.760009765625,1580.1800537109375
2006-05-25,1148563800,1589.989990234375,1600.219970703125,1579.239990234375,1599.6800537109375
2006-05-26,1148650200,1605.18994140625,1606.4599609375,1595.2900390625,1606.3699951171875
2006-05-30,1148995800,1599.1099853515625,1606.3699951171875,1571.2900390625,1571.2900390625
2006-05-31,1149082200,1575.77001953125,1587.780029296875,1568.219970703125,1579.5799560546875
2006-06-01,1149168600,1581.0799560546875,1616.5699462890625,1579.5799560546875,1616.5699462890625
2006-06-02,1149255000,1626.18994140625,1626.2900390625,1599.1700439453125,1612.9000244140625
2006-06-05,1149514200,1606.1099853515625,1612.9000244140625,1577.489990234375,1577.5
2006-06-06,1149600600,1581.93994140625,1583.9000244140625,1560.22998046875,1575.3900146484375
2006-06-07,1149687000,1578.77001953125,1592.3699951171875,1563.949951171875,1565.219970703125
2006-06-08,1149773400,1555.8499755859375,1566.5899658203125,1525.780029296875,1561.550048828125
2006-06-09,1149859800,1567.9200439453125,1575.1199951171875,1550.1400146484375,1550.969970703125
2006-06-12,1150119000,1553.6500244140625,1555.0899658203125,1520.2900390625,1520.31005859375
2006-06-13,1150205400,1523.6400146484375,1536.5,1511.530029296875,1516.8499755859375
2006-06-14,1150291800,1519.2900390625,1531.5899658203125,1512.97998046875,1530.260009765625
2006-06-15,1150378200,1538.1400146484375,1576.7900390625,1530.260009765625,1573.0799560546875
2006-06-16,1150464600,1568.530029296875,1573.0799560546875,1554.8299560546875,1562.8399658203125
2006-06-19,1150723800,1568.3800048828125,1568.8900146484375,1543.8499755859375,1548.93994140625
2006-06-20,1150810200,1549.949951171875,1565.1700439453125,1544.300048828125,1548.3199462890625
2006-06-21,1150896600,1550.6600341796875,1585.8800048828125,1548.3199462890625,1573.56005859375
2006-06-22,1150983000,1571.1099853515625,1573.6700439453125,1546.1199951171875,1554.489990234375
2006-06-23,1151069400,1551.469970703125,1566.9000244140625,1544.1099853515625,1551.050048828125
2006-06-26,1151328600,1553.47998046875,1561.469970703125,1549.1300048828125,1556.1700439453125
2006-06-27,1151415000,1556.1400146484375,1559.18994140625,1525.8900146484375,1527
2006-06-28,1151501400,1531.300048828125,1538.6500244140625,1520.9300537109375,1538.25
2006-06-29,1151587800,1546.010009765625,1585.56005859375,1538.25,1585.56005859375
2006-06-30,1151674200,1590.27001953125,1590.8299560546875,1574.3800048828125,1575.22998046875
2006-07-03,1151933400,1580.6300048828125,1586.43994140625,1575.22998046875,1586.25
2006-07-05,1152106200,1573.3499755859375,1586.25,1550.5799560546875,1553.949951171875
2006-07-06,1152192600,1556.239990234375,1564.9599609375,1547.280029296875,1551.550048828125
2006-07-07,1152279000,1543.4599609375,1553.0899658203125,1529.4000244140625,1533.7099609375
2006-07-10,1152538200,1538.780029296875,1543.1199951171875,1513.469970703125,1520.9000244140625
2006-07-11,1152624600,1516.18994140625,1534.969970703125,1508.9100341796875,1533.06005859375
2006-07-12,1152711000,1527.43994140625,1533.06005859375,1499.77001953125,1501.4599609375
2006-07-13,1152797400,1490.5400390625,1506.530029296875,1478.1300048828125,1478.1600341796875
2006-07-14,1152883800,1478.5999755859375,1480.31005859375,1456.3800048828125,1462.1700439453125
2006-07-17,1153143000,1462.3900146484375,1475.2099609375,1459.9000244140625,1468.5
2006-07-18,1153229400,1472.06005859375,1477.800048828125,1446.77001953125,1472.3399658203125
2006-07-19,1153315800,1467.5799560546875,1498.3199462890625,1467.300048828125,1490.5999755859375
2006-07-20,1153402200,1497.1400146484375,1497.1400146484375,1466.27001953125,1466.8900146484375
2006-07-21,1153488600,1457.52001953125,1463.43994140625,1450.239990234375,1451.8800048828125
2006-07-24,1153747800,1459.3900146484375,1482.3399658203125,1457.1099853515625,1482.3399658203125
2006-07-25,1153834200,1483.010009765625,1494.1400146484375,1475.1199951171875,1489.52001953125
2006-07-26,1153920600,1483.739990234375,1499.4300537109375,1474.6700439453125,1487.8800048828125
2006-07-27,1154007000,1497,1506.75,1475.9100341796875,1478.530029296875
2006-07-28,1154093400,1488.06005859375,1511,1485.9599609375,1510.300048828125
2006-07-31,1154352600,1506.81005859375,1517.8599853515625,1501.780029296875,1509.4300537109375
2006-08-01,1154439000,1498.1700439453125,1498.1700439453125,1476.06005859375,1484.93994140625
2006-08-02,1154525400,1490.6400146484375,1510.510009765625,1490.4100341796875,1500.47998046875
2006-08-03,1154611800,1487.02001953125,1518.4100341796875,1484.5999755859375,1510.5999755859375
2006-08-04,1154698200,1522.6500244140625,1530.0400390625,1490.1600341796875,1503.8399658203125
2006-08-07,1154957400,1501.4300537109375,1501.4300537109375,1487.18994140625,1494.1300048828125
2006-08-08,1155043800,1498.949951171875,1500.760009765625,1476.47998046875,1484.800048828125
2006-08-09,1155130200,1503.8599853515625,1517.9000244140625,1482.489990234375,1485.6400146484375
2006-08-10,1155216600,1482.1099853515625,1499.9300537109375,1478.199951171875,1496.280029296875
2006-08-11,1155303000,1491.0999755859375,1491.969970703125,1479.68994140625,1486.739990234375
2006-08-14,1155562200,1500.6500244140625,1515.6800537109375,1493.739990234375,1494.3299560546875
2006-08-15,1155648600,1514.8399658203125,1534.780029296875,1508.93994140625,1534.4300537109375
2006-08-16,1155735000,1546.47998046875,1570.06005859375,1539.5899658203125,1570.06005859375
2006-08-17,1155821400,1564.969970703125,1584.719970703125,1562.6199951171875,1573.5899658203125
2006-08-18,1155907800,1571.699951171875,1578.3499755859375,1557.8900146484375,1576.4599609375
2006-08-21,1156167000,1566.1600341796875,1567.5,1556.280029296875,1561.1199951171875
2006-08-22,1156253400,1560.2099609375,1577.5400390625,1555.97998046875,1563.4300537109375
2006-08-23,1156339800,1565.989990234375,1571.47998046875,1543.8599853515625,1550.4100341796875
2006-08-24,1156426200,1557.6400146484375,1558.93994140625,1542.5699462890625,1555.18994140625
2006-08-25,1156512600,1550.8399658203125,1570.3399658203125,1548.010009765625,1557.699951171875
2006-08-28,1156771800,1557.2099609375,1574.449951171875,1556.52001953125,1570.2900390625
2006-08-29,1156858200,1569.949951171875,1575.449951171875,1552.4000244140625,1573.6500244140625
2006-08-30,1156944600,1577.4300537109375,1583.77001953125,1570.1500244140625,1581.949951171875
2006-08-31,1157031000,1583.97998046875,1586.5999755859375,1576.3299560546875,1579.72998046875
2006-09-01,1157117400,1589.2099609375,1593.6600341796875,1581.9100341796875,1589.469970703125
2006-09-05,1157463000,1589.9200439453125,1605.02001953125,1580.2099609375,1603.68994140625
2006-09-06,1157549400,1590.9200439453125,1592.8900146484375,1570.4200439453125,1572.199951171875
2006-09-07,1157635800,1567.72998046875,1581.43994140625,1560.050048828125,1564.8399658203125
2006-09-08,1157722200,1568.81005859375,1578.1199951171875,1564.550048828125,1574.7099609375
2006-09-11,1157981400,1563.0799560546875,1591.1199951171875,1558.1700439453125,1583.780029296875
2006-09-12,1158067800,1585.77001953125,1617.550048828125,1584.8499755859375,1615.75
2006-09-13,1158154200,1615.3199462890625,1625.550048828125,1611.97998046875,1623.989990234375
2006-09-14,1158240600,1620.3699951171875,1629.27001953125,1617.969970703125,1625.97998046875
2006-09-15,1158327000,1637.27001953125,1645.5999755859375,1627.5400390625,1632.43994140625
2006-09-18,1158586200,1631.47998046875,1643.530029296875,1625.800048828125,1632.1700439453125
2006-09-19,1158672600,1638.0799560546875,1638.0799560546875,1608.510009765625,1621.0699462890625
2006-09-20,1158759000,1636.02001953125,1648.9000244140625,1635.280029296875,1645.3499755859375
2006-09-21,1158845400,1648.8399658203125,1654.4000244140625,1631.2900390625,1634.8699951171875
2006-09-22,1158931800,1633.1500244140625,1633.1500244140625,1615.97998046875,1622.3699951171875
2006-09-25,1159191000,1631.3399658203125,1653.8599853515625,1615.1400146484375,1650.3699951171875
2006-09-26,1159277400,1649.8199462890625,1659.5999755859375,1644.2900390625,1659.199951171875
2006-09-27,1159363800,1655.52001953125,1665.6099853515625,1648.1400146484375,1655.6700439453125
2006-09-28,1159450200,1658.4300537109375,1663.280029296875,1645.199951171875,1661.5899658203125
2006-09-29,1159536600,1666.030029296875,1666.030029296875,1653.739990234375,1654.1300048828125
2006-10-02,1159795800,1650.3199462890625,1655.6700439453125,1631.3599853515625,1632.81005859375
2006-10-03,1159882200,1629.260009765625,1646.739990234375,1623.0699462890625,1640.2900390625
2006-10-04,1159968600,1637.3599853515625,1681.1400146484375,1634.22998046875,1681.1400146484375
2006-10-05,1160055000,1680.06005859375,1690.4100341796875,1676.0799560546875,1689.4300537109375
2006-10-06,1160141400,1682.4200439453125,1690.800048828125,1678.550048828125,1684.8800048828125
2006-10-09,1160400600,1683.199951171875,1698.3800048828125,1681.6400146484375,1691.0799560546875
2006-10-10,1160487000,1693.219970703125,1698.260009765625,1681.43994140625,1693.2900390625
2006-10-11,1160573400,1686.4100341796875,1701.5799560546875,1675.97998046875,1691.280029296875
2006-10-12,1160659800,1699.050048828125,1718.719970703125,1697.469970703125,1718.5400390625
2006-10-13,1160746200,1717.3900146484375,1729.260009765625,1714.5799560546875,1727.2099609375
2006-10-16,1161005400,1728.22998046875,1733.72998046875,1725.699951171875,1727.6099853515625
2006-10-17,1161091800,1718.0999755859375,1718.0999755859375,1699.8800048828125,1709.6099853515625
2006-10-18,1161178200,1718.010009765625,1721.4300537109375,1695.3699951171875,1700.75
2006-10-19,1161264600,1699.06005859375,1713.4300537109375,1693.18994140625,1706.3699951171875
2006-10-20,1161351000,1706.3699951171875,1713.449951171875,1695.2099609375,1709.5799560546875
2006-10-23,1161610200,1706.1800537109375,1732.52001953125,1702.5799560546875,1725.9300537109375
2006-10-24,1161696600,1723.7900390625,1726.780029296875,1706.219970703125,1713.8800048828125
2006-10-25,1161783000,1717.27001953125,1729.9000244140625,1711.6800537109375,1726.760009765625
2006-10-26,1161869400,1730.72998046875,1745.7900390625,1718.530029296875,1744.0699462890625
2006-10-27,1161955800,1740,1741.6099853515625,1712.760009765625,1717.6099853515625
2006-10-30,1162218600,1715.7900390625,1735.02001953125,1711.8499755859375,1727.800048828125
2006-10-31,1162305000,1733.8199462890625,1739.3299560546875,1722.1500244140625,1732.5400390625
2006-11-01,1162391400,1738.550048828125,1739.7900390625,1702.1800537109375,1707.6500244140625
2006-11-02,1162477800,1702.260009765625,1714.3699951171875,1698.5999755859375,1710.1700439453125
2006-11-03,1162564200,1714.27001953125,1716.6500244140625,1693.18994140625,1703.97998046875
2006-11-06,1162823400,1712.030029296875,1736.5400390625,1712.030029296875,1732.260009765625
2006-11-07,1162909800,1731.81005859375,1752.949951171875,1728.27001953125,1741.530029296875
2006-11-08,1162996200,1732.2099609375,1757.1800537109375,1728.3499755859375,1749.75
2006-11-09,1163082600,1760.050048828125,1762.949951171875,1736.6600341796875,1740.1400146484375
2006-11-10,1163169000,1743.0999755859375,1751.1099853515625,1736.3900146484375,1751.1099853515625
2006-11-13,1163428200,1751.8399658203125,1770.5400390625,1749.52001953125,1768
2006-11-14,1163514600,1769.3699951171875,1787.8800048828125,1759.239990234375,1787.22998046875
2006-11-15,1163601000,1787.3299560546875,1804.8800048828125,1786.7099609375,1793.8199462890625
2006-11-16,1163687400,1798.8499755859375,1806,1790.9599609375,1801.969970703125
2006-11-17,1163773800,1791.6700439453125,1800.9000244140625,1788.050048828125,1800.6700439453125
2006-11-20,1164033000,1795.6800537109375,1808.7099609375,1790.469970703125,1803.81005859375
2006-11-21,1164119400,1807.3399658203125,1809.800048828125,1800.300048828125,1808.8800048828125
2006-11-22,1164205800,1815.6199951171875,1820.199951171875,1800.719970703125,1819.760009765625
2006-11-24,1164378600,1805.3900146484375,1824.2099609375,1805.3900146484375,1815.530029296875
2006-11-27,1164637800,1810.9100341796875,1813.9200439453125,1775.1700439453125,1775.1700439453125
2006-11-28,1164724200,1769.4200439453125,1782.6500244140625,1763.3399658203125,1780.3399658203125
2006-11-29,1164810600,1787.6500244140625,1796.5,1776.0999755859375,1792.77001953125
2006-11-30,1164897000,1791.3399658203125,1800.469970703125,1781.489990234375,1791.25
2006-12-01,1164983400,1790.6300048828125,1793.31005859375,1760.010009765625,1775.1199951171875
2006-12-04,1165242600,1782.5999755859375,1808.1199951171875,1782.1300048828125,1799.9300537109375
2006-12-05,1165329000,1806.5,1810.8199462890625,1797.3699951171875,1804.8499755859375
2006-12-06,1165415400,1801.4000244140625,1804.8800048828125,1792.2900390625,1799.1300048828125
2006-12-07,1165501800,1802.56005859375,1808.199951171875,1777.199951171875,1777.4599609375
2006-12-08,1165588200,1773.800048828125,1799.219970703125,1767.8299560546875,1786.2099609375
2006-12-11,1165847400,1786.2099609375,1803.3800048828125,1779.6500244140625,1791.739990234375
2006-12-12,1165933800,1792.1800537109375,1794.050048828125,1771.300048828125,1781.969970703125
2006-12-13,1166020200,1793.8599853515625,1793.8599853515625,1774.050048828125,1783.43994140625
2006-12-14,1166106600,1786.52001953125,1811.0799560546875,1786.52001953125,1803.4100341796875
2006-12-15,1166193000,1818.2099609375,1821.1800537109375,1805.449951171875,1808.56005859375
2006-12-18,1166452200,1812.9300537109375,1820.93994140625,1783.239990234375,1790.989990234375
2006-12-19,1166538600,1776.6099853515625,1792.780029296875,1766.3499755859375,1785.1199951171875
2006-12-20,1166625000,1787.6600341796875,1795.4100341796875,1777.9200439453125,1777.9200439453125
2006-12-21,1166711400,1780.530029296875,1781.510009765625,1759.0799560546875,1766.280029296875
2006-12-22,1166797800,1765.2900390625,1765.97998046875,1748.6099853515625,1748.6099853515625
2006-12-26,1167143400,1746.8599853515625,1754.699951171875,1746.0699462890625,1753.550048828125
2006-12-27,1167229800,1757.0899658203125,1766.1500244140625,1754.8699951171875,1763.4100341796875
2006-12-28,1167316200,1757.5899658203125,1765.06005859375,1752.6400146484375,1758.93994140625
2006-12-29,1167402600,1759.1500244140625,1774.6400146484375,1755.0400390625,1756.9000244140625
2007-01-03,1167834600,1769.219970703125,1793.050048828125,1731.7099609375,1759.3699951171875
2007-01-04,1167921000,1763.1500244140625,1799.0699462890625,1757,1792.9100341796875
2007-01-05,1168007400,1787.7900390625,1787.7900390625,1770.2900390625,1785.300048828125
2007-01-08,1168266600,1786.3900146484375,1795.449951171875,1776.989990234375,1787.1400146484375
2007-01-09,1168353000,1791.75,1802.43994140625,1776.72998046875,1795.6300048828125
2007-01-10,1168439400,1790.510009765625,1817.219970703125,1784.280029296875,1816.1500244140625
2007-01-11,1168525800,1820.75,1840.8800048828125,1818.0899658203125,1834.8599853515625
2007-01-12,1168612200,1832.1500244140625,1845.6800537109375,1830.3399658203125,1844.81005859375
2007-01-16,1168957800,1844.72998046875,1847.5400390625,1836.8299560546875,1842.43994140625
2007-01-17,1169044200,1835.050048828125,1843.0699462890625,1824.739990234375,1827.6800537109375
2007-01-18,1169130600,1821.989990234375,1824.3399658203125,1789.3900146484375,1793.6800537109375
2007-01-19,1169217000,1787.8199462890625,1802.219970703125,1787.52001953125,1796.81005859375
2007-01-22,1169476200,1800.3299560546875,1800.530029296875,1771.239990234375,1779.02001953125
2007-01-23,1169562600,1776.8299560546875,1790.0699462890625,1771.43994140625,1773.4000244140625
2007-01-24,1169649000,1785.4200439453125,1803.4599609375,1781.8199462890625,1802.6300048828125
2007-01-25,1169735400,1806.75,1810.239990234375,1774.5799560546875,1777.75
2007-01-26,1169821800,1783.3800048828125,1784.8199462890625,1763.300048828125,1772.969970703125
2007-01-29,1170081000,1771.050048828125,1786.969970703125,1767.0899658203125,1775.0799560546875
2007-01-30,1170167400,1780.260009765625,1782.2099609375,1772.030029296875,1777.760009765625
2007-01-31,1170253800,1774.43994140625,1798.489990234375,1764.6300048828125,1792.280029296875
2007-02-01,1170340200,1801.5999755859375,1806.81005859375,1785.5400390625,1791.449951171875
2007-02-02,1170426600,1795.6800537109375,1800.3900146484375,1788.969970703125,1798.1300048828125
2007-02-05,1170685800,1796.47998046875,1804.4000244140625,1789.719970703125,1795.3900146484375
2007-02-06,1170772200,1799.3299560546875,1800.050048828125,1776.510009765625,1793.06005859375
2007-02-07,1170858600,1803.22998046875,1816.77001953125,1796.1800537109375,1810.949951171875
2007-02-08,1170945000,1807.4100341796875,1814.47998046875,1800.6300048828125,1810.5400390625
2007-02-09,1171031400,1815.219970703125,1819.300048828125,1780.43994140625,1785.530029296875
2007-02-12,1171290600,1787.1099853515625,1787.1099853515625,1774.25,1778.4200439453125
2007-02-13,1171377000,1782.1600341796875,1789.97998046875,1778.6600341796875,1783.8199462890625
2007-02-14,1171463400,1792.739990234375,1818.550048828125,1792.2900390625,1814.97998046875
2007-02-15,1171549800,1815.489990234375,1824.0899658203125,1813.0699462890625,1823.4100341796875
2007-02-16,1171636200,1818.56005859375,1823.3699951171875,1813.9000244140625,1821.489990234375
2007-02-20,1171981800,1817.8399658203125,1835.31005859375,1808.1099853515625,1833.7099609375
2007-02-21,1172068200,1827.030029296875,1839.1300048828125,1824.530029296875,1839.1300048828125
2007-02-22,1172154600,1845.469970703125,1851.469970703125,1832.5999755859375,1846.3399658203125
2007-02-23,1172241000,1845.4100341796875,1846.77001953125,1832.4000244140625,1839.77001953125
2007-02-26,1172500200,1848.47998046875,1849.0899658203125,1819.760009765625,1830.5899658203125
2007-02-27,1172586600,1801.8699951171875,1808.0799560546875,1750.699951171875,1756.27001953125
2007-02-28,1172673000,1754.8800048828125,1778.1700439453125,1746.2900390625,1761.5999755859375
2007-03-01,1172759400,1729.030029296875,1768.9599609375,1717.949951171875,1753.449951171875
2007-03-02,1172845800,1740.8699951171875,1752.8599853515625,1726.030029296875,1726.030029296875
2007-03-05,1173105000,1726.030029296875,1739.050048828125,1710.969970703125,1712.93994140625
2007-03-06,1173191400,1730.3900146484375,1747.2099609375,1727.1199951171875,1743.0999755859375
2007-03-07,1173277800,1740.7900390625,1746.8599853515625,1733.8199462890625,1736.0999755859375
2007-03-08,1173364200,1753.5999755859375,1757.52001953125,1741.469970703125,1746.4300537109375
2007-03-09,1173450600,1759.5400390625,1760.9599609375,1734.3499755859375,1744.739990234375
2007-03-12,1173706200,1742.97998046875,1758.489990234375,1742.050048828125,1756.4200439453125
2007-03-13,1173792600,1747.3199462890625,1756.219970703125,1722.47998046875,1722.47998046875
2007-03-14,1173879000,1724.6500244140625,1743.1500244140625,1711.280029296875,1743.1500244140625
2007-03-15,1173965400,1743.47998046875,1749.5799560546875,1737.0400390625,1744.8699951171875
2007-03-16,1174051800,1743.5799560546875,1750.3900146484375,1733.5799560546875,1742.22998046875
2007-03-19,1174311000,1752.18994140625,1764.3699951171875,1747.050048828125,1758.22998046875
2007-03-20,1174397400,1759.489990234375,1772.739990234375,1757.93994140625,1767.25
2007-03-21,1174483800,1774.510009765625,1806.3499755859375,1763.5400390625,1806.3499755859375
2007-03-22,1174570200,1806.760009765625,1807.4300537109375,1793.3800048828125,1799.75
2007-03-23,1174656600,1800.1800537109375,1804.6300048828125,1792.739990234375,1794.0400390625
2007-03-26,1174915800,1796.010009765625,1802.949951171875,1774.9599609375,1802.949951171875
2007-03-27,1175002200,1798.1400146484375,1798.8900146484375,1787.97998046875,1789.9300537109375
2007-03-28,1175088600,1781.6600341796875,1789.6500244140625,1770.5400390625,1770.5400390625
2007-03-29,1175175000,1783.43994140625,1783.47998046875,1753.4300537109375,1771.719970703125
2007-03-30,1175261400,1772.8599853515625,1783.3299560546875,1758.0999755859375,1772.3599853515625
2007-04-02,1175520600,1775.9200439453125,1779.300048828125,1761.6500244140625,1773.3299560546875
2007-04-03,1175607000,1782.5,1801.9000244140625,1781.8900146484375,1796.31005859375
2007-04-04,1175693400,1797.280029296875,1804.5400390625,1795,1801.739990234375
2007-04-05,1175779800,1801.0999755859375,1812.93994140625,1798.530029296875,1812.93994140625
2007-04-09,1176125400,1818.75,1819.0400390625,1805.0899658203125,1808.18994140625
2007-04-10,1176211800,1807.06005859375,1816.9300537109375,1806.9100341796875,1816.9300537109375
2007-04-11,1176298200,1815.3800048828125,1815.72998046875,1793.25,1798.0899658203125
2007-04-12,1176384600,1795.1500244140625,1814.6800537109375,1788.4000244140625,1813.489990234375
2007-04-13,1176471000,1811.6600341796875,1818.4200439453125,1801.8900146484375,1816.8499755859375
2007-04-16,1176730200,1823.68994140625,1835.6800537109375,1823.68994140625,1833.9599609375
2007-04-17,1176816600,1835.6700439453125,1838.0999755859375,1829.1099853515625,1834.9100341796875
2007-04-18,1176903000,1828.760009765625,1839.31005859375,1823.2900390625,1832.3900146484375
2007-04-19,1176989400,1823.199951171875,1840.280029296875,1819.31005859375,1832.469970703125
2007-04-20,1177075800,1848.68994140625,1856.4300537109375,1838.77001953125,1845.8900146484375
2007-04-23,1177335000,1848.489990234375,1854.75,1844.800048828125,1850.1800537109375
2007-04-24,1177421400,1856.3199462890625,1863.760009765625,1844.050048828125,1858.8699951171875
2007-04-25,1177507800,1865.77001953125,1883.5799560546875,1859.06005859375,1881.3299560546875
2007-04-26,1177594200,1889.5799560546875,1896.77001953125,1884.260009765625,1889.5699462890625
2007-04-27,1177680600,1886.3199462890625,1894.969970703125,1883.3599853515625,1891.06005859375
2007-04-30,1177939800,1891.81005859375,1891.81005859375,1867.75,1867.75
2007-05-01,1178026200,1872.3399658203125,1876.18994140625,1857.3299560546875,1873.4300537109375
2007-05-02,1178112600,1874.56005859375,1894.300048828125,1874.3900146484375,1889.72998046875
2007-05-03,1178199000,1892.5999755859375,1899.489990234375,1888.739990234375,1895.6400146484375
2007-05-04,1178285400,1902.4000244140625,1905.8499755859375,1888.4000244140625,1895.699951171875
2007-05-07,1178544600,1896.0999755859375,1901.4200439453125,1893.969970703125,1895.9599609375
2007-05-08,1178631000,1890.0799560546875,1901.2099609375,1883.010009765625,1899.8299560546875
2007-05-09,1178717400,1891.199951171875,1909.300048828125,1890.1600341796875,1905.6500244140625
2007-05-10,1178803800,1896.4200439453125,1902.18994140625,1874.239990234375,1875.199951171875
2007-05-11,1178890200,1881.5400390625,1899.43994140625,1878.3800048828125,1898.7900390625
2007-05-14,1179149400,1902.0999755859375,1906.3800048828125,1878.6300048828125,1888.0799560546875
2007-05-15,1179235800,1887.5899658203125,1898.02001953125,1870.239990234375,1871.7900390625
2007-05-16,1179322200,1878.52001953125,1891.5699462890625,1866.97998046875,1891.5699462890625
2007-05-17,1179408600,1889.1700439453125,1892.7099609375,1882.0400390625,1884.6800537109375
2007-05-18,1179495000,1890.8800048828125,1898.3399658203125,1885.9300537109375,1896.9300537109375
2007-05-21,1179754200,1899.5999755859375,1919.5999755859375,1897.8599853515625,1911.1600341796875
2007-05-22,1179840600,1913.510009765625,1921.81005859375,1905.77001953125,1916.449951171875
2007-05-23,1179927000,1919.449951171875,1925.4300537109375,1903.8699951171875,1904.4100341796875
2007-05-24,1180013400,1904.18994140625,1911.47998046875,1869.510009765625,1874.5999755859375
2007-05-25,1180099800,1883.4100341796875,1892.7099609375,1877.72998046875,1889.25
2007-05-29,1180445400,1891.0699462890625,1904.31005859375,1887.260009765625,1899.7900390625
2007-05-30,1180531800,1889.280029296875,1918.0799560546875,1884.449951171875,1918.0799560546875
2007-05-31,1180618200,1923.56005859375,1931.0999755859375,1919.27001953125,1928.18994140625
2007-06-01,1180704600,1934.739990234375,1940.81005859375,1925.6500244140625,1928.260009765625
2007-06-04,1180963800,1921.949951171875,1935.8499755859375,1920.2099609375,1933.72998046875
2007-06-05,1181050200,1928.6500244140625,1932.93994140625,1916.3800048828125,1932.3499755859375
2007-06-06,1181136600,1924.4300537109375,1924.510009765625,1908.800048828125,1914.8499755859375
2007-06-07,1181223000,1908.6600341796875,1918.8199462890625,1882.1700439453125,1882.1700439453125
2007-06-08,1181309400,1884.6600341796875,1906.7900390625,1876.52001953125,1906.260009765625
2007-06-11,1181568600,1904.9100341796875,1917.4300537109375,1900.72998046875,1901.9599609375
2007-06-12,1181655000,1892.1300048828125,1911.1400146484375,1887.77001953125,1890.6700439453125
2007-06-13,1181741400,1897.7900390625,1913.8699951171875,1892.550048828125,1913.8699951171875
2007-06-14,1181827800,1914.280029296875,1929.5899658203125,1913.530029296875,1924.5400390625
2007-06-15,1181914200,1943.9100341796875,1946.699951171875,1937.989990234375,1942.4100341796875
2007-06-18,1182173400,1947.7900390625,1947.7900390625,1939.27001953125,1944.3699951171875
2007-06-19,1182259800,1939.0699462890625,1946.8800048828125,1932.75,1941.75
2007-06-20,1182346200,1945.06005859375,1948.5799560546875,1922.0699462890625,1922.1199951171875
2007-06-21,1182432600,1922.3199462890625,1943.4200439453125,1915.77001953125,1941.3199462890625
2007-06-22,1182519000,1936.780029296875,1940.280029296875,1917.52001953125,1921.93994140625
2007-06-25,1182778200,1924.1800537109375,1934.8399658203125,1905.02001953125,1912.9000244140625
2007-06-26,1182864600,1923.699951171875,1924.4200439453125,1901.1800537109375,1908.6400146484375
2007-06-27,1182951000,1901.5999755859375,1934.030029296875,1899.9200439453125,1933.06005859375
2007-06-28,1183037400,1931.77001953125,1945.1199951171875,1930.530029296875,1931.6700439453125
2007-06-29,1183123800,1944.5,1947,1920.8299560546875,1934.0999755859375
2007-07-02,1183383000,1943.280029296875,1954.239990234375,1939.739990234375,1954.1199951171875
2007-07-03,1183469400,1957.47998046875,1965.199951171875,1953.9300537109375,1965.199951171875
2007-07-05,1183642200,1967.739990234375,1983.0999755859375,1964.489990234375,1981.06005859375
2007-07-06,1183728600,1980.780029296875,1989.4300537109375,1973.4000244140625,1988.31005859375
2007-07-09,1183987800,1989.760009765625,1992.550048828125,1982.3699951171875,1989.199951171875
2007-07-10,1184074200,1979.1300048828125,1989.3499755859375,1970.3599853515625,1971.8900146484375
2007-07-11,1184160600,1968.97998046875,1984.6700439453125,1965.6099853515625,1984.0799560546875
2007-07-12,1184247000,1992.5699462890625,2021.030029296875,1990.8900146484375,2021.030029296875
2007-07-13,1184333400,2018.8399658203125,2032.280029296875,2017.280029296875,2032.1600341796875
2007-07-16,1184592600,2030.3399658203125,2037.5,2024.300048828125,2028.02001953125
2007-07-17,1184679000,2031.3299560546875,2045.969970703125,2030.5699462890625,2041.780029296875
2007-07-18,1184765400,2030.5400390625,2038.6400146484375,2019.1700439453125,2037.97998046875
2007-07-19,1184851800,2052.31005859375,2060.2900390625,2046.9599609375,2052.989990234375
2007-07-20,1184938200,2047.1400146484375,2048.239990234375,2024.25,2035.8800048828125
2007-07-23,1185197400,2043.8199462890625,2045.81005859375,2031.3699951171875,2036.3299560546875
2007-07-24,1185283800,2021.52001953125,2037.719970703125,1995.6199951171875,2000.550048828125
2007-07-25,1185370200,2017.56005859375,2020.6800537109375,1996.050048828125,2011.1400146484375
2007-07-26,1185456600,1996.9300537109375,2012.489990234375,1955.6199951171875,1986.5999755859375
2007-07-27,1185543000,1988.8499755859375,1997.7900390625,1956.1600341796875,1956.18994140625
2007-07-30,1185802200,1961.780029296875,1981.8599853515625,1951.3599853515625,1973.9300537109375
2007-07-31,1185888600,1992.530029296875,1992.530029296875,1931.989990234375,1932.06005859375
2007-08-01,1185975000,1929.0899658203125,1946.760009765625,1912.0999755859375,1945.0799560546875
2007-08-02,1186061400,1950.949951171875,1969.6600341796875,1944.3699951171875,1966.5999755859375
2007-08-03,1186147800,1963.489990234375,1964.5,1918.56005859375,1918.56005859375
2007-08-06,1186407000,1931.3800048828125,1954.3699951171875,1912.68994140625,1954.3699951171875
2007-08-07,1186493400,1943.3900146484375,1976.699951171875,1932.050048828125,1961.6400146484375
2007-08-08,1186579800,1974.3299560546875,1995,1968.3399658203125,1987.3399658203125
2007-08-09,1186666200,1959.969970703125,1990.9599609375,1936.760009765625,1936.760009765625
2007-08-10,1186752600,1918.989990234375,1944.5400390625,1896.68994140625,1925.1400146484375
2007-08-13,1187011800,1941.4100341796875,1946.75,1931.3299560546875,1934.4100341796875
2007-08-14,1187098200,1938.7900390625,1940.8900146484375,1901.3199462890625,1901.3199462890625
2007-08-15,1187184600,1897.050048828125,1913.7900390625,1864.199951171875,1864.9200439453125
2007-08-16,1187271000,1850.1700439453125,1865.469970703125,1805.6600341796875,1846.0899658203125
2007-08-17,1187357400,1883.1500244140625,1893.77001953125,1853.8699951171875,1888.780029296875
2007-08-20,1187616600,1891.1300048828125,1899.050048828125,1874.27001953125,1893.050048828125
2007-08-21,1187703000,1887.8299560546875,1915.0999755859375,1886.449951171875,1910.989990234375
2007-08-22,1187789400,1927.31005859375,1938.7900390625,1922.18994140625,1936.77001953125
2007-08-23,1187875800,1942.1199951171875,1945.1099853515625,1920.6199951171875,1931.8800048828125
2007-08-24,1187962200,1928.800048828125,1961.3800048828125,1924.1099853515625,1961.3800048828125
2007-08-27,1188221400,1954.8800048828125,1958.9599609375,1945.510009765625,1947.489990234375
2007-08-28,1188307800,1934.9300537109375,1939.0999755859375,1899.239990234375,1899.239990234375
2007-08-29,1188394200,1914.25,1955.4599609375,1913.489990234375,1954.8499755859375
2007-08-30,1188480600,1942.7900390625,1980.949951171875,1940.9200439453125,1963.75
2007-08-31,1188567000,1987.93994140625,1993.72998046875,1975.8299560546875,1988.72998046875
2007-09-04,1188912600,1989.280029296875,2032.0999755859375,1989.280029296875,2020.510009765625
2007-09-05,1188999000,2013.6600341796875,2017.3199462890625,1987.300048828125,1994.3800048828125
2007-09-06,1189085400,2001.760009765625,2006.050048828125,1984.43994140625,1998.6700439453125
2007-09-07,1189171800,1972.1199951171875,1975.31005859375,1949.8699951171875,1958.3499755859375
2007-09-10,1189431000,1975.6700439453125,1980.969970703125,1943.27001953125,1960.199951171875
2007-09-11,1189517400,1973.1600341796875,1991.02001953125,1969.52001953125,1988.97998046875
2007-09-12,1189603800,1986.2099609375,2006.3699951171875,1983.43994140625,1988.9599609375
2007-09-13,1189690200,2004.72998046875,2005.9599609375,1989.9100341796875,1998.6300048828125
2007-09-14,1189776600,1984.239990234375,2004.030029296875,1981.9100341796875,2000.8199462890625
2007-09-17,1190035800,1993.5,1995.469970703125,1975.2900390625,1983.0799560546875
2007-09-18,1190122200,1993.8499755859375,2035.3699951171875,1985.699951171875,2035.3699951171875
2007-09-19,1190208600,2047.4599609375,2056.27001953125,2032.0799560546875,2041.3599853515625
2007-09-20,1190295000,2035.8699951171875,2043.2099609375,2029.530029296875,2032.6099853515625
2007-09-21,1190381400,2042.6400146484375,2054.090087890625,2041.47998046875,2049.47998046875
2007-09-24,1190640600,2054.77001953125,2072.699951171875,2047.510009765625,2057.25
2007-09-25,1190727000,2049.780029296875,2076.830078125,2048.340087890625,2076.830078125
2007-09-26,1190813400,2088.1201171875,2094.969970703125,2079.919921875,2088.3798828125
2007-09-27,1190899800,2098.739990234375,2099.610107421875,2089.580078125,2096.389892578125
2007-09-28,1190986200,2096.3701171875,2101.9599609375,2082.0400390625,2091.110107421875
2007-10-01,1191245400,2092.60009765625,2120.7900390625,2092.60009765625,2116.969970703125
2007-10-02,1191331800,2116.14990234375,2117.340087890625,2104.14990234375,2115.889892578125
2007-10-03,1191418200,2108.0400390625,2117.3798828125,2095.300048828125,2103.010009765625
2007-10-04,1191504600,2107.110107421875,2107.719970703125,2088.7900390625,2105.56005859375
2007-10-05,1191591000,2123.489990234375,2151.719970703125,2118.1298828125,2149.669921875
2007-10-08,1191850200,2151.110107421875,2163.260009765625,2144.219970703125,2163.260009765625
2007-10-09,1191936600,2168.530029296875,2173.949951171875,2157.949951171875,2171.2099609375
2007-10-10,1192023000,2172.669921875,2178.949951171875,2164.909912109375,2176.97998046875
2007-10-11,1192109400,2188.719970703125,2194.139892578125,2127.070068359375,2140.919921875
2007-10-12,1192195800,2151.93994140625,2177.989990234375,2148.3798828125,2177.989990234375
2007-10-15,1192455000,2182.06005859375,2184.860107421875,2143.89990234375,2158.919921875
2007-10-16,1192541400,2147.8798828125,2166.64990234375,2143.56005859375,2151.139892578125
2007-10-17,1192627800,2182.699951171875,2182.85009765625,2143.5400390625,2179.139892578125
2007-10-18,1192714200,2168.239990234375,2191.659912109375,2161.679931640625,2187.52001953125
2007-10-19,1192800600,2188.75,2188.75,2131.080078125,2131.080078125
2007-10-22,1193059800,2121.010009765625,2160.02001953125,2116.639892578125,2157.449951171875
2007-10-23,1193146200,2181.7900390625,2205.179931640625,2170.469970703125,2205.179931640625
2007-10-24,1193232600,2187.030029296875,2194.35009765625,2140.8701171875,2188.590087890625
2007-10-25,1193319000,2190.510009765625,2195.39990234375,2146.22998046875,2161.52001953125
2007-10-26,1193405400,2200.68994140625,2203.8798828125,2174.820068359375,2194.590087890625
2007-10-29,1193664600,2202.9599609375,2209.389892578125,2191.2099609375,2203.419921875
2007-10-30,1193751000,2197.139892578125,2218.8798828125,2192.68994140625,2207.610107421875
2007-10-31,1193837400,2214.139892578125,2239.22998046875,2199.02001953125,2238.97998046875
2007-11-01,1193923800,2223.52001953125,2226.8798828125,2196.35009765625,2197.070068359375
2007-11-02,1194010200,2211.389892578125,2218.659912109375,2181.5,2213.860107421875
2007-11-05,1194273000,2193.06005859375,2212.06005859375,2179.89990234375,2200.47998046875
2007-11-06,1194359400,2212.199951171875,2224.429931640625,2188.10009765625,2223.969970703125
2007-11-07,1194445800,2205.2900390625,2219.820068359375,2168.550048828125,2169.429931640625
2007-11-08,1194532200,2165.570068359375,2167.81005859375,2066.550048828125,2106.159912109375
2007-11-09,1194618600,2061.52001953125,2078.06005859375,2033.8800048828125,2034.300048828125
2007-11-12,1194877800,2028.9100341796875,2043.050048828125,1980.1800537109375,1982.1600341796875
2007-11-13,1194964200,2009.739990234375,2066.080078125,2009.739990234375,2066.080078125
2007-11-14,1195050600,2090.669921875,2091.06005859375,2030.6199951171875,2038.050048828125
2007-11-15,1195137000,2035.4599609375,2054.06005859375,2007.780029296875,2024.030029296875
2007-11-16,1195223400,2038.27001953125,2052.199951171875,2006.8499755859375,2048.6201171875
2007-11-19,1195482600,2040.1700439453125,2050.030029296875,2009.7099609375,2021.1400146484375
2007-11-20,1195569000,2030.93994140625,2064.080078125,1990.1199951171875,2029.93994140625
2007-11-21,1195655400,2008.8800048828125,2039.3900146484375,1986.449951171875,2006.3800048828125
2007-11-23,1195828200,2019.4000244140625,2031.8699951171875,2008.1300048828125,2028.9000244140625
2007-11-26,1196087400,2033.239990234375,2047.9200439453125,1988.300048828125,1989.3599853515625
2007-11-27,1196173800,2007.3499755859375,2034.6500244140625,1997.530029296875,2033.760009765625
2007-11-28,1196260200,2055.77001953125,2100.969970703125,2055.77001953125,2095.389892578125
2007-11-29,1196346600,2084.570068359375,2108.25,2082.18994140625,2102.419921875
2007-11-30,1196433000,2122.639892578125,2122.639892578125,2071.780029296875,2089.10009765625
2007-12-03,1196692200,2080.10009765625,2094.360107421875,2066.22998046875,2067.449951171875
2007-12-04,1196778600,2053.169921875,2070.389892578125,2048.64990234375,2059.06005859375
2007-12-05,1196865000,2083.18994140625,2103.830078125,2079.669921875,2099.31005859375
2007-12-06,1196951400,2099.699951171875,2128.320068359375,2098.300048828125,2127.64990234375
2007-12-07,1197037800,2127.5400390625,2135.239990234375,2116.6298828125,2130
2007-12-10,1197297000,2131.669921875,2141.360107421875,2126.969970703125,2134.8798828125
2007-12-11,1197383400,2137.820068359375,2147.679931640625,2081.550048828125,2083.719970703125
2007-12-12,1197469800,2125.139892578125,2130.570068359375,2070.52001953125,2101.360107421875
2007-12-13,1197556200,2083.080078125,2097.949951171875,2072.75,2094.679931640625
2007-12-14,1197642600,2078.39990234375,2096.9599609375,2069.93994140625,2072.110107421875
2007-12-17,1197901800,2064.449951171875,2068.919921875,2020.260009765625,2020.800048828125
2007-12-18,1197988200,2041.6600341796875,2042.2900390625,1999.5899658203125,2029.489990234375
2007-12-19,1198074600,2027.9000244140625,2038.989990234375,2016.68994140625,2031
2007-12-20,1198161000,2056.1201171875,2070.510009765625,2040.3800048828125,2069.679931640625
2007-12-21,1198247400,2100.7099609375,2111.77001953125,2094.64990234375,2111.77001953125
2007-12-24,1198506600,2113.1201171875,2131.72998046875,2113.1201171875,2128.6201171875
2007-12-26,1198679400,2121.409912109375,2141.080078125,2116.2099609375,2136.93994140625
2007-12-27,1198765800,2129.010009765625,2135.550048828125,2104.02001953125,2106.090087890625
2007-12-28,1198852200,2118.6298828125,2121.280029296875,2092.030029296875,2107.050048828125
2007-12-31,1199111400,2097.909912109375,2102.389892578125,2083.580078125,2084.929931640625
2008-01-02,1199284200,2085.530029296875,2094.219970703125,2040.4300537109375,2049.7099609375
2008-01-03,1199370600,2050.639892578125,2064.72998046875,2040.010009765625,2051.760009765625
2008-01-04,1199457000,2025.3599853515625,2025.3599853515625,1963.02001953125,1963.52001953125
2008-01-07,1199716200,1971.280029296875,1975.8699951171875,1929.27001953125,1957.43994140625
2008-01-08,1199802600,1965.4200439453125,1983.1400146484375,1910.3299560546875,1910.3299560546875
2008-01-09,1199889000,1915.22998046875,1949.199951171875,1889.9200439453125,1949.199951171875
2008-01-10,1199975400,1930.9100341796875,1968.0899658203125,1924.3900146484375,1953.6400146484375
2008-01-11,1200061800,1940.97998046875,1941.530029296875,1900.22998046875,1912.81005859375
2008-01-14,1200321000,1940.3299560546875,1952.550048828125,1924.8599853515625,1949.1500244140625
2008-01-15,1200407400,1925.949951171875,1931.7099609375,1885.449951171875,1894.0899658203125
2008-01-16,1200493800,1876.449951171875,1907.300048828125,1848.5799560546875,1872.2900390625
2008-01-17,1200580200,1882.3599853515625,1894.18994140625,1838.989990234375,1842.0999755859375
2008-01-18,1200666600,1862.219970703125,1876.0400390625,1829.6199951171875,1844.0899658203125
2008-01-22,1201012200,1740.530029296875,1820.510009765625,1740.530029296875,1795.6099853515625
2008-01-23,1201098600,1725.4599609375,1794.4599609375,1693.06005859375,1789.530029296875
2008-01-24,1201185000,1800.8399658203125,1826.9200439453125,1793.1099853515625,1826.9200439453125
2008-01-25,1201271400,1860.9200439453125,1864,1788.0699462890625,1789.1700439453125
2008-01-28,1201530600,1788.1400146484375,1807.1199951171875,1773.699951171875,1805.0799560546875
2008-01-29,1201617000,1812.4300537109375,1816.4300537109375,1792.6400146484375,1807.6700439453125
2008-01-30,1201703400,1800.3599853515625,1843.199951171875,1798.31005859375,1808.510009765625
2008-01-31,1201789800,1782.3299560546875,1853.81005859375,1782.02001953125,1841.4200439453125
2008-02-01,1201876200,1846.0699462890625,1864.969970703125,1826.4300537109375,1855.27001953125
2008-02-04,1202135400,1854.6199951171875,1854.6199951171875,1828.1099853515625,1828.800048828125
2008-02-05,1202221800,1798.6500244140625,1813.550048828125,1773.489990234375,1773.489990234375
2008-02-06,1202308200,1786.9599609375,1795.8199462890625,1739.550048828125,1740.949951171875
2008-02-07,1202394600,1723.2099609375,1779.27001953125,1714.8599853515625,1753.300048828125
2008-02-08,1202481000,1754.3699951171875,1779.47998046875,1746.3399658203125,1773.739990234375
2008-02-11,1202740200,1780.3599853515625,1797.3900146484375,1770.9100341796875,1793.0899658203125
2008-02-12,1202826600,1802.6500244140625,1812.4300537109375,1769.6199951171875,1780.5400390625
2008-02-13,1202913000,1803.2900390625,1824.219970703125,1795.6700439453125,1823
2008-02-14,1202999400,1823.0999755859375,1823.0999755859375,1784.780029296875,1787.5899658203125
2008-02-15,1203085800,1776.0999755859375,1787.3299560546875,1767.3399658203125,1780.3800048828125
2008-02-19,1203431400,1802.1700439453125,1807.449951171875,1759.239990234375,1764.81005859375
2008-02-20,1203517800,1756.6400146484375,1791.3499755859375,1756.6400146484375,1787.449951171875
2008-02-21,1203604200,1802.02001953125,1806.43994140625,1762.239990234375,1766.300048828125
2008-02-22,1203690600,1772.8800048828125,1774.969970703125,1739.1500244140625,1773.43994140625
2008-02-25,1203949800,1773.050048828125,1790.77001953125,1761.9300537109375,1785.4599609375
2008-02-26,1204036200,1773.5,1807.4100341796875,1763.4100341796875,1791.31005859375
2008-02-27,1204122600,1778.6199951171875,1806.4200439453125,1775.449951171875,1799.93994140625
2008-02-28,1204209000,1794.1099853515625,1808.6500244140625,1786.199951171875,1794.4599609375
2008-02-29,1204295400,1776.010009765625,1778.0699462890625,1740.9000244140625,1745.27001953125
2008-03-03,1204554600,1743.9200439453125,1746.56005859375,1716.52001953125,1733.27001953125
2008-03-04,1204641000,1724.3299560546875,1748.0699462890625,1707.4200439453125,1743.699951171875
2008-03-05,1204727400,1746.4000244140625,1768.1300048828125,1737.260009765625,1753.5699462890625
2008-03-06,1204813800,1749.4200439453125,1757.56005859375,1710.9599609375,1712.5
2008-03-07,1204900200,1701.3399658203125,1731.3900146484375,1682.030029296875,1707.5
2008-03-10,1205155800,1705.550048828125,1711.030029296875,1672.760009765625,1673.030029296875
2008-03-11,1205242200,1704.050048828125,1740.949951171875,1686.469970703125,1740.949951171875
2008-03-12,1205328600,1746.18994140625,1764.719970703125,1731.0799560546875,1735.1800537109375
2008-03-13,1205415000,1715.8399658203125,1760.22998046875,1699.1700439453125,1750.4000244140625
2008-03-14,1205501400,1757.469970703125,1762.3699951171875,1696.219970703125,1713.8299560546875
2008-03-17,1205760600,1680.5400390625,1706.02001953125,1668.5699462890625,1687.18994140625
2008-03-18,1205847000,1717.0400390625,1761.050048828125,1712.2099609375,1761.050048828125
2008-03-19,1205933400,1765.0999755859375,1772.0899658203125,1715.5899658203125,1715.5899658203125
2008-03-20,1206019800,1719.699951171875,1752.280029296875,1712.3299560546875,1751.989990234375
2008-03-24,1206365400,1760.1400146484375,1819.260009765625,1760.1400146484375,1814.4000244140625
2008-03-25,1206451800,1816.3299560546875,1831.97998046875,1800.7099609375,1824.5400390625
2008-03-26,1206538200,1815.8299560546875,1822.5699462890625,1800.8299560546875,1817.280029296875
2008-03-27,1206624600,1807.1400146484375,1809.239990234375,1777.75,1777.8900146484375
2008-03-28,1206711000,1788.56005859375,1802.1800537109375,1762.199951171875,1767.5699462890625
2008-03-31,1206970200,1772.9599609375,1789.52001953125,1767.8599853515625,1781.9300537109375
2008-04-01,1207056600,1806.1500244140625,1855.47998046875,1805.7900390625,1855.47998046875
2008-04-02,1207143000,1855.9100341796875,1870.550048828125,1836.6300048828125,1848.800048828125
2008-04-03,1207229400,1842.68994140625,1866.5699462890625,1835.9599609375,1855.18994140625
2008-04-04,1207315800,1859.9300537109375,1884.1300048828125,1846.56005859375,1865.8699951171875
2008-04-07,1207575000,1878.300048828125,1885.9300537109375,1856.5699462890625,1860.8299560546875
2008-04-08,1207661400,1853.3699951171875,1858.739990234375,1837.469970703125,1846.1400146484375
2008-04-09,1207747800,1848.3599853515625,1849.199951171875,1815.050048828125,1826.18994140625
2008-04-10,1207834200,1827,1863.199951171875,1827,1852.969970703125
2008-04-11,1207920600,1832.050048828125,1833.1400146484375,1794.8199462890625,1798.719970703125
2008-04-14,1208179800,1796.77001953125,1807.760009765625,1788.010009765625,1790.9300537109375
2008-04-15,1208266200,1799.47998046875,1802.72998046875,1776.5999755859375,1794.72998046875
2008-04-16,1208352600,1817.5899658203125,1849.449951171875,1815.800048828125,1846.8900146484375
2008-04-17,1208439000,1846.800048828125,1848.280029296875,1829.93994140625,1840.8800048828125
2008-04-18,1208525400,1889.199951171875,1908,1879.93994140625,1900.280029296875
2008-04-21,1208784600,1892.969970703125,1914.2099609375,1890.800048828125,1913.1199951171875
2008-04-22,1208871000,1901.27001953125,1901.739990234375,1867.719970703125,1881.6500244140625
2008-04-23,1208957400,1897.6300048828125,1913.6199951171875,1888.7099609375,1906.6600341796875
2008-04-24,1209043800,1908.1300048828125,1942.97998046875,1886.93994140625,1924.5799560546875
2008-04-25,1209130200,1922.8800048828125,1925.0400390625,1894.1099853515625,1918.5799560546875
2008-04-28,1209389400,1920.530029296875,1936.0999755859375,1917.030029296875,1923.260009765625
2008-04-29,1209475800,1917.8299560546875,1941.9100341796875,1914.25,1933.5999755859375
2008-04-30,1209562200,1939.1199951171875,1953.5899658203125,1912.81005859375,1917.699951171875
2008-05-01,1209648600,1921.8699951171875,1980.43994140625,1921.050048828125,1980.43994140625
2008-05-02,1209735000,1996.31005859375,1996.52001953125,1965.8399658203125,1981.8699951171875
2008-05-05,1209994200,1980.8399658203125,1992.68994140625,1967.8199462890625,1975.8199462890625
2008-05-06,1210080600,1968.6099853515625,1996.800048828125,1957.6300048828125,1990.6099853515625
2008-05-07,1210167000,1987.43994140625,2000.719970703125,1946.280029296875,1951.4200439453125
2008-05-08,1210253400,1960.7099609375,1979.1199951171875,1954.3599853515625,1966.8599853515625
2008-05-09,1210339800,1950.6300048828125,1969.3599853515625,1947.5999755859375,1960.2900390625
2008-05-12,1210599000,1969.5,1998.8599853515625,1959.47998046875,1997.02001953125
2008-05-13,1210685400,1997.6199951171875,2004.530029296875,1981.989990234375,2000.6099853515625
2008-05-14,1210771800,2008.5400390625,2028.6700439453125,1993.9100341796875,1997.300048828125
2008-05-15,1210858200,1995.4100341796875,2032.3599853515625,1991.199951171875,2031.3399658203125
2008-05-16,1210944600,2033.949951171875,2035.81005859375,2009.8900146484375,2031.27001953125
2008-05-19,1211203800,2031.8199462890625,2050.7900390625,2005.3399658203125,2016.5999755859375
2008-05-20,1211290200,2008.5,2010.1800537109375,1987.5,2000.6700439453125
2008-05-21,1211376600,2005.2900390625,2015.22998046875,1952.77001953125,1956.800048828125
2008-05-22,1211463000,1962.56005859375,1978.050048828125,1955.6400146484375,1964.9200439453125
2008-05-23,1211549400,1959.6700439453125,1964.6800537109375,1943.8499755859375,1958.9599609375
2008-05-27,1211895000,1965,1995.449951171875,1963.050048828125,1995.43994140625
2008-05-28,1211981400,2002.77001953125,2004.6600341796875,1981.25,2000.0699462890625
2008-05-29,1212067800,2001.800048828125,2030.239990234375,2001.780029296875,2019.02001953125
2008-05-30,1212154200,2028.25,2040.969970703125,2022.1600341796875,2032.5699462890625
2008-06-02,1212413400,2026.5799560546875,2028.0400390625,1989.3299560546875,2006.8399658203125
2008-06-03,1212499800,2015.030029296875,2027.199951171875,1977.8699951171875,1996.7900390625
2008-06-04,1212586200,1991.8900146484375,2035.0899658203125,1989.219970703125,2021.449951171875
2008-06-05,1212672600,2027.1700439453125,2055.820068359375,2020.5899658203125,2055.110107421875
2008-06-06,1212759000,2036.1500244140625,2039.5,1990.3900146484375,1990.3900146484375
2008-06-09,1213018200,1995.3699951171875,1997.93994140625,1948.27001953125,1979.7099609375
2008-06-10,1213104600,1960.4100341796875,1988,1957.050048828125,1972.5400390625
2008-06-11,1213191000,1968.8699951171875,1970.31005859375,1924.3299560546875,1924.3299560546875
2008-06-12,1213277400,1941.6800537109375,1954.22998046875,1909.8900146484375,1924.260009765625
2008-06-13,1213363800,1938.3399658203125,1968.1199951171875,1928.7099609375,1966.010009765625
2008-06-16,1213623000,1954.0400390625,1991.719970703125,1953.260009765625,1984.760009765625
2008-06-17,1213709400,1990.02001953125,1993.1199951171875,1969.72998046875,1972.8199462890625
2008-06-18,1213795800,1962.780029296875,1968.0899658203125,1943.9200439453125,1951.0999755859375
2008-06-19,1213882200,1947.6400146484375,1991.25,1935.8499755859375,1982.68994140625
2008-06-20,1213968600,1962.3299560546875,1963.47998046875,1920.3199462890625,1928.3900146484375
2008-06-23,1214227800,1936.7099609375,1940.6800537109375,1910.8800048828125,1913.31005859375
2008-06-24,1214314200,1906.8399658203125,1926.0999755859375,1888.010009765625,1903.739990234375
2008-06-25,1214400600,1911.0699462890625,1951.489990234375,1910.2099609375,1933.8599853515625
2008-06-26,1214487000,1898.780029296875,1898.780029296875,1855.3900146484375,1855.3900146484375
2008-06-27,1214573400,1854.3900146484375,1865.5999755859375,1829.300048828125,1855.719970703125
2008-06-30,1214832600,1852.8299560546875,1863.3199462890625,1837.0899658203125,1837.0899658203125
2008-07-01,1214919000,1821.9300537109375,1864.0699462890625,1817.0799560546875,1862.7099609375
2008-07-02,1215005400,1868.800048828125,1874.8299560546875,1815.8399658203125,1816.1500244140625
2008-07-03,1215091800,1828.75,1832.2099609375,1801.6600341796875,1816.3499755859375
2008-07-07,1215437400,1834.280029296875,1848.2900390625,1799.489990234375,1826.9300537109375
2008-07-08,1215523800,1829.550048828125,1871.280029296875,1821.9599609375,1871.280029296875
2008-07-09,1215610200,1866.81005859375,1871.27001953125,1818.9200439453125,1819.1800537109375
2008-07-10,1215696600,1826.6300048828125,1846.530029296875,1805.280029296875,1839.5699462890625
2008-07-11,1215783000,1820.22998046875,1839.77001953125,1784.3900146484375,1810.8800048828125
2008-07-14,1216042200,1834.8599853515625,1837.0400390625,1792.5400390625,1798.030029296875
2008-07-15,1216128600,1786.9000244140625,1826.1099853515625,1761.0799560546875,1798.3499755859375
2008-07-16,1216215000,1799.5999755859375,1844.5400390625,1786.06005859375,1843.8699951171875
2008-07-17,1216301400,1851,1862.989990234375,1829.699951171875,1853.469970703125
2008-07-18,1216387800,1827.3399658203125,1834.719970703125,1816.760009765625,1823.22998046875
2008-07-21,1216647000,1831.8599853515625,1837.530029296875,1809.800048828125,1819.760009765625
2008-07-22,1216733400,1787.5,1821.8299560546875,1784.260009765625,1821.6199951171875
2008-07-23,1216819800,1823.3699951171875,1865.18994140625,1819.0799560546875,1845.56005859375
2008-07-24,1216906200,1854.969970703125,1854.969970703125,1816.8399658203125,1816.97998046875
2008-07-25,1216992600,1829.9300537109375,1849.18994140625,1820.9000244140625,1846.550048828125
2008-07-28,1217251800,1841.3199462890625,1850.4599609375,1798.31005859375,1802.989990234375
2008-07-29,1217338200,1813.300048828125,1851.31005859375,1812.969970703125,1845.550048828125
2008-07-30,1217424600,1850.2900390625,1862.969970703125,1825.6400146484375,1852.800048828125
2008-07-31,1217511000,1835.3499755859375,1874.5400390625,1832.699951171875,1849.1500244140625
2008-08-01,1217597400,1847.469970703125,1849.2099609375,1806.4000244140625,1826.56005859375
2008-08-04,1217856600,1825.6800537109375,1825.6800537109375,1802.0899658203125,1804.8399658203125
2008-08-05,1217943000,1825.8699951171875,1869.760009765625,1823.969970703125,1869.760009765625
2008-08-06,1218029400,1866.8599853515625,1902.8699951171875,1853.4100341796875,1895.2099609375
2008-08-07,1218115800,1882.969970703125,1904.1300048828125,1873.010009765625,1880.0899658203125
2008-08-08,1218202200,1880.4100341796875,1928.52001953125,1877.1300048828125,1926.22998046875
2008-08-11,1218461400,1921.760009765625,1962.5400390625,1917.8499755859375,1941.22998046875
2008-08-12,1218547800,1938.989990234375,1957.4000244140625,1932.469970703125,1941.0699462890625
2008-08-13,1218634200,1938.06005859375,1955.5400390625,1920.77001953125,1942.02001953125
2008-08-14,1218720600,1930.81005859375,1969.3699951171875,1930.3800048828125,1964.3800048828125
2008-08-15,1218807000,1967.489990234375,1973.56005859375,1950.1099853515625,1957.56005859375
2008-08-18,1219066200,1962.1700439453125,1963.510009765625,1920.989990234375,1932.699951171875
2008-08-19,1219152600,1924.6099853515625,1933.1300048828125,1900.4100341796875,1908.6800537109375
2008-08-20,1219239000,1921.75,1932.4200439453125,1900.02001953125,1913.02001953125
2008-08-21,1219325400,1900.1099853515625,1913.3900146484375,1886.239990234375,1906.739990234375
2008-08-22,1219411800,1915.77001953125,1937.760009765625,1915.3599853515625,1931.469970703125
2008-08-25,1219671000,1918.449951171875,1918.800048828125,1885.68994140625,1889.719970703125
2008-08-26,1219757400,1889.8699951171875,1901.0899658203125,1874.81005859375,1886.3199462890625
2008-08-27,1219843800,1887.0799560546875,1913.530029296875,1881.5400390625,1900.300048828125
2008-08-28,1219930200,1906.0899658203125,1921.18994140625,1904.199951171875,1915.1199951171875
2008-08-29,1220016600,1895.780029296875,1899.56005859375,1866.81005859375,1872.5400390625
2008-09-02,1220362200,1904.2099609375,1912.719970703125,1843.0699462890625,1850.1400146484375
2008-09-03,1220448600,1847.5400390625,1854.4200439453125,1820.47998046875,1833.0899658203125
2008-09-04,1220535000,1819.510009765625,1824.6099853515625,1774.780029296875,1774.780029296875
2008-09-05,1220621400,1758.52001953125,1778.8800048828125,1740.43994140625,1768.22998046875
2008-09-08,1220880600,1794.0799560546875,1796.8199462890625,1734.9300537109375,1762.949951171875
2008-09-09,1220967000,1765.030029296875,1779.3199462890625,1721.550048828125,1721.550048828125
2008-09-10,1221053400,1739.699951171875,1754.2099609375,1725.760009765625,1738.0699462890625
2008-09-11,1221139800,1714.760009765625,1774.4100341796875,1713.8599853515625,1773.6500244140625
2008-09-12,1221226200,1756.1400146484375,1775.469970703125,1743.7099609375,1767.1300048828125
2008-09-15,1221485400,1721.780029296875,1757.5699462890625,1705.4599609375,1705.4599609375
2008-09-16,1221571800,1686.72998046875,1739.1600341796875,1683.3399658203125,1724.0799560546875
2008-09-17,1221658200,1701.800048828125,1708.199951171875,1632.449951171875,1632.449951171875
2008-09-18,1221744600,1668.3299560546875,1704.219970703125,1606.300048828125,1697.4200439453125
2008-09-19,1221831000,1760.300048828125,1773.8299560546875,1718.22998046875,1745.06005859375
2008-09-22,1222090200,1742.52001953125,1743.3399658203125,1665.4100341796875,1665.93994140625
2008-09-23,1222176600,1678.93994140625,1696.6199951171875,1645.5799560546875,1648.4000244140625
2008-09-24,1222263000,1657.5999755859375,1677.8599853515625,1648.6500244140625,1661.3299560546875
2008-09-25,1222349400,1675.449951171875,1708.43994140625,1668.7099609375,1687.550048828125
2008-09-26,1222435800,1642.6500244140625,1677.6500244140625,1635.5400390625,1672.0400390625
2008-09-29,1222695000,1638.3800048828125,1643.219970703125,1496.1500244140625,1496.1500244140625
2008-09-30,1222781400,1540.510009765625,1597.72998046875,1529.969970703125,1594.6300048828125
2008-10-01,1222867800,1581.06005859375,1584.260009765625,1547.989990234375,1563.800048828125
2008-10-02,1222954200,1547.1300048828125,1554.22998046875,1490.719970703125,1491.1099853515625
2008-10-03,1223040600,1516.050048828125,1551.5799560546875,1469,1470.8399658203125
2008-10-06,1223299800,1431.010009765625,1440.18994140625,1339.1700439453125,1411.280029296875
2008-10-07,1223386200,1416.280029296875,1433.1199951171875,1329.97998046875,1329.97998046875
2008-10-08,1223472600,1298.6300048828125,1386.3399658203125,1295.97998046875,1330.6099853515625
2008-10-09,1223559000,1349.550048828125,1369.77001953125,1261.5400390625,1275.0999755859375
2008-10-10,1223645400,1234.9000244140625,1317.47998046875,1196.1099853515625,1269.800048828125
2008-10-13,1223904600,1338.5999755859375,1429.5400390625,1318.8599853515625,1429.5400390625
2008-10-14,1223991000,1470.8499755859375,1470.989990234375,1350.6400146484375,1364.5899658203125
2008-10-15,1224077400,1351.3800048828125,1356.1500244140625,1244.22998046875,1244.22998046875
2008-10-16,1224163800,1256.2099609375,1312.969970703125,1192.25,1312.969970703125
2008-10-17,1224250200,1291.5799560546875,1367.8900146484375,1278.949951171875,1311.719970703125
2008-10-20,1224509400,1329.6800537109375,1352.760009765625,1289.969970703125,1352.760009765625
2008-10-21,1224595800,1329.6800537109375,1351.6099853515625,1281.72998046875,1283.4300537109375
2008-10-22,1224682200,1272.8699951171875,1284.8499755859375,1209.8399658203125,1237.0899658203125
2008-10-23,1224768600,1240.1800537109375,1264.0400390625,1177.1700439453125,1239.1600341796875
2008-10-24,1224855000,1149.1199951171875,1229,1149.1199951171875,1202.27001953125
2008-10-27,1225114200,1182.6199951171875,1227.4599609375,1167.699951171875,1169.780029296875
2008-10-28,1225200600,1210.030029296875,1297.5699462890625,1174.5899658203125,1297.5699462890625
2008-10-29,1225287000,1292.2900390625,1343.8399658203125,1272.18994140625,1302.1199951171875
2008-10-30,1225373400,1333.27001953125,1344.2099609375,1301,1333.93994140625
2008-10-31,1225459800,1318.3900146484375,1358.75,1306.02001953125,1334.780029296875
2008-11-03,1225722600,1333.18994140625,1346.8499755859375,1322.4300537109375,1334.75
2008-11-04,1225809000,1363.300048828125,1382.6500244140625,1342.300048828125,1378.4000244140625
2008-11-05,1225895400,1359.8199462890625,1365.280029296875,1298.5699462890625,1299.97998046875
2008-11-06,1225981800,1278.050048828125,1294.72998046875,1235.8499755859375,1241.969970703125
2008-11-07,1226068200,1258.4300537109375,1279.4200439453125,1244.18994140625,1271.6199951171875
2008-11-10,1226327400,1297.969970703125,1298.0899658203125,1237.1199951171875,1251
2008-11-11,1226413800,1236.449951171875,1249.3499755859375,1208.989990234375,1225.5899658203125
2008-11-12,1226500200,1204.1600341796875,1210.97998046875,1164.9300537109375,1165.3800048828125
2008-11-13,1226586600,1167.8299560546875,1240.9300537109375,1109.8900146484375,1240.9300537109375
2008-11-14,1226673000,1209.5999755859375,1235.9000244140625,1176.280029296875,1179.6300048828125
2008-11-17,1226932200,1157.5400390625,1187.97998046875,1149.199951171875,1151.9599609375
2008-11-18,1227018600,1158.0799560546875,1167.22998046875,1113.25,1155.75
2008-11-19,1227105000,1154.1600341796875,1168.530029296875,1087.5999755859375,1087.5999755859375
2008-11-20,1227191400,1076.5,1114.97998046875,1035.25,1036.510009765625
2008-11-21,1227277800,1059.68994140625,1085.5699462890625,1018.8599853515625,1085.5699462890625
2008-11-24,1227537000,1106.02001953125,1163.050048828125,1096.550048828125,1154.3399658203125
2008-11-25,1227623400,1164.3599853515625,1164.5999755859375,1118.280029296875,1142.5799560546875
2008-11-26,1227709800,1126.949951171875,1193.0899658203125,1126.949951171875,1193.0899658203125
2008-11-28,1227882600,1181.4300537109375,1185.989990234375,1171.8199462890625,1185.75
2008-12-01,1228141800,1185.75,1185.75,1091.1600341796875,1091.1600341796875
2008-12-02,1228228200,1109.989990234375,1132.9300537109375,1091.0400390625,1130
2008-12-03,1228314600,1103.93994140625,1166.199951171875,1101.6300048828125,1166.199951171875
2008-12-04,1228401000,1144.300048828125,1168.6500244140625,1110.6600341796875,1127.75
2008-12-05,1228487400,1113.449951171875,1180.0899658203125,1096.0899658203125,1177.8699951171875
2008-12-08,1228746600,1202.780029296875,1237.1800537109375,1196.9100341796875,1225.06005859375
2008-12-09,1228833000,1204.719970703125,1251.56005859375,1202.1400146484375,1212.449951171875
2008-12-10,1228919400,1223.47998046875,1236.530029296875,1203.719970703125,1222.3800048828125
2008-12-11,1229005800,1210.8399658203125,1229.02001953125,1176.1099853515625,1180.4599609375
2008-12-12,1229092200,1161.5899658203125,1212,1157.1500244140625,1206.6500244140625
2008-12-15,1229351400,1206.8800048828125,1206.8800048828125,1167.449951171875,1181.8699951171875
2008-12-16,1229437800,1194.8199462890625,1244.81005859375,1194.6300048828125,1243.489990234375
2008-12-17,1229524200,1225.6800537109375,1242.1800537109375,1211.4599609375,1225.8599853515625
2008-12-18,1229610600,1227.31005859375,1234.1400146484375,1192.699951171875,1204.68994140625
2008-12-19,1229697000,1219.6500244140625,1235.239990234375,1210.9100341796875,1217.18994140625
2008-12-22,1229956200,1212.31005859375,1214.550048828125,1169.22998046875,1189.1500244140625
2008-12-23,1230042600,1194.6400146484375,1204.6099853515625,1175.8399658203125,1183.18994140625
2008-12-24,1230129000,1186.6199951171875,1187.97998046875,1179.2900390625,1184.300048828125
2008-12-26,1230301800,1189.5699462890625,1190.530029296875,1178.6800537109375,1185.43994140625
2008-12-29,1230561000,1185.9599609375,1188.050048828125,1158.0699462890625,1173.1500244140625
2008-12-30,1230647400,1182.1500244140625,1203.4100341796875,1177.9200439453125,1201.3399658203125
2008-12-31,1230733800,1202.260009765625,1223.4599609375,1199.530029296875,1211.6500244140625
2009-01-02,1230906600,1212.739990234375,1266.449951171875,1208.9100341796875,1263.699951171875
2009-01-05,1231165800,1254.699951171875,1274.1099853515625,1244.8900146484375,1262.52001953125
2009-01-06,1231252200,1274.3599853515625,1286.0799560546875,1265.530029296875,1274.489990234375
2009-01-07,1231338600,1249.97998046875,1256.3399658203125,1228.3199462890625,1238.5999755859375
2009-01-08,1231425000,1231.75,1252.52001953125,1223.81005859375,1252.52001953125
2009-01-09,1231511400,1252.5999755859375,1252.949951171875,1217.5899658203125,1223.010009765625
2009-01-12,1231770600,1225.1199951171875,1225.780029296875,1188.2099609375,1201.1300048828125
2009-01-13,1231857000,1200.9200439453125,1219.050048828125,1186.949951171875,1202.6500244140625
2009-01-14,1231943400,1183.7900390625,1190.4200439453125,1157.8900146484375,1163.4200439453125
2009-01-15,1232029800,1159.93994140625,1192.449951171875,1141.739990234375,1183.52001953125
2009-01-16,1232116200,1199.199951171875,1202.81005859375,1167.3399658203125,1198.1400146484375
2009-01-20,1232461800,1193.97998046875,1195.8900146484375,1136.6099853515625,1136.6099853515625
2009-01-21,1232548200,1156.6500244140625,1186.4300537109375,1142.3299560546875,1185.760009765625
2009-01-22,1232634600,1161.949951171875,1187.7099609375,1149.31005859375,1168.0799560546875
2009-01-23,1232721000,1148.6099853515625,1192.6400146484375,1144.4100341796875,1175.8900146484375
2009-01-26,1232980200,1177.43994140625,1202.93994140625,1169.2099609375,1184.56005859375
2009-01-27,1233066600,1185.81005859375,1202.050048828125,1184.4200439453125,1194.4100341796875
2009-01-28,1233153000,1213.8399658203125,1245.97998046875,1213.239990234375,1235.9100341796875
2009-01-29,1233239400,1217.75,1220.719970703125,1198.760009765625,1203.8499755859375
2009-01-30,1233325800,1212.31005859375,1216.4599609375,1176.8199462890625,1180.25
2009-02-02,1233585000,1168.1300048828125,1203.530029296875,1167.489990234375,1195.75
2009-02-03,1233671400,1198.7900390625,1218.9100341796875,1180.25,1215.6600341796875
2009-02-04,1233757800,1215.6400146484375,1243.6800537109375,1210.97998046875,1215.4300537109375
2009-02-05,1233844200,1200.260009765625,1250.1400146484375,1199.530029296875,1245.1099853515625
2009-02-06,1233930600,1244.4300537109375,1280.4000244140625,1243.8599853515625,1277.489990234375
2009-02-09,1234189800,1276.719970703125,1286.81005859375,1267.8599853515625,1281.6500244140625
2009-02-10,1234276200,1269.47998046875,1286.9000244140625,1223.5400390625,1229.2900390625
2009-02-11,1234362600,1231.6199951171875,1239.9200439453125,1208.530029296875,1227.050048828125
2009-02-12,1234449000,1212.02001953125,1243.5899658203125,1204.3800048828125,1242.81005859375
2009-02-13,1234535400,1240.81005859375,1250.1099853515625,1231.6300048828125,1236.8499755859375
2009-02-17,1234881000,1197.5899658203125,1204.5400390625,1180.4300537109375,1187.0400390625
2009-02-18,1234967400,1193.8900146484375,1204.56005859375,1172.93994140625,1188.77001953125
2009-02-19,1235053800,1194.31005859375,1201.93994140625,1166.52001953125,1167.8900146484375
2009-02-20,1235140200,1157.1400146484375,1183.3599853515625,1153.1800537109375,1172.7099609375
2009-02-23,1235399400,1180.0999755859375,1180.0999755859375,1126.5799560546875,1128.969970703125
2009-02-24,1235485800,1138.7099609375,1176.56005859375,1136.1400146484375,1171.449951171875
2009-02-25,1235572200,1158.9100341796875,1183.9300537109375,1142.8299560546875,1160.8299560546875
2009-02-26,1235658600,1168.1199951171875,1174.77001953125,1127.0999755859375,1127.0999755859375
2009-02-27,1235745000,1116.780029296875,1135.449951171875,1112.1199951171875,1116.989990234375
2009-03-02,1236004200,1098.989990234375,1116.219970703125,1074.7900390625,1076.6700439453125
2009-03-03,1236090600,1092.4200439453125,1102.0999755859375,1072.4200439453125,1080.6700439453125
2009-03-04,1236177000,1096.199951171875,1124.6700439453125,1093.4200439453125,1110.300048828125
2009-03-05,1236263400,1094.0799560546875,1105.530029296875,1072.510009765625,1074.52001953125
2009-03-06,1236349800,1082.530029296875,1088.0400390625,1043.5999755859375,1064.699951171875
2009-03-09,1236605400,1058.8499755859375,1087.4000244140625,1040.4100341796875,1043.8699951171875
2009-03-10,1236691800,1060.4200439453125,1112.43994140625,1060.4200439453125,1112.43994140625
2009-03-11,1236778200,1118.3499755859375,1135.4000244140625,1106.719970703125,1125.949951171875
2009-03-12,1236864600,1121.9100341796875,1167.18994140625,1113.6700439453125,1164.7099609375
2009-03-13,1236951000,1162.8800048828125,1170.47998046875,1149.5899658203125,1168.52001953125
2009-03-16,1237210200,1177.3299560546875,1177.3299560546875,1144.2099609375,1145.449951171875
2009-03-17,1237296600,1151.8299560546875,1192.1700439453125,1148.800048828125,1192.1700439453125
2009-03-18,1237383000,1185.1800537109375,1225.1600341796875,1180.3399658203125,1206.9599609375
2009-03-19,1237469400,1220.47998046875,1220.47998046875,1196.199951171875,1204.2099609375
2009-03-20,1237555800,1207.47998046875,1220.5,1178.52001953125,1187.1800537109375
2009-03-23,1237815000,1213.1199951171875,1259.81005859375,1203.8499755859375,1259.81005859375
2009-03-24,1237901400,1245.6500244140625,1255.0999755859375,1232.739990234375,1234.3399658203125
2009-03-25,1237987800,1243.43994140625,1261.4100341796875,1206.52001953125,1236.6600341796875
2009-03-26,1238074200,1254.0899658203125,1281.300048828125,1250.1400146484375,1281.300048828125
2009-03-27,1238160600,1263.6199951171875,1267.27001953125,1248.8699951171875,1251.469970703125
2009-03-30,1238419800,1230.8900146484375,1231.47998046875,1204.9599609375,1220.81005859375
2009-03-31,1238506200,1232.5899658203125,1258.0799560546875,1231.52001953125,1237.010009765625
2009-04-01,1238592600,1215.9000244140625,1255.030029296875,1211.5999755859375,1252.510009765625
2009-04-02,1238679000,1274.4100341796875,1311.6700439453125,1269.9100341796875,1294.300048828125
2009-04-03,1238765400,1306.5,1316.7099609375,1294.1600341796875,1316.1600341796875
2009-04-06,1239024600,1301.4300537109375,1313.949951171875,1286.949951171875,1313.0999755859375
2009-04-07,1239111000,1296.199951171875,1296.3499755859375,1268.7900390625,1275.4200439453125
2009-04-08,1239197400,1289.699951171875,1306.5,1280.2900390625,1300.75
2009-04-09,1239283800,1322.22998046875,1341.77001953125,1319.280029296875,1340.280029296875
2009-04-13,1239629400,1333.719970703125,1344.47998046875,1322.93994140625,1336.6700439453125
2009-04-14,1239715800,1325.72998046875,1336.3499755859375,1312.3699951171875,1322.31005859375
2009-04-15,1239802200,1311.1500244140625,1317.9300537109375,1295.0999755859375,1316.510009765625
2009-04-16,1239888600,1334.02001953125,1358.7099609375,1322.219970703125,1352.97998046875
2009-04-17,1239975000,1347.3699951171875,1361.6800537109375,1339.1300048828125,1353.9200439453125
2009-04-20,1240234200,1330.1800537109375,1333.719970703125,1303.8499755859375,1309.3699951171875
2009-04-21,1240320600,1303.8699951171875,1330.6700439453125,1303.72998046875,1329.06005859375
2009-04-22,1240407000,1322.0999755859375,1362.8399658203125,1317.510009765625,1335.719970703125
2009-04-23,1240493400,1340.77001953125,1345.6700439453125,1321.4200439453125,1344.4100341796875
2009-04-24,1240579800,1352.550048828125,1379.3800048828125,1345.030029296875,1373.280029296875
2009-04-27,1240839000,1359.8800048828125,1384.8499755859375,1357.3900146484375,1369.93994140625
2009-04-28,1240925400,1362.93994140625,1378.56005859375,1355.989990234375,1361.9200439453125
2009-04-29,1241011800,1373.300048828125,1398.3599853515625,1370.52001953125,1382.3800048828125
2009-04-30,1241098200,1398.43994140625,1418.77001953125,1384.3699951171875,1394.3299560546875
2009-05-01,1241184600,1396.219970703125,1403.8900146484375,1382.9000244140625,1396.6199951171875
2009-05-04,1241443800,1407.6500244140625,1428.02001953125,1403.469970703125,1427.9599609375
2009-05-05,1241530200,1423.8800048828125,1425.050048828125,1408.2900390625,1423.81005859375
2009-05-06,1241616600,1433.5799560546875,1435.800048828125,1401.0999755859375,1423.8499755859375
2009-05-07,1241703000,1429.969970703125,1431.3599853515625,1377.550048828125,1389.8299560546875
2009-05-08,1241789400,1399.2099609375,1411.27001953125,1377.06005859375,1394.1600341796875
2009-05-11,1242048600,1375.050048828125,1410.4300537109375,1369.3599853515625,1395.7900390625
2009-05-12,1242135000,1402.1400146484375,1402.1400146484375,1362.0799560546875,1377.4000244140625
2009-05-13,1242221400,1364.4300537109375,1365.3299560546875,1339.8199462890625,1339.8299560546875
2009-05-14,1242307800,1348.3299560546875,1369.31005859375,1344.77001953125,1359.6700439453125
2009-05-15,1242394200,1355.550048828125,1374.0999755859375,1351.1300048828125,1355.1099853515625
2009-05-18,1242653400,1367.050048828125,1392.72998046875,1357.4200439453125,1392.72998046875
2009-05-19,1242739800,1387.199951171875,1410.739990234375,1379.8800048828125,1398.050048828125
2009-05-20,1242826200,1401.3699951171875,1423.1300048828125,1388.81005859375,1393.719970703125
2009-05-21,1242912600,1378.8299560546875,1391,1353.530029296875,1367.3900146484375
2009-05-22,1242999000,1371.760009765625,1379.8800048828125,1353.5899658203125,1363.1700439453125
2009-05-26,1243344600,1351.1300048828125,1414.43994140625,1350.949951171875,1412.6099853515625
2009-05-27,1243431000,1408.5899658203125,1428.81005859375,1398.4200439453125,1401.8800048828125
2009-05-28,1243517400,1411.4200439453125,1423.81005859375,1389.760009765625,1420.31005859375
2009-05-29,1243603800,1421.1099853515625,1435.5699462890625,1411.6800537109375,1435.5699462890625
2009-06-01,1243863000,1451.3699951171875,1482.18994140625,1446.969970703125,1477.1199951171875
2009-06-02,1243949400,1470.300048828125,1493.800048828125,1466.280029296875,1480.31005859375
2009-06-03,1244035800,1472.25,1476.97998046875,1459.5899658203125,1475.43994140625
2009-06-04,1244122200,1476.280029296875,1493.6600341796875,1476.280029296875,1492.739990234375
2009-06-05,1244208600,1503.780029296875,1505.77001953125,1479.219970703125,1493.2099609375
2009-06-08,1244467800,1482.2099609375,1499.9599609375,1467.1300048828125,1488.489990234375
2009-06-09,1244554200,1495.0400390625,1509.5699462890625,1489.219970703125,1501.550048828125
2009-06-10,1244640600,1509.4300537109375,1509.4300537109375,1473.8800048828125,1495.27001953125
2009-06-11,1244727000,1494.0699462890625,1511.93994140625,1493.1600341796875,1497.010009765625
2009-06-12,1244813400,1488.72998046875,1489.969970703125,1470.199951171875,1489.969970703125
2009-06-15,1245072600,1472.77001953125,1473.0699462890625,1445.300048828125,1456.9599609375
2009-06-16,1245159000,1463.4599609375,1469.1600341796875,1442.81005859375,1443.25
2009-06-17,1245245400,1449,1470.1099853515625,1439.3800048828125,1455.8900146484375
2009-06-18,1245331800,1456.1400146484375,1464.0400390625,1445.31005859375,1453.800048828125
2009-06-19,1245418200,1465.8800048828125,1477.949951171875,1460.449951171875,1471.22998046875
2009-06-22,1245677400,1455.780029296875,1459.0999755859375,1423.81005859375,1426.6099853515625
2009-06-23,1245763800,1427.6800537109375,1432.9200439453125,1413.5400390625,1424.4599609375
2009-06-24,1245850200,1436.5899658203125,1458.22998046875,1435.280029296875,1447.06005859375
2009-06-25,1245936600,1438.75,1477.969970703125,1434.969970703125,1475.8199462890625
2009-06-26,1246023000,1467.3800048828125,1483.5699462890625,1466.239990234375,1480.199951171875
2009-06-29,1246282200,1483.6600341796875,1493.5699462890625,1468.97998046875,1483.8299560546875
2009-06-30,1246368600,1484.8199462890625,1493.3699951171875,1468.1099853515625,1477.25
2009-07-01,1246455000,1486.5,1497.7099609375,1479.6700439453125,1481.3399658203125
2009-07-02,1246541400,1464.6600341796875,1465.1800537109375,1443.75,1446.280029296875
2009-07-06,1246887000,1435.4000244140625,1444.300048828125,1424.6099853515625,1441.010009765625
2009-07-07,1246973400,1440.8299560546875,1443.06005859375,1403.5999755859375,1404.780029296875
2009-07-08,1247059800,1412.5400390625,1417.3499755859375,1394.8699951171875,1411.530029296875
2009-07-09,1247146200,1417,1423.43994140625,1409.1300048828125,1414.97998046875
2009-07-10,1247232600,1409.550048828125,1427.9000244140625,1405.5799560546875,1419.8399658203125
2009-07-13,1247491800,1423.199951171875,1447.699951171875,1402.18994140625,1447.699951171875
2009-07-14,1247578200,1444.5899658203125,1455,1439.5699462890625,1452.8399658203125
2009-07-15,1247664600,1473.5899658203125,1501.4100341796875,1470.0899658203125,1500.97998046875
2009-07-16,1247751000,1495.4000244140625,1521.6700439453125,1494.5699462890625,1518.8699951171875
2009-07-17,1247837400,1516.77001953125,1527.260009765625,1511.6099853515625,1527.260009765625
2009-07-20,1248096600,1534.3900146484375,1545.02001953125,1529.449951171875,1544
2009-07-21,1248183000,1548.9000244140625,1553.010009765625,1530.800048828125,1553.010009765625
2009-07-22,1248269400,1552.6300048828125,1572.47998046875,1551.1600341796875,1565
2009-07-23,1248355800,1561.5999755859375,1605.0899658203125,1561.5400390625,1601.52001953125
2009-07-24,1248442200,1579.25,1600.030029296875,1576.510009765625,1599.06005859375
2009-07-27,1248701400,1597.02001953125,1602.280029296875,1580.52001953125,1599.31005859375
2009-07-28,1248787800,1590.77001953125,1609.1700439453125,1583.27001953125,1605.469970703125
2009-07-29,1248874200,1596.81005859375,1602.489990234375,1586.0400390625,1599.6099853515625
2009-07-30,1248960600,1614.1099853515625,1632.969970703125,1606.719970703125,1609.8699951171875
2009-07-31,1249047000,1608.260009765625,1619.6700439453125,1602.25,1603.3599853515625
2009-08-03,1249306200,1619.239990234375,1628.300048828125,1611.5999755859375,1628.1199951171875
2009-08-04,1249392600,1619.0899658203125,1633.1600341796875,1616.5400390625,1628.489990234375
2009-08-05,1249479000,1631.75,1631.75,1604.0899658203125,1614.43994140625
2009-08-06,1249565400,1618.010009765625,1623.25,1595.3599853515625,1600.2900390625
2009-08-07,1249651800,1620.739990234375,1628.43994140625,1609.5400390625,1619.489990234375
2009-08-10,1249911000,1612.72998046875,1619.02001953125,1599.4599609375,1610.4300537109375
2009-08-11,1249997400,1603.6800537109375,1605.800048828125,1587.4000244140625,1594.68994140625
2009-08-12,1250083800,1595.260009765625,1634.1199951171875,1594.760009765625,1619.5899658203125
2009-08-13,1250170200,1628.3699951171875,1632.199951171875,1611.239990234375,1628.6500244140625
2009-08-14,1250256600,1623.489990234375,1624.469970703125,1596.949951171875,1611.5799560546875
2009-08-17,1250515800,1583.2900390625,1583.2900390625,1563.1400146484375,1564.8900146484375
2009-08-18,1250602200,1573.3199462890625,1588.8900146484375,1569.219970703125,1586.5
2009-08-19,1250688600,1568.4100341796875,1600.22998046875,1566.43994140625,1596.6099853515625
2009-08-20,1250775000,1594.5799560546875,1618.1199951171875,1593.1199951171875,1614.219970703125
2009-08-21,1250861400,1620.469970703125,1639.22998046875,1615.1199951171875,1637.780029296875
2009-08-24,1251120600,1641.449951171875,1648.1800537109375,1629.77001953125,1634.780029296875
2009-08-25,1251207000,1640.4200439453125,1655.25,1635.3800048828125,1639.9000244140625
2009-08-26,1251293400,1636.8199462890625,1648.77001953125,1628.4100341796875,1637
2009-08-27,1251379800,1636.1300048828125,1643.1800537109375,1611.72998046875,1640.969970703125
2009-08-28,1251466200,1661.489990234375,1668.010009765625,1631.469970703125,1643.239990234375
2009-08-31,1251725400,1628.2099609375,1632.0699462890625,1616.52001953125,1625.18994140625
2009-09-01,1251811800,1620.0899658203125,1648.27001953125,1591.010009765625,1595.8399658203125
2009-09-02,1251898200,1588.0899658203125,1602.9000244140625,1586.550048828125,1594.280029296875
2009-09-03,1251984600,1601.1600341796875,1607.1500244140625,1585.56005859375,1605.97998046875
2009-09-04,1252071000,1609.6300048828125,1639.9000244140625,1606.469970703125,1638.0699462890625
2009-09-08,1252416600,1651.6400146484375,1655.6199951171875,1643.43994140625,1654.81005859375
2009-09-09,1252503000,1655.9200439453125,1676.25,1648.9200439453125,1669.22998046875
2009-09-10,1252589400,1668.6400146484375,1686.27001953125,1665.489990234375,1686.1600341796875
2009-09-11,1252675800,1684.8399658203125,1689.6800537109375,1674.1400146484375,1685.4599609375
2009-09-14,1252935000,1673.550048828125,1693.760009765625,1673.1300048828125,1693.760009765625
2009-09-15,1253021400,1691.280029296875,1703.4599609375,1688.4599609375,1699.530029296875
2009-09-16,1253107800,1705.969970703125,1724.6700439453125,1699.739990234375,1723.72998046875
2009-09-17,1253194200,1721.5799560546875,1732.4200439453125,1714.3299560546875,1721.0899658203125
2009-09-18,1253280600,1728.9100341796875,1731.8699951171875,1716.449951171875,1725.239990234375
2009-09-21,1253539800,1717.3699951171875,1735.3199462890625,1714.0999755859375,1731.5799560546875
2009-09-22,1253626200,1740.1300048828125,1740.1300048828125,1727.5,1734.0899658203125
2009-09-23,1253712600,1739.9300537109375,1754.5400390625,1722.989990234375,1724.27001953125
2009-09-24,1253799000,1732.949951171875,1734.9200439453125,1698.68994140625,1709.760009765625
2009-09-25,1253885400,1696.989990234375,1710.2900390625,1690.6800537109375,1694.1500244140625
2009-09-28,1254144600,1702.949951171875,1733.7900390625,1702.52001953125,1724.5899658203125
2009-09-29,1254231000,1724.199951171875,1732.31005859375,1709.280029296875,1717.6700439453125
2009-09-30,1254317400,1723.9100341796875,1731.43994140625,1691.760009765625,1718.989990234375
2009-10-01,1254403800,1710.5,1711.699951171875,1666.4100341796875,1666.4100341796875
2009-10-02,1254490200,1656.77001953125,1676.219970703125,1656.5699462890625,1662.489990234375
2009-10-05,1254749400,1668.699951171875,1682.77001953125,1660.3699951171875,1675.6400146484375
2009-10-06,1254835800,1684.75,1712.5899658203125,1684.0799560546875,1705.25
2009-10-07,1254922200,1701.4000244140625,1710.449951171875,1698.6300048828125,1710.449951171875
2009-10-08,1255008600,1720.9100341796875,1732.1099853515625,1713.5999755859375,1717.7900390625
2009-10-09,1255095000,1713.469970703125,1729.219970703125,1710.5799560546875,1727.760009765625
2009-10-12,1255354200,1732.75,1742.1800537109375,1719.02001953125,1729.6300048828125
2009-10-13,1255440600,1729.1600341796875,1737.3900146484375,1722.6800537109375,1730.27001953125
2009-10-14,1255527000,1750.260009765625,1756.25,1742.25,1754.260009765625
2009-10-15,1255613400,1747.81005859375,1753.3599853515625,1742.8900146484375,1753.3599853515625
2009-10-16,1255699800,1747.469970703125,1747.469970703125,1727.56005859375,1739.3199462890625
2009-10-19,1255959000,1741.4300537109375,1758.5,1732.02001953125,1756.6800537109375
2009-10-20,1256045400,1766.050048828125,1766.719970703125,1745.81005859375,1756.18994140625
2009-10-21,1256131800,1754.7099609375,1780.8299560546875,1750.9100341796875,1753.56005859375
2009-10-22,1256218200,1749.300048828125,1767.5799560546875,1739.5899658203125,1763.1500244140625
2009-10-23,1256304600,1774.050048828125,1777.5699462890625,1749.030029296875,1753.6300048828125
2009-10-26,1256563800,1756.5,1778.47998046875,1739.9599609375,1746.75
2009-10-27,1256650200,1746.989990234375,1751.6500244140625,1715.1099853515625,1722.4599609375
2009-10-28,1256736600,1712.800048828125,1719.8199462890625,1679.3499755859375,1682.06005859375
2009-10-29,1256823000,1694.27001953125,1714.3599853515625,1688.6800537109375,1711.27001953125
2009-10-30,1256909400,1707.9200439453125,1712.9300537109375,1663.93994140625,1667.1300048828125
2009-11-02,1257172200,1667.06005859375,1689.300048828125,1652.43994140625,1672.9100341796875
2009-11-03,1257258600,1661.8499755859375,1679.4200439453125,1660.0999755859375,1679.199951171875
2009-11-04,1257345000,1687.1199951171875,1701.469970703125,1678.1700439453125,1680.6700439453125
2009-11-05,1257431400,1700.0699462890625,1722.9300537109375,1697.93994140625,1721.0899658203125
2009-11-06,1257517800,1709.8199462890625,1733.219970703125,1709.43994140625,1730.760009765625
2009-11-09,1257777000,1743.550048828125,1768.4100341796875,1742.969970703125,1768.4000244140625
2009-11-10,1257863400,1765.52001953125,1777.8599853515625,1763.8900146484375,1773.1700439453125
2009-11-11,1257949800,1784.9000244140625,1793.52001953125,1772.469970703125,1782.949951171875
2009-11-12,1258036200,1784.68994140625,1794.1199951171875,1769.6400146484375,1773.1400146484375
2009-11-13,1258122600,1780.0400390625,1793.1700439453125,1773.2900390625,1788.6099853515625
2009-11-16,1258381800,1794.8800048828125,1814.25,1793.6300048828125,1807.56005859375
2009-11-17,1258468200,1802.0400390625,1812.2099609375,1797.739990234375,1812.2099609375
2009-11-18,1258554600,1807.1099853515625,1807.530029296875,1789.6600341796875,1801.739990234375
2009-11-19,1258641000,1788.75,1789,1761.1099853515625,1773.18994140625
2009-11-20,1258727400,1760.5400390625,1768.3499755859375,1758,1764.3900146484375
2009-11-23,1258986600,1782.9200439453125,1801.219970703125,1782.9100341796875,1792.93994140625
2009-11-24,1259073000,1791.5400390625,1792.1800537109375,1776.0999755859375,1786.25
2009-11-25,1259159400,1790.68994140625,1795.27001953125,1786.8699951171875,1793.6700439453125
2009-11-27,1259332200,1743.3900146484375,1779.260009765625,1742.199951171875,1765.4599609375
2009-11-30,1259591400,1762.989990234375,1770.8699951171875,1750.8800048828125,1767.4300537109375
2009-12-01,1259677800,1782.8499755859375,1798.47998046875,1782.8499755859375,1787.7099609375
2009-12-02,1259764200,1791.6099853515625,1805.969970703125,1786.22998046875,1790.8199462890625
2009-12-03,1259850600,1795.25,1806.3499755859375,1781.760009765625,1782.9100341796875
2009-12-04,1259937000,1808.5999755859375,1815.5999755859375,1773.31005859375,1791.9100341796875
2009-12-07,1260196200,1791.3499755859375,1797.6300048828125,1779.469970703125,1783.6500244140625
2009-12-08,1260282600,1772.3900146484375,1786.0400390625,1760.8599853515625,1772.72998046875
2009-12-09,1260369000,1770.050048828125,1791.1300048828125,1759.3399658203125,1789.699951171875
2009-12-10,1260455400,1799.8499755859375,1808.22998046875,1797.030029296875,1799.3699951171875
2009-12-11,1260541800,1808.8399658203125,1810.31005859375,1784.8199462890625,1792.06005859375
2009-12-14,1260801000,1802.280029296875,1810.75,1794.300048828125,1809.0899658203125
2009-12-15,1260887400,1801.5799560546875,1813.3800048828125,1793.5999755859375,1798.2099609375
2009-12-16,1260973800,1805.530029296875,1814.489990234375,1798.52001953125,1800.8199462890625
2009-12-17,1261060200,1791.4599609375,1794.7900390625,1777.0799560546875,1778.27001953125
2009-12-18,1261146600,1794.1199951171875,1808.260009765625,1790.1400146484375,1807.3599853515625
2009-12-21,1261405800,1818.3900146484375,1835,1818.3900146484375,1828.7900390625
2009-12-22,1261492200,1833.719970703125,1841.6400146484375,1832.0999755859375,1839.510009765625
2009-12-23,1261578600,1842.6500244140625,1853.1500244140625,1839.1199951171875,1851.989990234375
2009-12-24,1261665000,1856.06005859375,1869.9000244140625,1855.780029296875,1869.8399658203125
2009-12-28,1262010600,1874.7099609375,1882.5799560546875,1868.1400146484375,1878.1800537109375
2009-12-29,1262097000,1879.719970703125,1881.06005859375,1871.1300048828125,1872.02001953125
2009-12-30,1262183400,1872.6300048828125,1881.1500244140625,1869.5999755859375,1878.6500244140625
2009-12-31,1262269800,1881.7099609375,1882.4599609375,1860.31005859375,1860.31005859375
2010-01-04,1262615400,1882.68994140625,1890.02001953125,1881.6300048828125,1886.699951171875
2010-01-05,1262701800,1887.280029296875,1891.3299560546875,1877.52001953125,1888.4300537109375
2010-01-06,1262788200,1887.9100341796875,1893.2099609375,1873.9000244140625,1878.4200439453125
2010-01-07,1262874600,1878.1600341796875,1881.3299560546875,1867.6199951171875,1876.719970703125
2010-01-08,1262961000,1870.9000244140625,1893.25,1868.550048828125,1892.5899658203125
2010-01-11,1263220200,1896.050048828125,1897.489990234375,1876.25,1886.239990234375
2010-01-12,1263306600,1874.75,1876.3699951171875,1852.31005859375,1861.7900390625
2010-01-13,1263393000,1868.199951171875,1890.81005859375,1855.27001953125,1886.1300048828125
2010-01-14,1263479400,1880.4599609375,1891.72998046875,1880.3499755859375,1886.52001953125
2010-01-15,1263565800,1887.31005859375,1893.47998046875,1857.1099853515625,1864.52001953125
2010-01-19,1263911400,1869.239990234375,1896.5400390625,1868.8299560546875,1895.47998046875
2010-01-20,1263997800,1882.06005859375,1882.31005859375,1848.0899658203125,1867.949951171875
2010-01-21,1264084200,1874.5400390625,1885.010009765625,1842.8599853515625,1850.5699462890625
2010-01-22,1264170600,1842.1099853515625,1849.2099609375,1791.4000244140625,1794.8199462890625
2010-01-25,1264429800,1806.5999755859375,1813.6500244140625,1794.6800537109375,1802.3900146484375
2010-01-26,1264516200,1798.3599853515625,1825.949951171875,1792.0400390625,1803.8599853515625
2010-01-27,1264602600,1801.6700439453125,1823.800048828125,1790.0999755859375,1818.9000244140625
2010-01-28,1264689000,1805.6400146484375,1805.8499755859375,1762.0999755859375,1771.0999755859375
2010-01-29,1264775400,1787.1400146484375,1789.9300537109375,1734.030029296875,1741.0400390625
2010-02-01,1265034600,1745.9100341796875,1760.719970703125,1744.260009765625,1760.719970703125
2010-02-02,1265121000,1760.6500244140625,1780.1700439453125,1750.3900146484375,1776.9200439453125
2010-02-03,1265207400,1767.1400146484375,1787.8900146484375,1766.5999755859375,1784.699951171875
2010-02-04,1265293800,1771.780029296875,1775.3699951171875,1732.989990234375,1732.989990234375
2010-02-05,1265380200,1739.18994140625,1748.77001953125,1712.8900146484375,1746.1199951171875
2010-02-08,1265639400,1744.02001953125,1755.6500244140625,1734.1199951171875,1734.8800048828125
2010-02-09,1265725800,1756.280029296875,1768.5799560546875,1739.239990234375,1753.8399658203125
2010-02-10,1265812200,1752.4599609375,1760.6099853515625,1738.4599609375,1749.760009765625
2010-02-11,1265898600,1747.550048828125,1780.050048828125,1739.02001953125,1775.739990234375
2010-02-12,1265985000,1761.2900390625,1783.699951171875,1756.6500244140625,1779.1099853515625
2010-02-16,1266330600,1792.9000244140625,1802.47998046875,1782.72998046875,1802.06005859375
2010-02-17,1266417000,1808.550048828125,1811.199951171875,1799.25,1810.8599853515625
2010-02-18,1266503400,1809.010009765625,1825.8199462890625,1806.760009765625,1823.3900146484375
2010-02-19,1266589800,1816.93994140625,1830.3800048828125,1813.0799560546875,1823.3199462890625
2010-02-22,1266849000,1828.68994140625,1829.1800537109375,1811.52001953125,1817.6300048828125
2010-02-23,1266935400,1815.4300537109375,1817.9599609375,1786.4599609375,1793.8199462890625
2010-02-24,1267021800,1803.2900390625,1819.5,1801.0400390625,1812.510009765625
2010-02-25,1267108200,1791.1500244140625,1815.93994140625,1781.1199951171875,1812.9100341796875
2010-02-26,1267194600,1812.239990234375,1822.199951171875,1804.0899658203125,1818.6800537109375
2010-03-01,1267453800,1826.6199951171875,1848.0999755859375,1826.6099853515625,1846.4000244140625
2010-03-02,1267540200,1851.7900390625,1862.6400146484375,1847.030029296875,1851.2099609375
2010-03-03,1267626600,1854.7099609375,1861.1500244140625,1846.219970703125,1851.5699462890625
2010-03-04,1267713000,1852.699951171875,1860.760009765625,1844.9200439453125,1859.719970703125
2010-03-05,1267799400,1871.6199951171875,1889.6800537109375,1869.0999755859375,1888.56005859375
2010-03-08,1268058600,1888.0400390625,1894.75,1887.6600341796875,1890.8900146484375
2010-03-09,1268145000,1885.989990234375,1911.3800048828125,1885.989990234375,1901.3800048828125
2010-03-10,1268231400,1901.239990234375,1920.6600341796875,1901.1099853515625,1917.3499755859375
2010-03-11,1268317800,1911.0699462890625,1923.81005859375,1908.3900146484375,1923.81005859375
2010-03-12,1268404200,1930,1930.1700439453125,1916.4100341796875,1924.4300537109375
2010-03-15,1268659800,1918.1400146484375,1924.489990234375,1906.010009765625,1920.0899658203125
2010-03-16,1268746200,1924.27001953125,1933.9599609375,1918.97998046875,1932.239990234375
2010-03-17,1268832600,1934.6500244140625,1945.9000244140625,1930.9100341796875,1936.219970703125
2010-03-18,1268919000,1937.6300048828125,1945.280029296875,1934.1700439453125,1943.93994140625
2010-03-19,1269005400,1943.9599609375,1949.1400146484375,1924.719970703125,1932.4300537109375
2010-03-22,1269264600,1922.72998046875,1956.47998046875,1921.7099609375,1949.5899658203125
2010-03-23,1269351000,1952.5400390625,1964.1400146484375,1943.25,1963.199951171875
2010-03-24,1269437400,1956.6300048828125,1958.5999755859375,1948.8499755859375,1951.8399658203125
2010-03-25,1269523800,1966.56005859375,1976.3800048828125,1948.5,1949.1500244140625
2010-03-26,1269610200,1958.27001953125,1965.52001953125,1942.2099609375,1952.6300048828125
2010-03-29,1269869400,1960.6300048828125,1968.4300537109375,1956.5999755859375,1961.219970703125
2010-03-30,1269955800,1966.510009765625,1974.469970703125,1955.219970703125,1967.9599609375
2010-03-31,1270042200,1962.1700439453125,1969.9000244140625,1955.1500244140625,1958.3399658203125
2010-04-01,1270128600,1968.43994140625,1979.489990234375,1943.969970703125,1959.56005859375
2010-04-05,1270474200,1964.030029296875,1981.0699462890625,1958.010009765625,1977.8299560546875
2010-04-06,1270560600,1971.0899658203125,1988.0400390625,1968.1700439453125,1981.949951171875
2010-04-07,1270647000,1980.199951171875,1987.3399658203125,1967.1400146484375,1977.300048828125
2010-04-08,1270733400,1972.8199462890625,1984.9000244140625,1962.0400390625,1980.72998046875
2010-04-09,1270819800,1984.010009765625,1994.47998046875,1978.0400390625,1994.4300537109375
2010-04-12,1271079000,1995.3499755859375,2000.56005859375,1990.780029296875,1995.6500244140625
2010-04-13,1271165400,1994.3399658203125,2006.510009765625,1986.8299560546875,2003.81005859375
2010-04-14,1271251800,2015.6099853515625,2029.06005859375,2012.97998046875,2028.8199462890625
2010-04-15,1271338200,2027.9200439453125,2040.489990234375,2027.52001953125,2038.6400146484375
2010-04-16,1271424600,2030.3399658203125,2037.469970703125,2000.77001953125,2012.8399658203125
2010-04-19,1271683800,2011.4000244140625,2018.9300537109375,1988.3699951171875,2013.530029296875
2010-04-20,1271770200,2025.0400390625,2027.43994140625,2009.550048828125,2023.5999755859375
2010-04-21,1271856600,2037.1500244140625,2040.8299560546875,2021.719970703125,2034.530029296875
2010-04-22,1271943000,2016.489990234375,2047.1099853515625,2002.969970703125,2045.1600341796875
2010-04-23,1272029400,2042.800048828125,2055.6298828125,2036.989990234375,2055.330078125
2010-04-26,1272288600,2054.840087890625,2059.419921875,2045.6400146484375,2049.090087890625
2010-04-27,1272375000,2040.4300537109375,2049.89990234375,2001.02001953125,2006.25
2010-04-28,1272461400,2016.52001953125,2017.9200439453125,1991.949951171875,2007.5899658203125
2010-04-29,1272547800,2020.510009765625,2045.8599853515625,2019.3199462890625,2042.8900146484375
2010-04-30,1272634200,2040.5799560546875,2044.3900146484375,2000.260009765625,2000.6300048828125
2010-05-03,1272893400,2010.93994140625,2039.52001953125,2010.9100341796875,2031.5999755859375
2010-05-04,1272979800,2003.5899658203125,2003.5899658203125,1955.3900146484375,1968.969970703125
2010-05-05,1273066200,1947.3499755859375,1971.0999755859375,1936.56005859375,1958.260009765625
2010-05-06,1273152600,1948.25,1964.0999755859375,1752.31005859375,1893.75
2010-05-07,1273239000,1879.760009765625,1901.8900146484375,1808.0699462890625,1849.43994140625
2010-05-10,1273498200,1931.52001953125,1942.6400146484375,1923.52001953125,1942.6099853515625
2010-05-11,1273584600,1920.239990234375,1966.47998046875,1918.1199951171875,1940.47998046875
2010-05-12,1273671000,1951.989990234375,1977.4200439453125,1947.199951171875,1975.5799560546875
2010-05-13,1273757400,1969.43994140625,1983.1300048828125,1940.43994140625,1945.52001953125
2010-05-14,1273843800,1928.5799560546875,1929.9100341796875,1885.510009765625,1907.0999755859375
2010-05-17,1274103000,1911.3800048828125,1920.75,1872.9200439453125,1915.449951171875
2010-05-18,1274189400,1929.1199951171875,1933.25,1878.550048828125,1887.06005859375
2010-05-19,1274275800,1879.3199462890625,1894.4100341796875,1850.9599609375,1873.4200439453125
2010-05-20,1274362200,1830.1700439453125,1839.989990234375,1798.199951171875,1800.1199951171875
2010-05-21,1274448600,1772.3399658203125,1834.68994140625,1767.93994140625,1822.77001953125
2010-05-24,1274707800,1818.4599609375,1841.1099853515625,1814.1700439453125,1815.280029296875
2010-05-25,1274794200,1769.3199462890625,1818.280029296875,1756.6300048828125,1815.6800537109375
2010-05-26,1274880600,1827.5799560546875,1850.800048828125,1793.030029296875,1796.469970703125
2010-05-27,1274967000,1837.6500244140625,1863.8699951171875,1831.780029296875,1862.7099609375
2010-05-28,1275053400,1865.8900146484375,1867.719970703125,1836.22998046875,1852.3900146484375
2010-06-01,1275399000,1846.5999755859375,1878.0400390625,1832.9599609375,1835.0400390625
2010-06-02,1275485400,1844.68994140625,1879.5899658203125,1832.5799560546875,1879.5899658203125
2010-06-03,1275571800,1883.25,1898.9300537109375,1871.5899658203125,1895.6600341796875
2010-06-04,1275658200,1857.8299560546875,1879.31005859375,1824.7099609375,1832.0400390625
2010-06-07,1275917400,1839.77001953125,1845.300048828125,1795.5400390625,1798.1600341796875
2010-06-08,1276003800,1799.260009765625,1805.8399658203125,1770.4599609375,1795.699951171875
2010-06-09,1276090200,1805.8699951171875,1823.2099609375,1774.050048828125,1778.9200439453125
2010-06-10,1276176600,1800.5699462890625,1831.81005859375,1796.3199462890625,1830.0899658203125
2010-06-11,1276263000,1814.25,1848.6199951171875,1811.989990234375,1847.1500244140625
2010-06-14,1276522200,1862.699951171875,1876.93994140625,1844.1600341796875,1845.47998046875
2010-06-15,1276608600,1855.68994140625,1898.7900390625,1855.68994140625,1897.47998046875
2010-06-16,1276695000,1891.260009765625,1913.2099609375,1888.219970703125,1905.31005859375
2010-06-17,1276781400,1914.75,1916.239990234375,1894.27001953125,1910.6500244140625
2010-06-18,1276867800,1911.06005859375,1925.199951171875,1906.8499755859375,1913.47998046875
2010-06-21,1277127000,1939.77001953125,1939.77001953125,1885.199951171875,1895.8399658203125
2010-06-22,1277213400,1903.31005859375,1917.260009765625,1877.969970703125,1880.5400390625
2010-06-23,1277299800,1883.969970703125,1889.72998046875,1859.050048828125,1874.4200439453125
2010-06-24,1277386200,1868.469970703125,1871.1300048828125,1839.3199462890625,1844.5899658203125
2010-06-25,1277472600,1848.8199462890625,1857.31005859375,1829.300048828125,1838.52001953125
2010-06-28,1277731800,1843.27001953125,1852.6600341796875,1823.510009765625,1836
2010-06-29,1277818200,1805.550048828125,1807.0899658203125,1752.56005859375,1764.06005859375
2010-06-30,1277904600,1761.97998046875,1776.6099853515625,1734.9000244140625,1739.1400146484375
2010-07-01,1277991000,1741.9300537109375,1747.25,1700.0400390625,1734.4100341796875
2010-07-02,1278077400,1736.25,1742.3599853515625,1712.9200439453125,1728.3399658203125
2010-07-06,1278423000,1752.97998046875,1763.8800048828125,1719.199951171875,1734.6800537109375
2010-07-07,1278509400,1739.010009765625,1790.1800537109375,1736.989990234375,1789.719970703125
2010-07-08,1278595800,1801.550048828125,1805.8299560546875,1777.43994140625,1798.31005859375
2010-07-09,1278682200,1797.0400390625,1815.239990234375,1793,1814.7900390625
2010-07-12,1278941400,1814.489990234375,1831.6199951171875,1808.699951171875,1821.030029296875
2010-07-13,1279027800,1835.02001953125,1851.25,1822.25,1845.030029296875
2010-07-14,1279114200,1847.9200439453125,1863.52001953125,1840.6199951171875,1853.4100341796875
2010-07-15,1279200600,1849.239990234375,1860.3499755859375,1830.699951171875,1856.239990234375
2010-07-16,1279287000,1845.5,1850.72998046875,1802.5400390625,1803.47998046875
2010-07-19,1279546200,1807.989990234375,1822.7099609375,1794.56005859375,1819.280029296875
2010-07-20,1279632600,1789.9300537109375,1841.1600341796875,1784.550048828125,1840.6700439453125
2010-07-21,1279719000,1859.5999755859375,1859.8499755859375,1813.280029296875,1817.300048828125
2010-07-22,1279805400,1842.3800048828125,1870.4100341796875,1842.3800048828125,1863.0999755859375
2010-07-23,1279891800,1851.81005859375,1875.3800048828125,1846.3199462890625,1875.3800048828125
2010-07-26,1280151000,1875.77001953125,1890.4000244140625,1867.8399658203125,1890.4000244140625
2010-07-27,1280237400,1899.1300048828125,1900.1500244140625,1880.219970703125,1888.81005859375
2010-07-28,1280323800,1887.4599609375,1894.68994140625,1866.6800537109375,1872.6199951171875
2010-07-29,1280410200,1884.0699462890625,1887.4100341796875,1841.3599853515625,1860.300048828125
2010-07-30,1280496600,1842.3299560546875,1874.6400146484375,1833.9000244140625,1864
2010-08-02,1280755800,1886.6099853515625,1902.6700439453125,1879.77001953125,1898.989990234375
2010-08-03,1280842200,1898.4599609375,1898.6300048828125,1881.5799560546875,1891.81005859375
2010-08-04,1280928600,1898.81005859375,1911.010009765625,1891.22998046875,1909.199951171875
2010-08-05,1281015000,1900.0699462890625,1907.800048828125,1892.5,1904.949951171875
2010-08-06,1281101400,1883.3199462890625,1905.010009765625,1873.43994140625,1902.8800048828125
2010-08-09,1281360600,1911.3800048828125,1918.780029296875,1902.97998046875,1915.1700439453125
2010-08-10,1281447000,1896.7099609375,1908.72998046875,1882.5999755859375,1899.239990234375
2010-08-11,1281533400,1866,1866,1838.8900146484375,1845.3800048828125
2010-08-12,1281619800,1808.6300048828125,1839.239990234375,1807.4599609375,1832.1700439453125
2010-08-13,1281706200,1825.2900390625,1832.4599609375,1818.300048828125,1818.800048828125
2010-08-16,1281965400,1806.969970703125,1834.050048828125,1801.739990234375,1821.510009765625
2010-08-17,1282051800,1833.1500244140625,1860.6800537109375,1831.27001953125,1845.3699951171875
2010-08-18,1282138200,1841.4200439453125,1862.3699951171875,1834.199951171875,1850.800048828125
2010-08-19,1282224600,1842.7900390625,1847.6199951171875,1811.5699462890625,1823
2010-08-20,1282311000,1818.4200439453125,1829.9200439453125,1810.6199951171875,1825.75
2010-08-23,1282570200,1833.3299560546875,1842.7900390625,1807.8399658203125,1808.31005859375
2010-08-24,1282656600,1783.199951171875,1793.4300537109375,1767.3599853515625,1775.27001953125
2010-08-25,1282743000,1762.6800537109375,1798.3800048828125,1758.6199951171875,1790.8800048828125
2010-08-26,1282829400,1797.3499755859375,1800.6199951171875,1767.8499755859375,1769.02001953125
2010-08-27,1282915800,1780.1099853515625,1794.2900390625,1747.3199462890625,1791.6400146484375
2010-08-30,1283175000,1785.97998046875,1798.469970703125,1772.0699462890625,1772.0699462890625
2010-08-31,1283261400,1762.5400390625,1781.469970703125,1755.3800048828125,1767.4300537109375
2010-09-01,1283347800,1791.9100341796875,1824.6600341796875,1791.4100341796875,1820.050048828125
2010-09-02,1283434200,1822.8299560546875,1840.5799560546875,1817.989990234375,1840.5799560546875
2010-09-03,1283520600,1864.030029296875,1870.31005859375,1851.5999755859375,1870.31005859375
2010-09-07,1283866200,1862.8800048828125,1870.06005859375,1854.4300537109375,1856.5
2010-09-08,1283952600,1863.7099609375,1887.1700439453125,1863.530029296875,1880
2010-09-09,1284039000,1897.010009765625,1897.9300537109375,1882.7900390625,1886.1400146484375
2010-09-10,1284125400,1887.8299560546875,1895.9200439453125,1879.7099609375,1892.3399658203125
2010-09-13,1284384600,1908.75,1924.6099853515625,1908.4100341796875,1921.6700439453125
2010-09-14,1284471000,1917.8299560546875,1938.010009765625,1913.7099609375,1928.5899658203125
2010-09-15,1284557400,1923.969970703125,1942.3399658203125,1918.0999755859375,1939.5999755859375
2010-09-16,1284643800,1937.1800537109375,1949.3900146484375,1931.719970703125,1948.1099853515625
2010-09-17,1284730200,1959.260009765625,1961.010009765625,1945.52001953125,1955.8299560546875
2010-09-20,1284989400,1962.1500244140625,1992.800048828125,1960.4300537109375,1989.4300537109375
2010-09-21,1285075800,1990.18994140625,2002.7900390625,1980.469970703125,1989.1099853515625
2010-09-22,1285162200,1979.9000244140625,1996.449951171875,1972.8299560546875,1982.760009765625
2010-09-23,1285248600,1968.030029296875,2002.4599609375,1967.8199462890625,1982.1500244140625
2010-09-24,1285335000,2006.530029296875,2023.8499755859375,2002.550048828125,2023.8399658203125
2010-09-27,1285594200,2021.6800537109375,2026.4200439453125,2010.530029296875,2010.989990234375
2010-09-28,1285680600,2013.5699462890625,2017.5699462890625,1979.739990234375,2012.4300537109375
2010-09-29,1285767000,2008.1400146484375,2017.239990234375,2000.9100341796875,2009.0799560546875
2010-09-30,1285853400,2021.489990234375,2029.6500244140625,1986.3299560546875,1998.0400390625
2010-10-01,1285939800,2014.469970703125,2017.22998046875,1987.7099609375,1996.5999755859375
2010-10-04,1286199000,1990.1300048828125,1997.6700439453125,1963.6800537109375,1975.3299560546875
2010-10-05,1286285400,1996.3800048828125,2026.4599609375,1996.2099609375,2024.6300048828125
2010-10-06,1286371800,2021.2099609375,2024.9200439453125,1992.6500244140625,2006.52001953125
2010-10-07,1286458200,2016.0799560546875,2017.43994140625,1996.25,2011.6300048828125
2010-10-08,1286544600,2014.989990234375,2030.8900146484375,1999.8900146484375,2027.030029296875
2010-10-11,1286803800,2028.530029296875,2037.1199951171875,2021.4300537109375,2026.97998046875
2010-10-12,1286890200,2023.75,2045.0799560546875,2007.1300048828125,2041.550048828125
2010-10-13,1286976600,2052.5,2067.06005859375,2048.050048828125,2057.25
2010-10-14,1287063000,2058.35009765625,2062.260009765625,2043.699951171875,2054.510009765625
2010-10-15,1287149400,2078.6298828125,2097.72998046875,2062.840087890625,2097.72998046875
2010-10-18,1287408600,2100.2099609375,2105.070068359375,2091.14990234375,2104.14990234375
2010-10-19,1287495000,2063.9599609375,2087.050048828125,2054.610107421875,2069.72998046875
2010-10-20,1287581400,2075.469970703125,2100.159912109375,2072.5400390625,2085.75
2010-10-21,1287667800,2097.169921875,2106.239990234375,2069.449951171875,2090.10009765625
2010-10-22,1287754200,2089.219970703125,2105.43994140625,2086.889892578125,2104.2099609375
2010-10-25,1288013400,2113.22998046875,2127.260009765625,2112.280029296875,2113.550048828125
2010-10-26,1288099800,2100.530029296875,2123.81005859375,2094.840087890625,2119.050048828125
2010-10-27,1288186200,2108.110107421875,2127.2099609375,2104.989990234375,2125.8798828125
2010-10-28,1288272600,2135.139892578125,2135.68994140625,2112.090087890625,2129.72998046875
2010-10-29,1288359000,2126.760009765625,2137.330078125,2124.449951171875,2124.449951171875
2010-11-01,1288618200,2135.570068359375,2148.070068359375,2117.590087890625,2128.419921875
2010-11-02,1288704600,2146.97998046875,2155.4599609375,2141.6201171875,2151.719970703125
2010-11-03,1288791000,2151.18994140625,2159.679931640625,2132.68994140625,2158.360107421875
2010-11-04,1288877400,2183.10009765625,2193.659912109375,2179.06005859375,2187.800048828125
2010-11-05,1288963800,2188.320068359375,2191.239990234375,2179.860107421875,2186.7099609375
2010-11-08,1289226600,2179.699951171875,2191.489990234375,2176.669921875,2188.93994140625
2010-11-09,1289313000,2195.780029296875,2200.159912109375,2166.9599609375,2176.8798828125
2010-11-10,1289399400,2178.360107421875,2189.3798828125,2162.6298828125,2187.739990234375
2010-11-11,1289485800,2153.820068359375,2177.2099609375,2145.090087890625,2173.110107421875
2010-11-12,1289572200,2161.659912109375,2171.22998046875,2122.419921875,2137.949951171875
2010-11-15,1289831400,2147.06005859375,2152.889892578125,2129.68994140625,2131.47998046875
2010-11-16,1289917800,2114.429931640625,2126.159912109375,2085.27001953125,2093.6298828125
2010-11-17,1290004200,2093.719970703125,2111.06005859375,2090.340087890625,2100
2010-11-18,1290090600,2124.7900390625,2147.969970703125,2121.860107421875,2134.77001953125
2010-11-19,1290177000,2129.610107421875,2138.8798828125,2121.110107421875,2135.27001953125
2010-11-22,1290436200,2126.39990234375,2151,2121.739990234375,2150.860107421875
2010-11-23,1290522600,2128.18994140625,2132.68994140625,2105.610107421875,2116.610107421875
2010-11-24,1290609000,2138.239990234375,2165.14990234375,2138.14990234375,2160.52001953125
2010-11-26,1290781800,2146.3798828125,2160.550048828125,2142.68994140625,2153.909912109375
2010-11-29,1291041000,2144.0400390625,2150.7099609375,2118.93994140625,2144.56005859375
2010-11-30,1291127400,2119.469970703125,2131.5,2110.239990234375,2117.330078125
2010-12-01,1291213800,2150.639892578125,2173.419921875,2150.639892578125,2162.830078125
2010-12-02,1291300200,2166.570068359375,2187.820068359375,2164.530029296875,2185.300048828125
2010-12-03,1291386600,2177.110107421875,2192.889892578125,2176.280029296875,2191.169921875
2010-12-06,1291645800,2192.1201171875,2193.860107421875,2183.030029296875,2189.81005859375
2010-12-07,1291732200,2214.989990234375,2215.280029296875,2188.739990234375,2189.35009765625
2010-12-08,1291818600,2195.330078125,2201.340087890625,2182.989990234375,2200.60009765625
2010-12-09,1291905000,2210.72998046875,2213.010009765625,2193.919921875,2201.570068359375
2010-12-10,1291991400,2206.469970703125,2217.47998046875,2199.68994140625,2215.340087890625
2010-12-13,1292250600,2223.889892578125,2225.219970703125,2207.02001953125,2207.449951171875
2010-12-14,1292337000,2213.22998046875,2220.419921875,2205.2099609375,2212.590087890625
2010-12-15,1292423400,2210.510009765625,2223.669921875,2196.8798828125,2202.449951171875
2010-12-16,1292509800,2205.27001953125,2221.97998046875,2198.860107421875,2218.02001953125
2010-12-17,1292596200,2222.010009765625,2227.0400390625,2217.110107421875,2218.2900390625
2010-12-20,1292855400,2225.409912109375,2230.550048828125,2206.300048828125,2223.0400390625
2010-12-21,1292941800,2230.610107421875,2235.580078125,2226.25,2234.570068359375
2010-12-22,1293028200,2234.60009765625,2238.919921875,2231.969970703125,2235.909912109375
2010-12-23,1293114600,2232.840087890625,2235.110107421875,2225.2900390625,2230.27001953125
2010-12-27,1293460200,2223.760009765625,2234.419921875,2208.800048828125,2229.860107421875
2010-12-28,1293546600,2234.56005859375,2236.169921875,2222.760009765625,2227.419921875
2010-12-29,1293633000,2232.330078125,2236.18994140625,2229.8701171875,2231.639892578125
2010-12-30,1293719400,2230.389892578125,2232.3798828125,2222.77001953125,2225.719970703125
2010-12-31,1293805800,2223.280029296875,2225,2209.3798828125,2217.860107421875
2011-01-03,1294065000,2238.659912109375,2268.300048828125,2237.7900390625,2254.22998046875
2011-01-04,1294151400,2261.64990234375,2263.030029296875,2237.72998046875,2251.4599609375
2011-01-05,1294237800,2245.39990234375,2271.080078125,2243.8798828125,2270.39990234375
2011-01-06,1294324200,2272.330078125,2279.449951171875,2268.590087890625,2277.510009765625
2011-01-07,1294410600,2280.1298828125,2282.8701171875,2254.219970703125,2276.699951171875
2011-01-10,1294669800,2270.64990234375,2288.639892578125,2265,2284.3798828125
2011-01-11,1294756200,2294.659912109375,2296.14990234375,2279.47998046875,2288.72998046875
2011-01-12,1294842600,2298.6298828125,2304.8798828125,2289.050048828125,2304.8798828125
2011-01-13,1294929000,2303.60009765625,2310.820068359375,2298.6201171875,2305.530029296875
2011-01-14,1295015400,2304.3701171875,2323.429931640625,2300.25,2323.429931640625
2011-01-18,1295361000,2300.929931640625,2331.320068359375,2299.3701171875,2328.7900390625
2011-01-19,1295447400,2329.929931640625,2331.6298828125,2294.889892578125,2303.320068359375
2011-01-20,1295533800,2292.169921875,2295.239990234375,2268.590087890625,2286.080078125
2011-01-21,1295620200,2295.14990234375,2301.050048828125,2267.169921875,2268.320068359375
2011-01-24,1295879400,2271.72998046875,2300.389892578125,2268.719970703125,2300.389892578125
2011-01-25,1295965800,2288.5,2304.0400390625,2283.7900390625,2304.030029296875
2011-01-26,1296052200,2306.989990234375,2321.219970703125,2300.110107421875,2314.18994140625
2011-01-27,1296138600,2322.330078125,2336.0400390625,2319.22998046875,2330.070068359375
2011-01-28,1296225000,2330.070068359375,2330.070068359375,2260.60009765625,2270.510009765625
2011-01-31,1296484200,2274.219970703125,2287.5,2258.050048828125,2281.909912109375
2011-02-01,1296570600,2298.3701171875,2329.340087890625,2296.739990234375,2324.949951171875
2011-02-02,1296657000,2317.889892578125,2328.800048828125,2316.219970703125,2321.090087890625
2011-02-03,1296743400,2316.669921875,2327.239990234375,2297.7900390625,2323.070068359375
2011-02-04,1296829800,2324.179931640625,2338.659912109375,2318.27001953125,2338.199951171875
2011-02-07,1297089000,2340.43994140625,2360.820068359375,2338.8701171875,2349.199951171875
2011-02-08,1297175400,2348.530029296875,2363.760009765625,2344.860107421875,2363.610107421875
2011-02-09,1297261800,2359.81005859375,2367.18994140625,2352.4599609375,2360.949951171875
2011-02-10,1297348200,2343.7900390625,2366.280029296875,2341.81005859375,2364.35009765625
2011-02-11,1297434600,2357.77001953125,2381.39990234375,2353.280029296875,2379.14990234375
2011-02-14,1297693800,2379.52001953125,2388.6298828125,2378.159912109375,2385.60009765625
2011-02-15,1297780200,2380.159912109375,2384.81005859375,2371.18994140625,2381.919921875
2011-02-16,1297866600,2389.510009765625,2403.52001953125,2387.659912109375,2397.93994140625
2011-02-17,1297953000,2384.68994140625,2400.889892578125,2384.219970703125,2397.570068359375
2011-02-18,1298039400,2396.75,2400.469970703125,2382.389892578125,2392.469970703125
2011-02-22,1298385000,2353.81005859375,2366.429931640625,2318.39990234375,2322.860107421875
2011-02-23,1298471400,2321.43994140625,2329.1298828125,2284.64990234375,2300.93994140625
2011-02-24,1298557800,2306.93994140625,2321.199951171875,2285.43994140625,2313.31005859375
2011-02-25,1298644200,2326.1298828125,2349.510009765625,2325.7099609375,2346.2900390625
2011-02-28,1298903400,2354.8701171875,2362.7900390625,2338.2099609375,2350.989990234375
2011-03-01,1298989800,2359.780029296875,2359.97998046875,2308.050048828125,2315.260009765625
2011-03-02,1299076200,2314.280029296875,2340.800048828125,2311.989990234375,2326.77001953125
2011-03-03,1299162600,2350.52001953125,2375.669921875,2350.179931640625,2371.760009765625
2011-03-04,1299249000,2370.340087890625,2371.22998046875,2344.6201171875,2359.9599609375
2011-03-07,1299508200,2367.919921875,2370.909912109375,2307.389892578125,2328.070068359375
2011-03-08,1299594600,2325.1298828125,2347.510009765625,2310.9599609375,2337.550048828125
2011-03-09,1299681000,2328.800048828125,2330.679931640625,2309.280029296875,2322.68994140625
2011-03-10,1299767400,2295.090087890625,2300.530029296875,2276.1201171875,2284.2900390625
2011-03-11,1299853800,2275.2900390625,2305.969970703125,2275.070068359375,2299.260009765625
2011-03-14,1300109400,2286.77001953125,2302.919921875,2274.080078125,2290.719970703125
2011-03-15,1300195800,2218.300048828125,2271.580078125,2217.429931640625,2259.6201171875
2011-03-16,1300282200,2240.830078125,2252.1298828125,2188.919921875,2202.969970703125
2011-03-17,1300368600,2238.85009765625,2247.929931640625,2223.1298828125,2225.239990234375
2011-03-18,1300455000,2249.179931640625,2249.389892578125,2217.949951171875,2221.070068359375
2011-03-21,1300714200,2250.889892578125,2273.110107421875,2249.4599609375,2262.699951171875
2011-03-22,1300800600,2264.070068359375,2266.090087890625,2253.080078125,2257.9599609375
2011-03-23,1300887000,2251.489990234375,2276.6201171875,2234.93994140625,2270.5
2011-03-24,1300973400,2287.010009765625,2315.56005859375,2275.64990234375,2312.090087890625
2011-03-25,1301059800,2319.070068359375,2331.6298828125,2314.02001953125,2316.360107421875
2011-03-28,1301319000,2325.1298828125,2326.1201171875,2303.06005859375,2303.10009765625
2011-03-29,1301405400,2299.27001953125,2325.5400390625,2291.780029296875,2325.5400390625
2011-03-30,1301491800,2338.409912109375,2340.389892578125,2326.7900390625,2336.52001953125
2011-03-31,1301578200,2332.739990234375,2342.239990234375,2329.6201171875,2338.989990234375
2011-04-01,1301664600,2352.469970703125,2359.159912109375,2334.949951171875,2342.919921875
2011-04-04,1301923800,2347.7099609375,2350.340087890625,2324.02001953125,2334.5400390625
2011-04-05,1302010200,2330.1201171875,2342.340087890625,2323.409912109375,2327.8701171875
2011-04-06,1302096600,2343.3701171875,2352.25,2320.320068359375,2332.340087890625
2011-04-07,1302183000,2331.739990234375,2346.860107421875,2315.830078125,2332.8798828125
2011-04-08,1302269400,2342.739990234375,2345.409912109375,2313.330078125,2321.179931640625
2011-04-11,1302528600,2330.260009765625,2333.97998046875,2305.530029296875,2314.5
2011-04-12,1302615000,2302.889892578125,2308.199951171875,2288.679931640625,2298.300048828125
2011-04-13,1302701400,2312.800048828125,2322.60009765625,2298.820068359375,2316.6298828125
2011-04-14,1302787800,2301.27001953125,2315.219970703125,2291.7900390625,2311.25
2011-04-15,1302874200,2304.4599609375,2316.820068359375,2293.530029296875,2307.580078125
2011-04-18,1303133400,2281.919921875,2293.080078125,2254.8798828125,2292.340087890625
2011-04-19,1303219800,2297,2306.77001953125,2286.590087890625,2306.77001953125
2011-04-20,1303306200,2344.2099609375,2360.68994140625,2344.2099609375,2357.760009765625
2011-04-21,1303392600,2381.199951171875,2381.199951171875,2370.280029296875,2377.300048828125
2011-04-25,1303738200,2377.909912109375,2385.030029296875,2375.1201171875,2383.719970703125
2011-04-26,1303824600,2389.239990234375,2405.22998046875,2384.800048828125,2396.030029296875
2011-04-27,1303911000,2402.449951171875,2415.85009765625,2390.4599609375,2413.590087890625
2011-04-28,1303997400,2404.9599609375,2411.97998046875,2398.929931640625,2409.89990234375
2011-04-29,1304083800,2405.050048828125,2415.56005859375,2403.25,2404.080078125
2011-05-02,1304343000,2410.239990234375,2417.830078125,2397.47998046875,2404.239990234375
2011-05-03,1304429400,2401.800048828125,2404.1201171875,2377.330078125,2392.800048828125
2011-05-04,1304515800,2392.159912109375,2398.4599609375,2367.679931640625,2387.510009765625
2011-05-05,1304602200,2376.4599609375,2402.050048828125,2366.72998046875,2375.2099609375
2011-05-06,1304688600,2395.919921875,2411.6298828125,2376.14990234375,2383.179931640625
2011-05-09,1304947800,2384.199951171875,2399.679931640625,2376.9599609375,2390.969970703125
2011-05-10,1305034200,2397.199951171875,2414.580078125,2394.840087890625,2411.35009765625
2011-05-11,1305120600,2408.14990234375,2415.89990234375,2377.429931640625,2393.080078125
2011-05-12,1305207000,2384.139892578125,2410.449951171875,2372.18994140625,2407.889892578125
2011-05-13,1305293400,2403.06005859375,2406.010009765625,2378.760009765625,2379.239990234375
2011-05-16,1305552600,2368.469970703125,2375.360107421875,2332.840087890625,2337.85009765625
2011-05-17,1305639000,2325.860107421875,2343.72998046875,2320.330078125,2343.510009765625
2011-05-18,1305725400,2340.68994140625,2366.39990234375,2337.47998046875,2362.949951171875
2011-05-19,1305811800,2369.06005859375,2374.219970703125,2355.39990234375,2369.669921875
2011-05-20,1305898200,2365.489990234375,2368.989990234375,2348.72998046875,2351.429931640625
2011-05-23,1306157400,2318.159912109375,2325.860107421875,2306.429931640625,2316.780029296875
2011-05-24,1306243800,2321.590087890625,2322.6298828125,2302.360107421875,2303.550048828125
2011-05-25,1306330200,2299.489990234375,2321.510009765625,2298.719970703125,2310.949951171875
2011-05-26,1306416600,2306.43994140625,2332.02001953125,2306.110107421875,2325.929931640625
2011-05-27,1306503000,2328.64990234375,2339.10009765625,2327.320068359375,2336.090087890625
2011-05-31,1306848600,2359.050048828125,2372.5400390625,2347.22998046875,2372.5400390625
2011-06-01,1306935000,2368.2900390625,2373.820068359375,2321,2322.47998046875
2011-06-02,1307021400,2325.56005859375,2335.659912109375,2314.68994140625,2326.699951171875
2011-06-03,1307107800,2301.39990234375,2317.929931640625,2289.409912109375,2292.31005859375
2011-06-06,1307367000,2288.610107421875,2299.39990234375,2273.239990234375,2274.47998046875
2011-06-07,1307453400,2279.550048828125,2288.760009765625,2268.06005859375,2268.9599609375
2011-06-08,1307539800,2264.39990234375,2268,2246.6201171875,2252.889892578125
2011-06-09,1307626200,2253.22998046875,2267.760009765625,2246.489990234375,2256.64990234375
2011-06-10,1307712600,2249.39990234375,2250.889892578125,2220.830078125,2221.090087890625
2011-06-13,1307971800,2225.2099609375,2234.219970703125,2214.3701171875,2222.280029296875
2011-06-14,1308058200,2240.389892578125,2256.4599609375,2240.389892578125,2250.340087890625
2011-06-15,1308144600,2229.81005859375,2243.219970703125,2204.14990234375,2209.010009765625
2011-06-16,1308231000,2209.75,2216.739990234375,2180.93994140625,2199.929931640625
2011-06-17,1308317400,2220.0400390625,2222.510009765625,2186.780029296875,2192.9599609375
2011-06-20,1308576600,2187.2099609375,2210.639892578125,2186.77001953125,2204.360107421875
2011-06-21,1308663000,2210.969970703125,2253.27001953125,2203.7099609375,2251.820068359375
2011-06-22,1308749400,2243.2099609375,2254.639892578125,2234.830078125,2235.75
2011-06-23,1308835800,2210.489990234375,2256.699951171875,2204.469970703125,2255.050048828125
2011-06-24,1308922200,2245.489990234375,2246.9599609375,2213.10009765625,2217.06005859375
2011-06-27,1309181400,2217.6298828125,2263.2099609375,2215.139892578125,2252.239990234375
2011-06-28,1309267800,2256.52001953125,2286.919921875,2254.93994140625,2285.75
2011-06-29,1309354200,2290.5,2299.320068359375,2278.85009765625,2294.429931640625
2011-06-30,1309440600,2303,2327.360107421875,2302.669921875,2325.070068359375
2011-07-01,1309527000,2326.159912109375,2363.360107421875,2320.570068359375,2361.389892578125
2011-07-05,1309872600,2363.080078125,2374.409912109375,2357.31005859375,2371.2099609375
2011-07-06,1309959000,2368.75,2383.77001953125,2361.469970703125,2378.580078125
2011-07-07,1310045400,2396.639892578125,2418.989990234375,2394.550048828125,2412.889892578125
2011-07-08,1310131800,2390.159912109375,2405.919921875,2379.139892578125,2405.889892578125
2011-07-11,1310391000,2380.56005859375,2392.090087890625,2354.1201171875,2362
2011-07-12,1310477400,2362.18994140625,2366.35009765625,2342.1298828125,2343.7900390625
2011-07-13,1310563800,2360.429931640625,2377.340087890625,2345.800048828125,2352.429931640625
2011-07-14,1310650200,2358.889892578125,2370.719970703125,2318.199951171875,2325.06005859375
2011-07-15,1310736600,2351.81005859375,2357.360107421875,2336.1298828125,2356.669921875
2011-07-18,1310995800,2346.530029296875,2354.56005859375,2322.6201171875,2344.010009765625
2011-07-19,1311082200,2367.81005859375,2400.580078125,2367.81005859375,2398.169921875
2011-07-20,1311168600,2411.7099609375,2412.389892578125,2384.5,2387.800048828125
2011-07-21,1311255000,2389.56005859375,2417.1298828125,2377.820068359375,2404.239990234375
2011-07-22,1311341400,2403.199951171875,2432.840087890625,2402.06005859375,2429.5
2011-07-25,1311600600,2408.64990234375,2437.419921875,2406.169921875,2424.14990234375
2011-07-26,1311687000,2423.159912109375,2438.43994140625,2418.52001953125,2429.449951171875
2011-07-27,1311773400,2414.360107421875,2416.219970703125,2362.1201171875,2367.159912109375
2011-07-28,1311859800,2367.43994140625,2401.25,2359.8701171875,2371.77001953125
2011-07-29,1311946200,2349.300048828125,2388.239990234375,2341.820068359375,2362.81005859375
2011-08-01,1312205400,2391.419921875,2396.5,2325.169921875,2354.050048828125
2011-08-02,1312291800,2340.72998046875,2352.47998046875,2291.3701171875,2292.85009765625
2011-08-03,1312378200,2294.93994140625,2316.72998046875,2254.909912109375,2312.780029296875
2011-08-04,1312464600,2275.300048828125,2284.300048828125,2207.050048828125,2207.199951171875
2011-08-05,1312551000,2227.489990234375,2240.679931640625,2131.52001953125,2194.3798828125
2011-08-08,1312810200,2127.8701171875,2162.780029296875,2060.2900390625,2060.2900390625
2011-08-09,1312896600,2095.989990234375,2161.75,2034.9200439453125,2160.7900390625
2011-08-10,1312983000,2110.139892578125,2142.31005859375,2070.239990234375,2073.090087890625
2011-08-11,1313069400,2108.919921875,2187.47998046875,2091.909912109375,2167.070068359375
2011-08-12,1313155800,2176.5400390625,2195.25,2154.860107421875,2182.050048828125
2011-08-15,1313415000,2189.489990234375,2214.1201171875,2180.860107421875,2214.1201171875
2011-08-16,1313501400,2190.139892578125,2211.89990234375,2165.0400390625,2194.27001953125
2011-08-17,1313587800,2193.300048828125,2214.260009765625,2158.949951171875,2181.6201171875
2011-08-18,1313674200,2116.7900390625,2118.610107421875,2055.179931640625,2073.030029296875
2011-08-19,1313760600,2053.010009765625,2102.8798828125,2035.300048828125,2038.219970703125
2011-08-22,1314019800,2084.27001953125,2084.830078125,2038.1400146484375,2044.72998046875
2011-08-23,1314106200,2059.030029296875,2129.27001953125,2050.18994140625,2129.27001953125
2011-08-24,1314192600,2121.52001953125,2148.219970703125,2105.31005859375,2145.0400390625
2011-08-25,1314279000,2141.860107421875,2153.7099609375,2102.5,2108.2099609375
2011-08-26,1314365400,2101.909912109375,2169.409912109375,2082.0400390625,2161.969970703125
2011-08-29,1314624600,2188.669921875,2224.5,2187.719970703125,2223.9599609375
2011-08-30,1314711000,2212.070068359375,2250.10009765625,2202.449951171875,2237.68994140625
2011-08-31,1314797400,2248.18994140625,2268.070068359375,2222.47998046875,2241.010009765625
2011-09-01,1314883800,2245.010009765625,2263.93994140625,2217.02001953125,2219.050048828125
2011-09-02,1314970200,2178.110107421875,2189.760009765625,2156.989990234375,2167.830078125
2011-09-06,1315315800,2116.47998046875,2171.389892578125,2112.840087890625,2167.60009765625
2011-09-07,1315402200,2198.610107421875,2223.800048828125,2193.830078125,2223.75
2011-09-08,1315488600,2212.7099609375,2244.510009765625,2206.7900390625,2214.2900390625
2011-09-09,1315575000,2197.719970703125,2206.489990234375,2151.35009765625,2163.659912109375
2011-09-12,1315834200,2145.780029296875,2192.280029296875,2139.580078125,2191.840087890625
2011-09-13,1315920600,2197.659912109375,2225.39990234375,2189.830078125,2220.580078125
2011-09-14,1316007000,2233.659912109375,2277.919921875,2210.6298828125,2252.75
2011-09-15,1316093400,2273.219970703125,2289.68994140625,2254.469970703125,2286.56005859375
2011-09-16,1316179800,2284.280029296875,2308.9599609375,2283.429931640625,2306.090087890625
2011-09-19,1316439000,2277.639892578125,2319.72998046875,2260.239990234375,2308.760009765625
2011-09-20,1316525400,2318.550048828125,2337.699951171875,2293.06005859375,2295.889892578125
2011-09-21,1316611800,2308.409912109375,2321.219970703125,2257.550048828125,2258.300048828125
2011-09-22,1316698200,2196.6298828125,2219.719970703125,2151.47998046875,2184.590087890625
2011-09-23,1316784600,2165.75,2216.75,2165.6201171875,2206.860107421875
2011-09-26,1317043800,2216.659912109375,2237.1298828125,2170.139892578125,2234.280029296875
2011-09-27,1317130200,2270.68994140625,2290.7099609375,2241.75,2253.550048828125
2011-09-28,1317216600,2266.2900390625,2281.090087890625,2218.77001953125,2220.840087890625
2011-09-29,1317303000,2255.550048828125,2258.9599609375,2160.199951171875,2197.679931640625
2011-09-30,1317389400,2167.239990234375,2185.610107421875,2139.169921875,2139.179931640625
2011-10-03,1317648600,2128.02001953125,2153.949951171875,2084.300048828125,2085.0400390625
2011-10-04,1317735000,2064.010009765625,2131.31005859375,2042.9000244140625,2129.2099609375
2011-10-05,1317821400,2121.030029296875,2187.56005859375,2106.6201171875,2182.77001953125
2011-10-06,1317907800,2181.580078125,2218.300048828125,2169.570068359375,2217.989990234375
2011-10-07,1317994200,2217.510009765625,2227.3798828125,2190.260009765625,2202.760009765625
2011-10-10,1318253400,2241.169921875,2278.739990234375,2237.47998046875,2278.64990234375
2011-10-11,1318339800,2272.639892578125,2300.699951171875,2269.5400390625,2294.919921875
2011-10-12,1318426200,2316.760009765625,2331.909912109375,2305.31005859375,2307.179931640625
2011-10-13,1318512600,2300.860107421875,2330.639892578125,2299.72998046875,2326.8798828125
2011-10-14,1318599000,2360,2371.93994140625,2344.739990234375,2371.93994140625
2011-10-17,1318858200,2359.530029296875,2367.2099609375,2322.530029296875,2334.3798828125
2011-10-18,1318944600,2331.97998046875,2375.260009765625,2309.8798828125,2364.8701171875
2011-10-19,1319031000,2348.52001953125,2357.550048828125,2310.64990234375,2316.81005859375
2011-10-20,1319117400,2317.340087890625,2317.340087890625,2274.489990234375,2306.2900390625
2011-10-21,1319203800,2332.2099609375,2349.7900390625,2314.77001953125,2335.929931640625
2011-10-24,1319463000,2341.7099609375,2389.909912109375,2341.14990234375,2384.419921875
2011-10-25,1319549400,2375.489990234375,2375.530029296875,2332.179931640625,2335.8701171875
2011-10-26,1319635800,2349.85009765625,2355.02001953125,2291.780029296875,2334.7900390625
2011-10-27,1319722200,2390.68994140625,2412.52001953125,2365.909912109375,2399.830078125
2011-10-28,1319808600,2386.02001953125,2404.800048828125,2384.969970703125,2401.2900390625
2011-10-31,1320067800,2376.989990234375,2389.2900390625,2359.85009765625,2360.080078125
2011-11-01,1320154200,2301.110107421875,2321.360107421875,2287.739990234375,2298.3701171875
2011-11-02,1320240600,2321.89990234375,2329.06005859375,2298.7099609375,2318.320068359375
2011-11-03,1320327000,2340.139892578125,2369.77001953125,2311.199951171875,2367.7099609375
2011-11-04,1320413400,2353.510009765625,2364.3701171875,2331.4599609375,2356.320068359375
2011-11-07,1320676200,2353.820068359375,2372.719970703125,2329.679931640625,2371.0400390625
2011-11-08,1320762600,2386.18994140625,2402.510009765625,2362.22998046875,2400.010009765625
2011-11-09,1320849000,2346.739990234375,2354.89990234375,2307.780029296875,2314.10009765625
2011-11-10,1320935400,2338.60009765625,2338.909912109375,2290.530029296875,2312.070068359375
2011-11-11,1321021800,2336.43994140625,2363.1201171875,2330.6298828125,2355.780029296875
2011-11-14,1321281000,2350.909912109375,2362.4599609375,2333.550048828125,2341.320068359375
2011-11-15,1321367400,2334.239990234375,2375.10009765625,2331.75,2366.239990234375
2011-11-16,1321453800,2345.27001953125,2365.1298828125,2322.050048828125,2324.3701171875
2011-11-17,1321540200,2320.639892578125,2320.81005859375,2257.919921875,2272.090087890625
2011-11-18,1321626600,2273.639892578125,2274.6201171875,2250.93994140625,2253.949951171875
2011-11-21,1321885800,2219.8798828125,2225.5400390625,2188.139892578125,2211.139892578125
2011-11-22,1321972200,2205.31005859375,2224.0400390625,2191.8701171875,2216.330078125
2011-11-23,1322058600,2199.4599609375,2203.139892578125,2166.5400390625,2166.5400390625
2011-11-25,1322231400,2159.93994140625,2182.280029296875,2150.7099609375,2150.8798828125
2011-11-28,1322490600,2207.679931640625,2227.81005859375,2206.68994140625,2224.219970703125
2011-11-29,1322577000,2225.1201171875,2240.6298828125,2205.77001953125,2211.389892578125
2011-11-30,1322663400,2270.280029296875,2295.35009765625,2264.719970703125,2295.199951171875
2011-12-01,1322749800,2294.27001953125,2314.89990234375,2292.260009765625,2309.199951171875
2011-12-02,1322836200,2327.8701171875,2331.1201171875,2301.25,2302.0400390625
2011-12-05,1323095400,2336.550048828125,2343.10009765625,2315.179931640625,2326.949951171875
2011-12-06,1323181800,2327.64990234375,2335.7900390625,2313.989990234375,2321.489990234375
2011-12-07,1323268200,2312.550048828125,2331.72998046875,2292.14990234375,2320.5400390625
2011-12-08,1323354600,2309.530029296875,2324.0400390625,2278.419921875,2282.590087890625
2011-12-09,1323441000,2287.27001953125,2325.639892578125,2287.27001953125,2318.679931640625
2011-12-12,1323700200,2295.429931640625,2295.530029296875,2274.14990234375,2292.239990234375
2011-12-13,1323786600,2308.2900390625,2316.89990234375,2258.7099609375,2268.3701171875
2011-12-14,1323873000,2259.840087890625,2260.52001953125,2219.679931640625,2233.030029296875
2011-12-15,1323959400,2253.139892578125,2253.2099609375,2223.52001953125,2226.7099609375
2011-12-16,1324045800,2238.590087890625,2267.550048828125,2234.300048828125,2238.179931640625
2011-12-19,1324305000,2244.3701171875,2250.27001953125,2209.570068359375,2215.27001953125
2011-12-20,1324391400,2253.18994140625,2283.449951171875,2252.570068359375,2281.93994140625
2011-12-21,1324477800,2265.89990234375,2267.010009765625,2222.679931640625,2249.030029296875
2011-12-22,1324564200,2254.679931640625,2268.590087890625,2251.31005859375,2266.77001953125
2011-12-23,1324650600,2274.35009765625,2287.9599609375,2268.239990234375,2287.570068359375
2011-12-27,1324996200,2284.2900390625,2301.300048828125,2281.860107421875,2293.1201171875
2011-12-28,1325082600,2294.969970703125,2295.169921875,2262.219970703125,2267.080078125
2011-12-29,1325169000,2272.56005859375,2285.719970703125,2264.889892578125,2285.070068359375
2011-12-30,1325255400,2281.909912109375,2289.1201171875,2277.77001953125,2277.830078125
2012-01-03,1325601000,2323.159912109375,2332.239990234375,2315.280029296875,2321.9599609375
2012-01-04,1325687400,2316.530029296875,2333.2900390625,2307.56005859375,2329.7099609375
2012-01-05,1325773800,2326.580078125,2351.449951171875,2317.52001953125,2348.97998046875
2012-01-06,1325860200,2350.679931640625,2362.580078125,2341.639892578125,2356.169921875
2012-01-09,1326119400,2362.530029296875,2363.47998046875,2342.340087890625,2350.64990234375
2012-01-10,1326205800,2374.260009765625,2381.429931640625,2360.97998046875,2367.3798828125
2012-01-11,1326292200,2363.68994140625,2376.580078125,2357.530029296875,2372.25
2012-01-12,1326378600,2377.340087890625,2384.260009765625,2359.919921875,2381.989990234375
2012-01-13,1326465000,2371.419921875,2373.5,2352.760009765625,2371.97998046875
2012-01-17,1326810600,2396.139892578125,2404.080078125,2385.7900390625,2393.239990234375
2012-01-18,1326897000,2396.6298828125,2425.9599609375,2395.429931640625,2425.9599609375
2012-01-19,1326983400,2435.139892578125,2445.590087890625,2433.030029296875,2441.699951171875
2012-01-20,1327069800,2428.659912109375,2438.25,2428.35009765625,2437.02001953125
2012-01-23,1327329000,2437.06005859375,2455.219970703125,2424.2900390625,2437.219970703125
2012-01-24,1327415400,2426.860107421875,2440.199951171875,2423.239990234375,2433.9599609375
2012-01-25,1327501800,2456.550048828125,2470.580078125,2440.570068359375,2465.659912109375
2012-01-26,1327588200,2474.050048828125,2479.31005859375,2444.830078125,2454.6298828125
2012-01-27,1327674600,2450.3798828125,2467.4599609375,2449.830078125,2461.77001953125
2012-01-30,1327933800,2438.52001953125,2468.570068359375,2433.6298828125,2465.320068359375
2012-01-31,1328020200,2476.64990234375,2481.510009765625,2453.050048828125,2467.949951171875
2012-02-01,1328106600,2481.6201171875,2497.31005859375,2474.2900390625,2488.179931640625
2012-02-02,1328193000,2495.080078125,2504.159912109375,2487.14990234375,2495.830078125
2012-02-03,1328279400,2518.860107421875,2532.260009765625,2514.989990234375,2529.169921875
2012-02-06,1328538600,2519.330078125,2528.300048828125,2513.510009765625,2528.300048828125
2012-02-07,1328625000,2522.7900390625,2537.639892578125,2514.89990234375,2532.06005859375
2012-02-08,1328711400,2533.47998046875,2545.840087890625,2523.8798828125,2545.719970703125
2012-02-09,1328797800,2553.6298828125,2567.280029296875,2541.199951171875,2563.929931640625
2012-02-10,1328884200,2543.860107421875,2553.10009765625,2537.989990234375,2547.320068359375
2012-02-13,1329143400,2564.929931640625,2572.639892578125,2554.2900390625,2569.489990234375
2012-02-14,1329229800,2561.60009765625,2575.239990234375,2553.949951171875,2575.239990234375
2012-02-15,1329316200,2584.949951171875,2600.9599609375,2552.56005859375,2556.010009765625
2012-02-16,1329402600,2555.550048828125,2594.7099609375,2551.35009765625,2592.2900390625
2012-02-17,1329489000,2587.219970703125,2593.56005859375,2572.820068359375,2584.239990234375
2012-02-21,1329834600,2589.2099609375,2601.739990234375,2574.320068359375,2590.239990234375
2012-02-22,1329921000,2586.320068359375,2593.050048828125,2575.31005859375,2579.780029296875
2012-02-23,1330007400,2578.909912109375,2598.10009765625,2570.070068359375,2594.929931640625
2012-02-24,1330093800,2602.659912109375,2609.449951171875,2598.669921875,2604.2099609375
2012-02-27,1330353000,2589.43994140625,2616.860107421875,2579.6298828125,2606.760009765625
2012-02-28,1330439400,2610.0400390625,2634.22998046875,2607.5,2633.4599609375
2012-02-29,1330525800,2638.969970703125,2645.199951171875,2614.47998046875,2623.10009765625
2012-03-01,1330612200,2634.199951171875,2645.909912109375,2625.419921875,2643.5400390625
2012-03-02,1330698600,2640.429931640625,2650,2633.280029296875,2641.580078125
2012-03-05,1330957800,2636.60009765625,2642.75,2605.590087890625,2614.919921875
2012-03-06,1331044200,2586.31005859375,2593.639892578125,2575.1298828125,2588.949951171875
2012-03-07,1331130600,2599.85009765625,2614.22998046875,2597.22998046875,2607.85009765625
2012-03-08,1331217000,2623.449951171875,2643.889892578125,2618.469970703125,2637.179931640625
2012-03-09,1331303400,2641.14990234375,2651.97998046875,2639.60009765625,2646.85009765625
2012-03-12,1331559000,2646.97998046875,2651.639892578125,2635.760009765625,2646.85009765625
2012-03-13,1331645400,2665.300048828125,2697.639892578125,2658.090087890625,2697.429931640625
2012-03-14,1331731800,2701.080078125,2717.860107421875,2690.39990234375,2708.409912109375
2012-03-15,1331818200,2716.18994140625,2720.489990234375,2701.64990234375,2714.7900390625
2012-03-16,1331904600,2715.7099609375,2719.610107421875,2706.9599609375,2712.780029296875
2012-03-19,1332163800,2716.97998046875,2738.219970703125,2710.6298828125,2733.260009765625
2012-03-20,1332250200,2719.39990234375,2740.35009765625,2711.10009765625,2737.6298828125
2012-03-21,1332336600,2739.39990234375,2752.4599609375,2733.909912109375,2736.8798828125
2012-03-22,1332423000,2720.659912109375,2737.830078125,2719.739990234375,2731.5
2012-03-23,1332509400,2734.679931640625,2734.679931640625,2714.60009765625,2728.550048828125
2012-03-26,1332768600,2746.97998046875,2778.02001953125,2746.429931640625,2778.02001953125
2012-03-27,1332855000,2779.669921875,2793.43994140625,2778.909912109375,2782.1201171875
2012-03-28,1332941400,2785.97998046875,2794,2754.969970703125,2770.969970703125
2012-03-29,1333027800,2756.43994140625,2769.830078125,2741.320068359375,2762.050048828125
2012-03-30,1333114200,2773.929931640625,2774.52001953125,2744.469970703125,2755.27001953125
2012-04-02,1333373400,2752.25,2787.25,2747.5400390625,2784.419921875
2012-04-03,1333459800,2786.139892578125,2795.35009765625,2767.050048828125,2782.780029296875
2012-04-04,1333546200,2759.330078125,2762.72998046875,2729.2099609375,2745
2012-04-05,1333632600,2740.699951171875,2764.2099609375,2739.10009765625,2762.5
2012-04-09,1333978200,2726.080078125,2751.43994140625,2722.77001953125,2739.97998046875
2012-04-10,1334064600,2738.43994140625,2749.510009765625,2688.2099609375,2695.1201171875
2012-04-11,1334151000,2719.47998046875,2726.93994140625,2702.969970703125,2708.1298828125
2012-04-12,1334237400,2715.0400390625,2743.409912109375,2711.0400390625,2740.260009765625
2012-04-13,1334323800,2730.739990234375,2731.35009765625,2698.110107421875,2698.989990234375
2012-04-16,1334583000,2713.889892578125,2713.889892578125,2660.9599609375,2670.10009765625
2012-04-17,1334669400,2678.580078125,2731.3798828125,2675.139892578125,2723.580078125
2012-04-18,1334755800,2714.659912109375,2732.030029296875,2707.909912109375,2716.139892578125
2012-04-19,1334842200,2707.889892578125,2738.590087890625,2676.090087890625,2686.820068359375
2012-04-20,1334928600,2699.550048828125,2712.010009765625,2674.659912109375,2676.0400390625
2012-04-23,1335187800,2651.1298828125,2657.360107421875,2629.699951171875,2653.5
2012-04-24,1335274200,2647.909912109375,2659.52001953125,2628.9599609375,2638.72998046875
2012-04-25,1335360600,2694.860107421875,2710.8701171875,2691.1201171875,2709.6201171875
2012-04-26,1335447000,2709.8798828125,2731.72998046875,2705.909912109375,2725.22998046875
2012-04-27,1335533400,2737.570068359375,2750.5,2723.159912109375,2741.340087890625
2012-04-30,1335792600,2731.260009765625,2737.5400390625,2720.43994140625,2723.679931640625
2012-05-01,1335879000,2719.25,2756.81005859375,2715.75,2726.919921875
2012-05-02,1335965400,2713.179931640625,2736.300048828125,2707.6298828125,2734.77001953125
2012-05-03,1336051800,2737.0400390625,2737.139892578125,2697.780029296875,2704.590087890625
2012-05-04,1336138200,2682.3701171875,2683.25,2637.72998046875,2637.919921875
2012-05-07,1336397400,2622.669921875,2651.739990234375,2620.9599609375,2639.280029296875
2012-05-08,1336483800,2624.35009765625,2638.300048828125,2587.530029296875,2629.8701171875
2012-05-09,1336570200,2600.18994140625,2635.7099609375,2588.969970703125,2621.35009765625
2012-05-10,1336656600,2631.969970703125,2631.969970703125,2606.7900390625,2616.239990234375
2012-05-11,1336743000,2606.010009765625,2643.219970703125,2604.989990234375,2615.97998046875
2012-05-14,1337002200,2593.75,2611.3701171875,2587.780029296875,2590.280029296875
2012-05-15,1337088600,2589.9599609375,2617.22998046875,2576.77001953125,2580.75
2012-05-16,1337175000,2589.909912109375,2597.159912109375,2558.68994140625,2561.56005859375
2012-05-17,1337261400,2562.1298828125,2567.550048828125,2509.050048828125,2509.050048828125
2012-05-18,1337347800,2509.89990234375,2523.14990234375,2474.699951171875,2478.530029296875
2012-05-21,1337607000,2482.31005859375,2547.68994140625,2478.360107421875,2545.429931640625
2012-05-22,1337693400,2553.580078125,2562.47998046875,2524.110107421875,2539.199951171875
2012-05-23,1337779800,2534.659912109375,2553.18994140625,2499.300048828125,2547.080078125
2012-05-24,1337866200,2553.1201171875,2554.199951171875,2512.35009765625,2531.35009765625
2012-05-25,1337952600,2532.320068359375,2537.56005859375,2520.169921875,2527.050048828125
2012-05-29,1338298200,2542.659912109375,2570.7900390625,2536.6201171875,2558.969970703125
2012-05-30,1338384600,2538.580078125,2546.010009765625,2522.449951171875,2537.39990234375
2012-05-31,1338471000,2535.8701171875,2540.39990234375,2507.580078125,2524.8701171875
2012-06-01,1338557400,2510.820068359375,2510.820068359375,2458.72998046875,2458.830078125
2012-06-04,1338816600,2458.969970703125,2480.969970703125,2443.919921875,2478.1298828125
2012-06-05,1338903000,2467.81005859375,2492.530029296875,2467.659912109375,2487.5
2012-06-06,1338989400,2504.080078125,2546.320068359375,2504.080078125,2546.320068359375
2012-06-07,1339075800,2569.239990234375,2570.47998046875,2531.949951171875,2535.409912109375
2012-06-08,1339162200,2529.419921875,2561.570068359375,2522.389892578125,2559.2099609375
2012-06-11,1339421400,2578.72998046875,2579.22998046875,2513.669921875,2517.179931640625
2012-06-12,1339507800,2523.010009765625,2546.830078125,2510.75,2546.199951171875
2012-06-13,1339594200,2541.719970703125,2557.31005859375,2519.68994140625,2527.43994140625
2012-06-14,1339680600,2529.280029296875,2547.31005859375,2515.169921875,2539.969970703125
2012-06-15,1339767000,2543.85009765625,2572.840087890625,2542.510009765625,2571.22998046875
2012-06-18,1340026200,2570.97998046875,2599.52001953125,2554.830078125,2592.52001953125
2012-06-19,1340112600,2606.429931640625,2630.860107421875,2605.159912109375,2620.830078125
2012-06-20,1340199000,2625,2633.2099609375,2603.320068359375,2623.330078125
2012-06-21,1340285400,2619.97998046875,2622.760009765625,2554.64990234375,2556.9599609375
2012-06-22,1340371800,2562.280029296875,2587,2559.260009765625,2585.530029296875
2012-06-25,1340631000,2562.97998046875,2563.090087890625,2527.010009765625,2533.5400390625
2012-06-26,1340717400,2541.2099609375,2556.919921875,2531.60009765625,2549.840087890625
2012-06-27,1340803800,2558.669921875,2576.090087890625,2557.090087890625,2565.530029296875
2012-06-28,1340890200,2565.530029296875,2565.530029296875,2510.3701171875,2536.64990234375
2012-06-29,1340976600,2566.840087890625,2615.820068359375,2566.840087890625,2615.719970703125
2012-07-02,1341235800,2616.52001953125,2625.260009765625,2604.89990234375,2625.030029296875
2012-07-03,1341322200,2623.4599609375,2645.840087890625,2621.77001953125,2645.840087890625
2012-07-05,1341495000,2643.6298828125,2660.260009765625,2629.909912109375,2647.469970703125
2012-07-06,1341581400,2635.64990234375,2636.9599609375,2596.10009765625,2612.2900390625
2012-07-09,1341840600,2610.3798828125,2620.219970703125,2597.27001953125,2610.31005859375
2012-07-10,1341927000,2620.330078125,2630.030029296875,2574.260009765625,2585.52001953125
2012-07-11,1342013400,2580.070068359375,2587.02001953125,2549.050048828125,2570.989990234375
2012-07-12,1342099800,2561.679931640625,2561.679931640625,2522.889892578125,2545.300048828125
2012-07-13,1342186200,2545.97998046875,2589.929931640625,2545.97998046875,2584.969970703125
2012-07-16,1342445400,2579.9599609375,2589.570068359375,2567.449951171875,2577.050048828125
2012-07-17,1342531800,2591.780029296875,2598.469970703125,2554.340087890625,2591.64990234375
2012-07-18,1342618200,2586.860107421875,2633.02001953125,2585.47998046875,2625.8701171875
2012-07-19,1342704600,2645.340087890625,2663.1201171875,2639.409912109375,2655.81005859375
2012-07-20,1342791000,2654.60009765625,2654.60009765625,2618.0400390625,2618.0400390625
2012-07-23,1343050200,2575.2900390625,2596.610107421875,2549.9599609375,2589.929931640625
2012-07-24,1343136600,2593.389892578125,2596.0400390625,2551.35009765625,2567.4599609375
2012-07-25,1343223000,2551.699951171875,2566.4599609375,2535.0400390625,2549.199951171875
2012-07-26,1343309400,2588.199951171875,2598.360107421875,2568.330078125,2584.85009765625
2012-07-27,1343395800,2600.030029296875,2649.97998046875,2594.840087890625,2647.030029296875
2012-07-30,1343655000,2649.780029296875,2662.6201171875,2634.5,2642.1201171875
2012-07-31,1343741400,2643.280029296875,2657.27001953125,2640.260009765625,2642.530029296875
2012-08-01,1343827800,2660.489990234375,2661.840087890625,2625.080078125,2635.1298828125
2012-08-02,1343914200,2616.0400390625,2650.97998046875,2606.5400390625,2625.52001953125
2012-08-03,1344000600,2664.68994140625,2684.580078125,2657.5,2676
2012-08-06,1344259800,2686.3798828125,2705.7099609375,2681.719970703125,2694.090087890625
2012-08-07,1344346200,2705.969970703125,2727.31005859375,2701.89990234375,2717.159912109375
2012-08-08,1344432600,2707.2900390625,2721.02001953125,2705.469970703125,2714.02001953125
2012-08-09,1344519000,2712.969970703125,2724.429931640625,2708.239990234375,2719.610107421875
2012-08-10,1344605400,2710.550048828125,2722.9599609375,2704.909912109375,2722.9599609375
2012-08-13,1344864600,2721.489990234375,2728.8798828125,2708.3798828125,2728.679931640625
2012-08-14,1344951000,2737.85009765625,2742.830078125,2721.1201171875,2727.7900390625
2012-08-15,1345037400,2724.7099609375,2739.139892578125,2724.7099609375,2735.469970703125
2012-08-16,1345123800,2743.8798828125,2774.219970703125,2742.820068359375,2768.090087890625
2012-08-17,1345210200,2775.530029296875,2780.77001953125,2767.0400390625,2780.300048828125
2012-08-20,1345469400,2777.7099609375,2784.570068359375,2767.72998046875,2784.330078125
2012-08-21,1345555800,2791.739990234375,2802.909912109375,2762.89990234375,2772.199951171875
2012-08-22,1345642200,2765.10009765625,2790.300048828125,2759.139892578125,2783.419921875
2012-08-23,1345728600,2773.97998046875,2780.7099609375,2755.139892578125,2762.02001953125
2012-08-24,1345815000,2754.429931640625,2785.340087890625,2750.639892578125,2778.050048828125
2012-08-27,1346074200,2792,2794.27001953125,2777.360107421875,2782.550048828125
2012-08-28,1346160600,2779.169921875,2790.510009765625,2772.25,2782.68994140625
2012-08-29,1346247000,2782.97998046875,2790.169921875,2771.989990234375,2784
2012-08-30,1346333400,2771.43994140625,2772.6201171875,2751.530029296875,2753.739990234375
2012-08-31,1346419800,2773.239990234375,2785.080078125,2746.679931640625,2772.239990234375
2012-09-04,1346765400,2766.929931640625,2781.080078125,2744.2900390625,2772.030029296875
2012-09-05,1346851800,2769.18994140625,2780.56005859375,2760.659912109375,2766.949951171875
2012-09-06,1346938200,2785.010009765625,2829.7099609375,2784.81005859375,2829.7099609375
2012-09-07,1347024600,2823.219970703125,2829.949951171875,2817.47998046875,2825.110107421875
2012-09-10,1347283800,2821.030029296875,2823.340087890625,2787.330078125,2788.35009765625
2012-09-11,1347370200,2789.090087890625,2799.85009765625,2780.239990234375,2784.889892578125
2012-09-12,1347456600,2794.3798828125,2798.969970703125,2775.39990234375,2791.679931640625
2012-09-13,1347543000,2796.719970703125,2841.679931640625,2792.179931640625,2831.35009765625
2012-09-14,1347629400,2841.820068359375,2865.3701171875,2839.47998046875,2855.22998046875
2012-09-17,1347888600,2857.52001953125,2857.52001953125,2846.169921875,2856.43994140625
2012-09-18,1347975000,2852.419921875,2859.340087890625,2848.909912109375,2857.3798828125
2012-09-19,1348061400,2858.5400390625,2871.10009765625,2850.320068359375,2864.030029296875
2012-09-20,1348147800,2850.43994140625,2863.669921875,2842.590087890625,2861.699951171875
2012-09-21,1348234200,2874.530029296875,2878.3798828125,2859.550048828125,2861.639892578125
2012-09-24,1348493400,2836.35009765625,2849.610107421875,2832.530029296875,2843.97998046875
2012-09-25,1348579800,2851.64990234375,2858.679931640625,2804.1298828125,2804.530029296875
2012-09-26,1348666200,2798.929931640625,2802.280029296875,2768.580078125,2781.6298828125
2012-09-27,1348752600,2790.780029296875,2827,2784.6201171875,2821.60009765625
2012-09-28,1348839000,2812.820068359375,2820.360107421875,2795.5400390625,2799.18994140625
2012-10-01,1349098200,2811.449951171875,2827.610107421875,2784.5400390625,2794.280029296875
2012-10-02,1349184600,2807.080078125,2812.2099609375,2779.010009765625,2799.2900390625
2012-10-03,1349271000,2810.159912109375,2822.56005859375,2797.280029296875,2818.840087890625
2012-10-04,1349357400,2824.889892578125,2835.330078125,2814.449951171875,2828.60009765625
2012-10-05,1349443800,2840.18994140625,2845.969970703125,2806.43994140625,2811.93994140625
2012-10-08,1349703000,2797.330078125,2801.85009765625,2781.3798828125,2786.919921875
2012-10-09,1349789400,2781.81005859375,2781.81005859375,2736.97998046875,2741.919921875
2012-10-10,1349875800,2743.580078125,2749.419921875,2724.3798828125,2728.5400390625
2012-10-11,1349962200,2750.81005859375,2750.81005859375,2718.489990234375,2719.2099609375
2012-10-12,1350048600,2719.68994140625,2734.39990234375,2714.169921875,2720.139892578125
2012-10-15,1350307800,2729.199951171875,2742.699951171875,2713.219970703125,2739.8701171875
2012-10-16,1350394200,2746.139892578125,2781.010009765625,2743.449951171875,2778.3798828125
2012-10-17,1350480600,2763.699951171875,2784.81005859375,2760.300048828125,2775.6201171875
2012-10-18,1350567000,2770.050048828125,2775.830078125,2734.60009765625,2744.169921875
2012-10-19,1350653400,2741.580078125,2741.580078125,2675.570068359375,2678.320068359375
2012-10-22,1350912600,2678.889892578125,2699.080078125,2671.5,2694.56005859375
2012-10-23,1350999000,2670.93994140625,2689.47998046875,2658.77001953125,2666.02001953125
2012-10-24,1351085400,2685.550048828125,2686.510009765625,2653.429931640625,2655.550048828125
2012-10-25,1351171800,2677.1298828125,2679.81005859375,2649.18994140625,2657.659912109375
2012-10-26,1351258200,2657.909912109375,2675.919921875,2636.830078125,2665.830078125
2012-10-31,1351690200,2663.56005859375,2665.8798828125,2639.6298828125,2647.919921875
2012-11-01,1351776600,2661.050048828125,2690.719970703125,2657.110107421875,2687.52001953125
2012-11-02,1351863000,2701.909912109375,2701.909912109375,2654.969970703125,2656.280029296875
2012-11-05,1352125800,2657.72998046875,2678.93994140625,2651.3701171875,2672.909912109375
2012-11-06,1352212200,2676.14990234375,2696.4599609375,2668.449951171875,2681.050048828125
2012-11-07,1352298600,2647.510009765625,2651.260009765625,2602.2900390625,2612.68994140625
2012-11-08,1352385000,2620.25,2626.419921875,2572.429931640625,2572.570068359375
2012-11-09,1352471400,2574.8701171875,2610.169921875,2571.860107421875,2584.10009765625
2012-11-12,1352730600,2596.570068359375,2600.64990234375,2575.610107421875,2582.77001953125
2012-11-13,1352817000,2558.860107421875,2586.590087890625,2554.52001953125,2561.860107421875
2012-11-14,1352903400,2574.6201171875,2577.570068359375,2528.360107421875,2531.8701171875
2012-11-15,1352989800,2534.239990234375,2542.169921875,2514.860107421875,2524.360107421875
2012-11-16,1353076200,2525.889892578125,2541.340087890625,2494.3798828125,2534.159912109375
2012-11-19,1353335400,2564.22998046875,2596.75,2562.52001953125,2595.830078125
2012-11-20,1353421800,2592.27001953125,2598.469970703125,2570.659912109375,2594.659912109375
2012-11-21,1353508200,2596.02001953125,2604.510009765625,2587.860107421875,2600.47998046875
2012-11-23,1353681000,2617.8701171875,2640.389892578125,2614.239990234375,2639.590087890625
2012-11-26,1353940200,2634.429931640625,2652.070068359375,2626.06005859375,2651.669921875
2012-11-27,1354026600,2649.93994140625,2659.35009765625,2637.60009765625,2641.419921875
2012-11-28,1354113000,2627.570068359375,2666.31005859375,2613.219970703125,2665.27001953125
2012-11-29,1354199400,2677.6298828125,2688.949951171875,2667.31005859375,2680.030029296875
2012-11-30,1354285800,2680.550048828125,2682.360107421875,2668.169921875,2677.8798828125
2012-12-03,1354545000,2697.43994140625,2699.0400390625,2669.830078125,2671.840087890625
2012-12-04,1354631400,2671.1201171875,2674.030029296875,2651.4599609375,2667.889892578125
2012-12-05,1354717800,2660.679931640625,2663.43994140625,2624.510009765625,2637.889892578125
2012-12-06,1354804200,2631.159912109375,2663.010009765625,2623.6201171875,2656.300048828125
2012-12-07,1354890600,2667.43994140625,2671.570068359375,2631.469970703125,2640.5400390625
2012-12-10,1355149800,2634.5400390625,2661.35009765625,2632.25,2647.570068359375
2012-12-11,1355236200,2665.97998046875,2696.89990234375,2664.10009765625,2682.070068359375
2012-12-12,1355322600,2694.39990234375,2694.429931640625,2668.510009765625,2674.570068359375
2012-12-13,1355409000,2667.360107421875,2688.43994140625,2643.139892578125,2654.010009765625
2012-12-14,1355495400,2635.909912109375,2643.969970703125,2620.080078125,2628.090087890625
2012-12-17,1355754600,2629.760009765625,2664.719970703125,2627.3701171875,2664.260009765625
2012-12-18,1355841000,2675.43994140625,2708.47998046875,2669.830078125,2705.389892578125
2012-12-19,1355927400,2709.610107421875,2713.389892578125,2690.989990234375,2690.989990234375
2012-12-20,1356013800,2697.60009765625,2698.7099609375,2679.550048828125,2693.550048828125
2012-12-21,1356100200,2641.9599609375,2667.699951171875,2639.64990234375,2664.669921875
2012-12-24,1356359400,2658.64990234375,2662.030029296875,2653.580078125,2658.050048828125
2012-12-26,1356532200,2657.409912109375,2663.56005859375,2627.52001953125,2637.179931640625
2012-12-27,1356618600,2636.35009765625,2641.110107421875,2599.6298828125,2632.93994140625
2012-12-28,1356705000,2612.18994140625,2631.7099609375,2604.9599609375,2606.360107421875
2012-12-31,1356964200,2600.919921875,2665.72998046875,2598.570068359375,2660.929931640625
2013-01-02,1357137000,2727.669921875,2746.5,2716.300048828125,2746.469970703125
2013-01-03,1357223400,2742.1298828125,2750.820068359375,2723.669921875,2732.260009765625
2013-01-04,1357309800,2730.530029296875,2732.159912109375,2716.0400390625,2724.489990234375
2013-01-07,1357569000,2713.43994140625,2727.679931640625,2707.110107421875,2724.219970703125
2013-01-08,1357655400,2724.760009765625,2730.159912109375,2703.75,2718.719970703125
2013-01-09,1357741800,2724.169921875,2735.419921875,2720.050048828125,2727.64990234375
2013-01-10,1357828200,2746.679931640625,2749.18994140625,2719.679931640625,2744.179931640625
2013-01-11,1357914600,2743.570068359375,2749.360107421875,2738,2748.260009765625
2013-01-14,1358173800,2733.4599609375,2743.35009765625,2724.070068359375,2735.699951171875
2013-01-15,1358260200,2721.2900390625,2726.27001953125,2710.800048828125,2722.97998046875
2013-01-16,1358346600,2725.6298828125,2742.330078125,2721.6201171875,2734.72998046875
2013-01-17,1358433000,2746.18994140625,2756.679931640625,2740.070068359375,2747.14990234375
2013-01-18,1358519400,2735.89990234375,2743.5400390625,2728.070068359375,2743.239990234375
2013-01-22,1358865000,2744.27001953125,2747.52001953125,2726.860107421875,2746.18994140625
2013-01-23,1358951400,2761.97998046875,2769.31005859375,2756.590087890625,2762.169921875
2013-01-24,1359037800,2724.199951171875,2748.360107421875,2719.830078125,2723.530029296875
2013-01-25,1359124200,2731.330078125,2745.090087890625,2726.72998046875,2736.72998046875
2013-01-28,1359383400,2737.6201171875,2752.5400390625,2735.2099609375,2742.429931640625
2013-01-29,1359469800,2739.389892578125,2749.43994140625,2722.52001953125,2743.580078125
2013-01-30,1359556200,2748.6298828125,2757.090087890625,2732.050048828125,2738.7099609375
2013-01-31,1359642600,2736.1298828125,2751.110107421875,2730.070068359375,2731.530029296875
2013-02-01,1359729000,2751.18994140625,2768.6298828125,2740.64990234375,2763.9599609375
2013-02-04,1359988200,2749.39990234375,2755.64990234375,2715.510009765625,2715.679931640625
2013-02-05,1360074600,2727.820068359375,2762.860107421875,2720.7900390625,2754.989990234375
2013-02-06,1360161000,2745.3798828125,2758.25,2738.469970703125,2746.35009765625
2013-02-07,1360247400,2746.02001953125,2749.139892578125,2716.360107421875,2746.5
2013-02-08,1360333800,2761.050048828125,2780.1298828125,2760.389892578125,2775.56005859375
2013-02-11,1360593000,2774.43994140625,2777.1298828125,2766.31005859375,2774.639892578125
2013-02-12,1360679400,2771.159912109375,2776.7099609375,2761.409912109375,2762.6201171875
2013-02-13,1360765800,2770.699951171875,2783.18994140625,2765.0400390625,2773.77001953125
2013-02-14,1360852200,2760.1201171875,2776.489990234375,2759.739990234375,2771.429931640625
2013-02-15,1360938600,2772.56005859375,2779.070068359375,2756.429931640625,2764.669921875
2013-02-19,1361284200,2770.699951171875,2782.860107421875,2766.860107421875,2782.860107421875
2013-02-20,1361370600,2781,2782.449951171875,2739.27001953125,2739.989990234375
2013-02-21,1361457000,2730.10009765625,2731.25,2700.320068359375,2711.510009765625
2013-02-22,1361543400,2726.27001953125,2737.280029296875,2715.469970703125,2737.280029296875
2013-02-25,1361802600,2756.18994140625,2763.9599609375,2700.969970703125,2700.969970703125
2013-02-26,1361889000,2708.800048828125,2718.06005859375,2689.830078125,2713.02001953125
2013-02-27,1361975400,2714.449951171875,2757.610107421875,2710.18994140625,2741.260009765625
2013-02-28,1362061800,2742.3798828125,2761.280029296875,2738.219970703125,2738.580078125
2013-03-01,1362148200,2725.3798828125,2751.219970703125,2713.489990234375,2747.75
2013-03-04,1362407400,2738.2099609375,2759.840087890625,2734.919921875,2759.530029296875
2013-03-05,1362493800,2776.280029296875,2803.35009765625,2776.1201171875,2799.25
2013-03-06,1362580200,2808.110107421875,2808.179931640625,2788.679931640625,2792.56005859375
2013-03-07,1362666600,2794.68994140625,2804.030029296875,2790.0400390625,2799.489990234375
2013-03-08,1362753000,2809.330078125,2812.72998046875,2792.1298828125,2804.110107421875
2013-03-11,1363008600,2798.1298828125,2812.050048828125,2791.389892578125,2811.860107421875
2013-03-12,1363095000,2803.469970703125,2809.530029296875,2788.219970703125,2800.81005859375
2013-03-13,1363181400,2801.409912109375,2807.699951171875,2787.719970703125,2798.679931640625
2013-03-14,1363267800,2806.409912109375,2812.2900390625,2801.360107421875,2807.300048828125
2013-03-15,1363354200,2810.0400390625,2810.239990234375,2792.22998046875,2799.409912109375
2013-03-18,1363613400,2771.530029296875,2803.449951171875,2767.47998046875,2792.300048828125
2013-03-19,1363699800,2801.10009765625,2807,2763.1201171875,2787.27001953125
2013-03-20,1363786200,2808.929931640625,2811.47998046875,2794.22998046875,2805.909912109375
2013-03-21,1363872600,2779.570068359375,2787.85009765625,2768.7900390625,2774.85009765625
2013-03-22,1363959000,2787.27001953125,2803.9599609375,2783.68994140625,2800.81005859375
2013-03-25,1364218200,2810.75,2816.550048828125,2778.780029296875,2789.449951171875
2013-03-26,1364304600,2803.22998046875,2807.179931640625,2796.389892578125,2806.5
2013-03-27,1364391000,2786.659912109375,2811.7900390625,2783.860107421875,2809.97998046875
2013-03-28,1364477400,2809.489990234375,2820.669921875,2804.530029296875,2818.68994140625
2013-04-01,1364823000,2819.780029296875,2821.47998046875,2789.760009765625,2797.070068359375
2013-04-02,1364909400,2809,2828.639892578125,2808.719970703125,2820.6201171875
2013-04-03,1364995800,2821.969970703125,2825.280029296875,2787.27001953125,2795.0400390625
2013-04-04,1365082200,2794.409912109375,2800.590087890625,2779.340087890625,2794.919921875
2013-04-05,1365168600,2749.639892578125,2774.5400390625,2744.260009765625,2771.75
2013-04-08,1365427800,2772.300048828125,2786.1298828125,2764.340087890625,2786.1298828125
2013-04-09,1365514200,2793.860107421875,2815.070068359375,2780.199951171875,2804.669921875
2013-04-10,1365600600,2812.510009765625,2862.320068359375,2811.85009765625,2859.2099609375
2013-04-11,1365687000,2850.389892578125,2863.659912109375,2848.030029296875,2859.070068359375
2013-04-12,1365773400,2854.469970703125,2857.35009765625,2834.4599609375,2856.47998046875
2013-04-15,1366032600,2841.260009765625,2849.159912109375,2796.389892578125,2797.469970703125
2013-04-16,1366119000,2815.64990234375,2839.3798828125,2810.02001953125,2838.409912109375
2013-04-17,1366205400,2811.330078125,2812.4599609375,2765.449951171875,2781.97998046875
2013-04-18,1366291800,2787.969970703125,2788.18994140625,2730.969970703125,2741.949951171875
2013-04-19,1366378200,2743.39990234375,2785.64990234375,2743.39990234375,2780.4599609375
2013-04-22,1366637400,2791.77001953125,2818.72998046875,2780.820068359375,2810.070068359375
2013-04-23,1366723800,2824.969970703125,2845.39990234375,2810.760009765625,2835.3701171875
2013-04-24,1366810200,2827.35009765625,2844.949951171875,2821.800048828125,2834.1201171875
2013-04-25,1366896600,2841.97998046875,2860.68994140625,2841.02001953125,2848.659912109375
2013-04-26,1366983000,2842.2099609375,2848.530029296875,2828.8798828125,2840.550048828125
2013-04-29,1367242200,2849.5400390625,2877.080078125,2849.0400390625,2866.949951171875
2013-04-30,1367328600,2869.1298828125,2887.8701171875,2859.93994140625,2887.43994140625
2013-05-01,1367415000,2885.35009765625,2892.260009765625,2868.760009765625,2873.35009765625
2013-05-02,1367501400,2877.56005859375,2916.300048828125,2877.260009765625,2911.139892578125
2013-05-03,1367587800,2938.739990234375,2952.219970703125,2937.239990234375,2944.590087890625
2013-05-06,1367847000,2948.89990234375,2959.6298828125,2947.469970703125,2955.360107421875
2013-05-07,1367933400,2960.080078125,2961.760009765625,2942.25,2952.8798828125
2013-05-08,1368019800,2952.31005859375,2969.659912109375,2946.7900390625,2968.239990234375
2013-05-09,1368106200,2960.550048828125,2980.360107421875,2955.699951171875,2961.1201171875
2013-05-10,1368192600,2967.070068359375,2981.02001953125,2962.68994140625,2981.02001953125
2013-05-13,1368451800,2972.9599609375,2989.699951171875,2971.72998046875,2982.090087890625
2013-05-14,1368538200,2981.889892578125,3005.02001953125,2981.889892578125,2996.050048828125
2013-05-15,1368624600,2990.389892578125,3004.52001953125,2982.77001953125,3002.6201171875
2013-05-16,1368711000,3005.050048828125,3019.0400390625,2997.469970703125,2999.340087890625
2013-05-17,1368797400,3017.7900390625,3028.9599609375,3005.25,3028.9599609375
2013-05-20,1369056600,3019.280029296875,3032.860107421875,3011.949951171875,3020.969970703125
2013-05-21,1369143000,3019.89990234375,3036.7099609375,3011.510009765625,3026.449951171875
2013-05-22,1369229400,3027.449951171875,3053.510009765625,2984.840087890625,2999.1298828125
2013-05-23,1369315800,2967.929931640625,3002.550048828125,2966.64990234375,2991.449951171875
2013-05-24,1369402200,2971.360107421875,2991.260009765625,2965.300048828125,2991.02001953125
2013-05-28,1369747800,3024.3798828125,3037,3002.219970703125,3011.93994140625
2013-05-29,1369834200,2996.97998046875,3006.89990234375,2979.89990234375,2994.820068359375
2013-05-30,1369920600,2998.989990234375,3026.360107421875,2998.77001953125,3011.830078125
2013-05-31,1370007000,3001.68994140625,3023.110107421875,2981.760009765625,2981.760009765625
2013-06-03,1370266200,2984.590087890625,2990.800048828125,2950.8701171875,2990.7900390625
2013-06-04,1370352600,2993.06005859375,3007.300048828125,2962.219970703125,2973.68994140625
2013-06-05,1370439000,2961.669921875,2975.830078125,2933.219970703125,2937.139892578125
2013-06-06,1370525400,2940.8701171875,2950.300048828125,2911.93994140625,2950.300048828125
2013-06-07,1370611800,2960.89990234375,2993.1298828125,2955.10009765625,2990.8701171875
2013-06-10,1370871000,2995.030029296875,3004.669921875,2985.5,2990.489990234375
2013-06-11,1370957400,2959.43994140625,2987.85009765625,2952.070068359375,2959.840087890625
2013-06-12,1371043800,2977.679931640625,2978.760009765625,2921.8798828125,2926.139892578125
2013-06-13,1371130200,2924.889892578125,2968.97998046875,2914.199951171875,2962.89990234375
2013-06-14,1371216600,2958.8701171875,2966.1298828125,2939.679931640625,2943.860107421875
2013-06-17,1371475800,2967.330078125,2988.590087890625,2956.919921875,2971.260009765625
2013-06-18,1371562200,2974.919921875,3001.889892578125,2974.610107421875,2996.090087890625
2013-06-19,1371648600,2998.090087890625,3000.219970703125,2959.5,2959.5
2013-06-20,1371735000,2927.6298828125,2938.10009765625,2882.449951171875,2890.330078125
2013-06-21,1371821400,2887.070068359375,2898.39990234375,2853.68994140625,2877.93994140625
2013-06-24,1372080600,2852.64990234375,2869.919921875,2825.179931640625,2848.199951171875
2013-06-25,1372167000,2874.659912109375,2880.929931640625,2851.989990234375,2866.5
2013-06-26,1372253400,2892.429931640625,2899.580078125,2883.9599609375,2893.85009765625
2013-06-27,1372339800,2909.8798828125,2924.340087890625,2905.300048828125,2906.840087890625
2013-06-28,1372426200,2896.699951171875,2927.489990234375,2891.570068359375,2909.60009765625
2013-07-01,1372685400,2933.47998046875,2951,2924.260009765625,2927.35009765625
2013-07-02,1372771800,2924.7900390625,2945.929931640625,2913.47998046875,2929.6298828125
2013-07-03,1372858200,2918.949951171875,2953.85009765625,2916.27001953125,2941.409912109375
2013-07-05,1373031000,2958.260009765625,2963.820068359375,2934.219970703125,2963.219970703125
2013-07-08,1373290200,2976.610107421875,2978.820068359375,2955.3701171875,2966.1298828125
2013-07-09,1373376600,2981.10009765625,2989.929931640625,2966.679931640625,2984.320068359375
2013-07-10,1373463000,2981.219970703125,3004.280029296875,2981.090087890625,3000.659912109375
2013-07-11,1373549400,3032.090087890625,3060.669921875,3030.389892578125,3059.4599609375
2013-07-12,1373635800,3061.889892578125,3079.070068359375,3054.030029296875,3079.070068359375
2013-07-15,1373895000,3077.02001953125,3082.25,3068.030029296875,3079.85009765625
2013-07-16,1373981400,3083.570068359375,3085.199951171875,3069.169921875,3077.469970703125
2013-07-17,1374067800,3084.93994140625,3090.889892578125,3075.9599609375,3085.280029296875
2013-07-18,1374154200,3081.340087890625,3091.2099609375,3071.889892578125,3077.820068359375
2013-07-19,1374240600,3043.06005859375,3049.75,3035.989990234375,3044.929931640625
2013-07-22,1374499800,3061.5,3061.550048828125,3044.760009765625,3055.22998046875
2013-07-23,1374586200,3059.14990234375,3059.3701171875,3029.070068359375,3031.39990234375
2013-07-24,1374672600,3060.47998046875,3060.6298828125,3034.6201171875,3041.159912109375
2013-07-25,1374759000,3054.169921875,3063.760009765625,3040.25,3061.669921875
2013-07-26,1374845400,3046.1201171875,3076.22998046875,3044.3798828125,3076.22998046875
2013-07-29,1375104600,3067.47998046875,3083.340087890625,3062.909912109375,3068.949951171875
2013-07-30,1375191000,3080.199951171875,3099.3798828125,3076.389892578125,3085.330078125
2013-07-31,1375277400,3094.820068359375,3110.010009765625,3087.469970703125,3090.18994140625
2013-08-01,1375363800,3113.219970703125,3128.669921875,3111.280029296875,3126.300048828125
2013-08-02,1375450200,3125.489990234375,3143.52001953125,3118.0400390625,3143.52001953125
2013-08-05,1375709400,3136.77001953125,3145.25,3133.52001953125,3143.18994140625
2013-08-06,1375795800,3136.14990234375,3141.050048828125,3111.5,3122.199951171875
2013-08-07,1375882200,3117.1298828125,3123.919921875,3096.409912109375,3118.68994140625
2013-08-08,1375968600,3134.06005859375,3137.659912109375,3111.360107421875,3130.1298828125
2013-08-09,1376055000,3124.739990234375,3136.699951171875,3109.860107421875,3118.570068359375
2013-08-12,1376314200,3107.06005859375,3130.610107421875,3106.25,3125.929931640625
2013-08-13,1376400600,3130.080078125,3149.239990234375,3106.27001953125,3141.06005859375
2013-08-14,1376487000,3141.969970703125,3144.429931640625,3125.409912109375,3129.449951171875
2013-08-15,1376573400,3089.340087890625,3092.27001953125,3068.070068359375,3076.22998046875
2013-08-16,1376659800,3076.830078125,3090.68994140625,3070.429931640625,3073.909912109375
2013-08-19,1376919000,3074.3798828125,3101.02001953125,3069.469970703125,3069.760009765625
2013-08-20,1377005400,3077.14990234375,3096.419921875,3073.050048828125,3082.169921875
2013-08-21,1377091800,3073.239990234375,3098.6201171875,3061.419921875,3071.469970703125
2013-08-22,1377178200,3085.610107421875,3103.639892578125,3085.419921875,3101.820068359375
2013-08-23,1377264600,3126.25,3127.050048828125,3112.8701171875,3124.27001953125
2013-08-26,1377523800,3127.010009765625,3147.8701171875,3118.52001953125,3122.669921875
2013-08-27,1377610200,3086.169921875,3102.27001953125,3053.260009765625,3059.580078125
2013-08-28,1377696600,3060.9599609375,3085.679931640625,3060.5400390625,3072.169921875
2013-08-29,1377783000,3065.8701171875,3109.070068359375,3065.8701171875,3093.360107421875
2013-08-30,1377869400,3095.169921875,3095.43994140625,3063.070068359375,3073.81005859375
2013-09-03,1378215000,3097.64990234375,3112.419921875,3077.1298828125,3091.760009765625
2013-09-04,1378301400,3100.280029296875,3128.800048828125,3092.9599609375,3124.5400390625
2013-09-05,1378387800,3127.070068359375,3138.06005859375,3125.3798828125,3129.93994140625
2013-09-06,1378474200,3140.97998046875,3148.989990234375,3098.02001953125,3133.3798828125
2013-09-09,1378733400,3146.02001953125,3174.8701171875,3146.02001953125,3169.929931640625
2013-09-10,1378819800,3186.530029296875,3189.239990234375,3173.110107421875,3185.070068359375
2013-09-11,1378906200,3163.77001953125,3180.3701171875,3159.31005859375,3179.860107421875
2013-09-12,1378992600,3179.60009765625,3186.300048828125,3170.139892578125,3175.570068359375
2013-09-13,1379079000,3180.449951171875,3182.110107421875,3161.64990234375,3178.280029296875
2013-09-16,1379338200,3203.18994140625,3204.590087890625,3163.1298828125,3168.68994140625
2013-09-17,1379424600,3177.780029296875,3195.14990234375,3176.580078125,3190.830078125
2013-09-18,1379511000,3198.449951171875,3235.719970703125,3190.010009765625,3231.31005859375
2013-09-19,1379597400,3240.929931640625,3245.1201171875,3231.679931640625,3237.610107421875
2013-09-20,1379683800,3244.429931640625,3248.52001953125,3224.72998046875,3224.72998046875
2013-09-23,1379943000,3242.320068359375,3243.429931640625,3205.5,3219.340087890625
2013-09-24,1380029400,3226.22998046875,3236.840087890625,3209.389892578125,3218.659912109375
2013-09-25,1380115800,3221.199951171875,3226.6201171875,3202.75,3208.550048828125
2013-09-26,1380202200,3222.97998046875,3240.989990234375,3221.169921875,3234.0400390625
2013-09-27,1380288600,3217.43994140625,3235.2900390625,3210.800048828125,3230.300048828125
2013-09-30,1380547800,3190.39990234375,3229.449951171875,3186.860107421875,3218.199951171875
2013-10-01,1380634200,3220.919921875,3254.330078125,3220.919921875,3253.050048828125
2013-10-02,1380720600,3231.570068359375,3256.7099609375,3228.43994140625,3253.260009765625
2013-10-03,1380807000,3247.85009765625,3254.909912109375,3197.3701171875,3213.830078125
2013-10-04,1380893400,3214.050048828125,3246.159912109375,3212.010009765625,3242.570068359375
2013-10-07,1381152600,3215.77001953125,3240.110107421875,3213.010009765625,3215.68994140625
2013-10-08,1381239000,3217.14990234375,3217.14990234375,3152.260009765625,3153.8701171875
2013-10-09,1381325400,3161.35009765625,3161.760009765625,3117.68994140625,3142.5400390625
2013-10-10,1381411800,3179.27001953125,3216.030029296875,3178.669921875,3210.840087890625
2013-10-11,1381498200,3203.489990234375,3237.010009765625,3201.929931640625,3233.830078125
2013-10-14,1381757400,3213.3798828125,3257.18994140625,3212.050048828125,3256.02001953125
2013-10-15,1381843800,3253.9599609375,3269.969970703125,3241.35009765625,3244.659912109375
2013-10-16,1381930200,3261.47998046875,3283.179931640625,3258.800048828125,3281.669921875
2013-10-17,1382016600,3265.909912109375,3301.60009765625,3264.22998046875,3301.280029296875
2013-10-18,1382103000,3330.610107421875,3355.6298828125,3321.780029296875,3353.8798828125
2013-10-21,1382362200,3361.760009765625,3369.739990234375,3351.050048828125,3361.179931640625
2013-10-22,1382448600,3374.169921875,3384.35009765625,3344.179931640625,3366.929931640625
2013-10-23,1382535000,3348.60009765625,3355.469970703125,3330.199951171875,3346.050048828125
2013-10-24,1382621400,3347.969970703125,3367.389892578125,3344.06005859375,3362.3798828125
2013-10-25,1382707800,3394.159912109375,3400.0400390625,3368.590087890625,3383.830078125
2013-10-28,1382967000,3382.179931640625,3390.469970703125,3370.39990234375,3382.679931640625
2013-10-29,1383053400,3397.8798828125,3399.090087890625,3375.570068359375,3391.75
2013-10-30,1383139800,3402.489990234375,3408.280029296875,3372.22998046875,3385.3798828125
2013-10-31,1383226200,3378.510009765625,3400.39990234375,3367.760009765625,3377.72998046875
2013-11-01,1383312600,3392.320068359375,3394.909912109375,3364.64990234375,3379.760009765625
2013-11-04,1383575400,3388.699951171875,3390.179931640625,3374.3798828125,3384.75
2013-11-05,1383661800,3372.949951171875,3395.929931640625,3361.909912109375,3388.820068359375
2013-11-06,1383748200,3396.47998046875,3401.27001953125,3374.280029296875,3385.3798828125
2013-11-07,1383834600,3386.360107421875,3389.2099609375,3318.39990234375,3321.409912109375
2013-11-08,1383921000,3333.919921875,3366.840087890625,3324.699951171875,3366.840087890625
2013-11-11,1384180200,3359.830078125,3369.889892578125,3350.739990234375,3362.97998046875
2013-11-12,1384266600,3351.25,3370.360107421875,3348.85009765625,3365.22998046875
2013-11-13,1384353000,3346.449951171875,3405.60009765625,3346.409912109375,3405.56005859375
2013-11-14,1384439400,3393.25,3418.570068359375,3390.3798828125,3415.139892578125
2013-11-15,1384525800,3419.77001953125,3422.580078125,3409.010009765625,3422.580078125
2013-11-18,1384785000,3423.469970703125,3429.199951171875,3383.449951171875,3388.8701171875
2013-11-19,1384871400,3385.820068359375,3400.639892578125,3371.60009765625,3378.1298828125
2013-11-20,1384957800,3386.06005859375,3397.68994140625,3359.31005859375,3367.169921875
2013-11-21,1385044200,3382.5,3404.949951171875,3380.64990234375,3402.739990234375
2013-11-22,1385130600,3409.52001953125,3422.1298828125,3406.39990234375,3422.02001953125
2013-11-25,1385389800,3433.919921875,3437.489990234375,3420.360107421875,3427.489990234375
2013-11-26,1385476200,3429.639892578125,3455.5400390625,3422.469970703125,3445.760009765625
2013-11-27,1385562600,3454.81005859375,3471.64990234375,3451.969970703125,3470.47998046875
2013-11-29,1385735400,3481.31005859375,3495.969970703125,3481.31005859375,3487.820068359375
2013-12-02,1385994600,3496.18994140625,3501.070068359375,3476.679931640625,3481.14990234375
2013-12-03,1386081000,3478.989990234375,3487.02001953125,3465.35009765625,3479.340087890625
2013-12-04,1386167400,3463.719970703125,3493.10009765625,3453.219970703125,3483.010009765625
2013-12-05,1386253800,3484.27001953125,3489.080078125,3468.840087890625,3477.72998046875
2013-12-06,1386340200,3511.06005859375,3511.10009765625,3485.739990234375,3504.260009765625
2013-12-09,1386599400,3515.669921875,3524.010009765625,3511.280029296875,3516.169921875
2013-12-10,1386685800,3510.7099609375,3520.72998046875,3507.419921875,3514.199951171875
2013-12-11,1386772200,3514.239990234375,3519.219970703125,3464.39990234375,3468.989990234375
2013-12-12,1386858600,3471.89990234375,3478.949951171875,3457.9599609375,3460.2900390625
2013-12-13,1386945000,3476.8798828125,3477.830078125,3449.739990234375,3456.39990234375
2013-12-16,1387204200,3470.429931640625,3494.409912109375,3470.110107421875,3475.7900390625
2013-12-17,1387290600,3474.72998046875,3482.340087890625,3461.070068359375,3469.320068359375
2013-12-18,1387377000,3468.14990234375,3510.52001953125,3422.860107421875,3509.6298828125
2013-12-19,1387463400,3499.81005859375,3502.22998046875,3483.030029296875,3498.6298828125
2013-12-20,1387549800,3502.4599609375,3540.969970703125,3502.2900390625,3531.18994140625
2013-12-23,1387809000,3563.18994140625,3570.280029296875,3552.300048828125,3569.39990234375
2013-12-24,1387895400,3570.52001953125,3574.510009765625,3564.590087890625,3572.800048828125
2013-12-26,1388068200,3579.6201171875,3586.719970703125,3572.10009765625,3584.580078125
2013-12-27,1388154600,3589.1201171875,3591.31005859375,3571.050048828125,3574.02001953125
2013-12-30,1388413800,3570.860107421875,3574.199951171875,3559.3701171875,3570.080078125
2013-12-31,1388500200,3576.239990234375,3592,3575.25,3592
2014-01-02,1388673000,3575.60009765625,3577.030029296875,3553.64990234375,3563.570068359375
2014-01-03,1388759400,3564.93994140625,3567.510009765625,3537.610107421875,3538.72998046875
2014-01-06,1389018600,3539.02001953125,3542.52001953125,3512.449951171875,3526.9599609375
2014-01-07,1389105000,3539.2900390625,3562.989990234375,3535.5,3557.85009765625
2014-01-08,1389191400,3558.300048828125,3575.14990234375,3551.1201171875,3567.5400390625
2014-01-09,1389277800,3576.330078125,3579.39990234375,3541.81005859375,3552.580078125
2014-01-10,1389364200,3565.679931640625,3568.469970703125,3536.449951171875,3565.080078125
2014-01-13,1389623400,3559.389892578125,3572.39990234375,3499.3701171875,3512.800048828125
2014-01-14,1389709800,3526.199951171875,3581.60009765625,3525.469970703125,3580.64990234375
2014-01-15,1389796200,3593.81005859375,3615.699951171875,3592.6201171875,3609.840087890625
2014-01-16,1389882600,3605.429931640625,3614.659912109375,3599.8701171875,3611.2900390625
2014-01-17,1389969000,3597.409912109375,3608.719970703125,3580.389892578125,3591.25
2014-01-21,1390314600,3611.6298828125,3617.699951171875,3586.050048828125,3617.699951171875
2014-01-22,1390401000,3623.31005859375,3634.64990234375,3615.47998046875,3627.719970703125
2014-01-23,1390487400,3612.530029296875,3613.8798828125,3588.830078125,3613.760009765625
2014-01-24,1390573800,3596.929931640625,3601,3541.3798828125,3541.47998046875
2014-01-27,1390833000,3543.5,3548.47998046875,3482.889892578125,3509.02001953125
2014-01-28,1390919400,3484.389892578125,3509.800048828125,3483.7099609375,3505.719970703125
2014-01-29,1391005800,3472.419921875,3500.820068359375,3461.639892578125,3467.820068359375
2014-01-30,1391092200,3514.25,3544.2099609375,3508.010009765625,3532.409912109375
2014-01-31,1391178600,3488.3701171875,3539.43994140625,3488.0400390625,3521.919921875
2014-02-03,1391437800,3524.22998046875,3533.47998046875,3433.639892578125,3440.5
2014-02-04,1391524200,3460.1298828125,3480.739990234375,3449.18994140625,3470.199951171875
2014-02-05,1391610600,3457.0400390625,3469.35009765625,3418.8798828125,3454.89990234375
2014-02-06,1391697000,3465.830078125,3502.52001953125,3465.419921875,3497.60009765625
2014-02-07,1391783400,3522.330078125,3563.139892578125,3508.830078125,3561.909912109375
2014-02-10,1392042600,3558.590087890625,3582.840087890625,3557.780029296875,3582.110107421875
2014-02-11,1392129000,3587.580078125,3628.590087890625,3585.080078125,3621.719970703125
2014-02-12,1392215400,3626.139892578125,3635.919921875,3618.06005859375,3627.360107421875
2014-02-13,1392301800,3601.75,3659.56005859375,3600.860107421875,3659.56005859375
2014-02-14,1392388200,3652.8798828125,3671.0400390625,3643.7900390625,3663.8798828125
2014-02-18,1392733800,3668.989990234375,3685.179931640625,3658.639892578125,3679.429931640625
2014-02-19,1392820200,3668.719970703125,3679.68994140625,3646.1298828125,3652.85009765625
2014-02-20,1392906600,3654.85009765625,3676.889892578125,3640.6298828125,3671.929931640625
2014-02-21,1392993000,3683.419921875,3687.159912109375,3661.4599609375,3662.60009765625
2014-02-24,1393252200,3670.070068359375,3701.27001953125,3668.340087890625,3685.81005859375
2014-02-25,1393338600,3689.679931640625,3697.60009765625,3669.530029296875,3679.139892578125
2014-02-26,1393425000,3691.840087890625,3702.090087890625,3663.75,3676.60009765625
2014-02-27,1393511400,3678.31005859375,3704.64990234375,3672.639892578125,3699.800048828125
2014-02-28,1393597800,3703.47998046875,3722.3798828125,3664.830078125,3696.10009765625
2014-03-03,1393857000,3657.320068359375,3678.3798828125,3637.669921875,3668.3701171875
2014-03-04,1393943400,3710.18994140625,3723,3706.820068359375,3719.929931640625
2014-03-05,1394029800,3721.530029296875,3732.97998046875,3715.3798828125,3727.18994140625
2014-03-06,1394116200,3735.85009765625,3738.320068359375,3709.409912109375,3720.929931640625
2014-03-07,1394202600,3736.929931640625,3737.360107421875,3686.93994140625,3703.39990234375
2014-03-10,1394458200,3702.139892578125,3709.780029296875,3683.969970703125,3706.340087890625
2014-03-11,1394544600,3715.889892578125,3725.7099609375,3681.3701171875,3691.5
2014-03-12,1394631000,3678.360107421875,3707.199951171875,3661.8701171875,3707.06005859375
2014-03-13,1394717400,3719.360107421875,3720.6201171875,3636.7900390625,3651.489990234375
2014-03-14,1394803800,3643.2099609375,3656.93994140625,3626.860107421875,3627.8701171875
2014-03-17,1395063000,3653.18994140625,3678.320068359375,3651.139892578125,3662.510009765625
2014-03-18,1395149400,3667.39990234375,3708.260009765625,3664.7900390625,3706.6201171875
2014-03-19,1395235800,3705.510009765625,3709.010009765625,3661.06005859375,3682.739990234375
2014-03-20,1395322200,3675.6201171875,3705.31005859375,3665.830078125,3693.969970703125
2014-03-21,1395408600,3711.469970703125,3717.360107421875,3643.35009765625,3653.070068359375
2014-03-24,1395667800,3665.3798828125,3665.580078125,3585.14990234375,3617.389892578125
2014-03-25,1395754200,3640.260009765625,3659.590087890625,3600.64990234375,3629.72998046875
2014-03-26,1395840600,3645.72998046875,3654.68994140625,3582.840087890625,3582.889892578125
2014-03-27,1395927000,3578.5400390625,3594.080078125,3543.070068359375,3563.1298828125
2014-03-28,1396013400,3576.179931640625,3609.080078125,3560.580078125,3571.489990234375
2014-03-31,1396272600,3598.080078125,3618.419921875,3593.699951171875,3595.739990234375
2014-04-01,1396359000,3615.909912109375,3659.159912109375,3614.159912109375,3658.39990234375
2014-04-02,1396445400,3670.330078125,3676.360107421875,3649.7900390625,3665.989990234375
2014-04-03,1396531800,3670.429931640625,3675.699951171875,3617.409912109375,3637.580078125
2014-04-04,1396618200,3659.919921875,3663.780029296875,3532.280029296875,3539.3798828125
2014-04-07,1396877400,3522.2099609375,3551.2099609375,3482.75,3507.75
2014-04-08,1396963800,3511.820068359375,3543.97998046875,3499,3538.22998046875
2014-04-09,1397050200,3552.070068359375,3602.35009765625,3544.090087890625,3600.43994140625
2014-04-10,1397136600,3597.580078125,3599.639892578125,3479.14990234375,3487.760009765625
2014-04-11,1397223000,3453.239990234375,3502.330078125,3440.550048828125,3446.85009765625
2014-04-14,1397482200,3479.659912109375,3493.169921875,3443.260009765625,3474.6298828125
2014-04-15,1397568600,3484.2900390625,3505.669921875,3414.110107421875,3487.85009765625
2014-04-16,1397655000,3517.5,3533.090087890625,3489.2900390625,3533.090087890625
2014-04-17,1397741400,3526.570068359375,3551.02001953125,3511.27001953125,3534.530029296875
2014-04-21,1398087000,3543.64990234375,3559.949951171875,3525.590087890625,3559.949951171875
2014-04-22,1398173400,3570.510009765625,3596.919921875,3566.8701171875,3588.81005859375
2014-04-23,1398259800,3587.64990234375,3588.050048828125,3555.18994140625,3557.0400390625
2014-04-24,1398346200,3609.830078125,3613.199951171875,3552.929931640625,3591.030029296875
2014-04-25,1398432600,3569.919921875,3573.949951171875,3525.60009765625,3533.10009765625
2014-04-28,1398691800,3546.9599609375,3570.110107421875,3489.60009765625,3545.030029296875
2014-04-29,1398778200,3557.77001953125,3579.030029296875,3538.239990234375,3573.989990234375
2014-04-30,1398864600,3556,3585.5,3548.110107421875,3582.02001953125
2014-05-01,1398951000,3589.659912109375,3613.030029296875,3580.02001953125,3594.360107421875
2014-05-02,1399037400,3608.840087890625,3611.56005859375,3578.530029296875,3587.639892578125
2014-05-05,1399296600,3566.260009765625,3605.260009765625,3556.39990234375,3605.090087890625
2014-05-06,1399383000,3598.27001953125,3599.64990234375,3556.10009765625,3556.510009765625
2014-05-07,1399469400,3561.469970703125,3567.550048828125,3506.35009765625,3546.469970703125
2014-05-08,1399555800,3533.389892578125,3583.639892578125,3524.85009765625,3540.419921875
2014-05-09,1399642200,3537.679931640625,3556.35009765625,3516.239990234375,3555.699951171875
2014-05-12,1399901400,3574.239990234375,3613.3701171875,3572.68994140625,3612.72998046875
2014-05-13,1399987800,3614.909912109375,3625.77001953125,3605.780029296875,3611.1298828125
2014-05-14,1400074200,3603.580078125,3614.6298828125,3585.679931640625,3593.25
2014-05-15,1400160600,3594.590087890625,3598.340087890625,3542.6298828125,3565.169921875
2014-05-16,1400247000,3568.199951171875,3590.409912109375,3545.6298828125,3587.199951171875
2014-05-19,1400506200,3577.85009765625,3618.9599609375,3572.280029296875,3615.6201171875
2014-05-20,1400592600,3612.860107421875,3624.60009765625,3585.8798828125,3600.31005859375
2014-05-21,1400679000,3605.7900390625,3636.469970703125,3605.510009765625,3635.610107421875
2014-05-22,1400765400,3639.489990234375,3660.590087890625,3633.85009765625,3650.860107421875
2014-05-23,1400851800,3656.27001953125,3678.169921875,3646.22998046875,3677.330078125
2014-05-27,1401197400,3693.179931640625,3723.070068359375,3691.090087890625,3723.070068359375
2014-05-28,1401283800,3720.889892578125,3726.719970703125,3708.64990234375,3712.260009765625
2014-05-29,1401370200,3723.27001953125,3735.719970703125,3717.659912109375,3735.719970703125
2014-05-30,1401456600,3738.7099609375,3741.570068359375,3716.090087890625,3736.820068359375
2014-06-02,1401715800,3740.7099609375,3740.7099609375,3707.889892578125,3732.9599609375
2014-06-03,1401802200,3719.169921875,3735.969970703125,3715.4599609375,3730.070068359375
2014-06-04,1401888600,3720,3750.010009765625,3715.239990234375,3743.590087890625
2014-06-05,1401975000,3748.360107421875,3782,3735.18994140625,3776.949951171875
2014-06-06,1402061400,3792.419921875,3795.139892578125,3782.1201171875,3794.570068359375
2014-06-09,1402320600,3795.85009765625,3804.0400390625,3783.89990234375,3795.739990234375
2014-06-10,1402407000,3790.47998046875,3802.4599609375,3786.56005859375,3800.860107421875
2014-06-11,1402493400,3789.409912109375,3803.949951171875,3783.610107421875,3797.85009765625
2014-06-12,1402579800,3790.590087890625,3794.989990234375,3751.68994140625,3763.800048828125
2014-06-13,1402666200,3782.840087890625,3784.840087890625,3759.8701171875,3775.56005859375
2014-06-16,1402925400,3768.3701171875,3789.929931640625,3761.419921875,3779.929931640625
2014-06-17,1403011800,3775.72998046875,3790.919921875,3769.93994140625,3781.320068359375
2014-06-18,1403098200,3786.18994140625,3807.489990234375,3764.530029296875,3804.610107421875
2014-06-19,1403184600,3808.760009765625,3811.239990234375,3783.300048828125,3800.800048828125
2014-06-20,1403271000,3803.10009765625,3807.919921875,3794.510009765625,3802.639892578125
2014-06-23,1403530200,3802.25,3806.18994140625,3794.85009765625,3805.31005859375
2014-06-24,1403616600,3807.489990234375,3837.169921875,3791.1201171875,3799.530029296875
2014-06-25,1403703000,3794.840087890625,3831.85009765625,3792.31005859375,3827.330078125
2014-06-26,1403789400,3826.699951171875,3827.699951171875,3798.6298828125,3826.909912109375
2014-06-27,1403875800,3825.02001953125,3844.889892578125,3823.2099609375,3844.43994140625
2014-06-30,1404135000,3844.449951171875,3860.64990234375,3841.699951171875,3849.47998046875
2014-07-01,1404221400,3864.139892578125,3902.929931640625,3863.81005859375,3894.330078125
2014-07-02,1404307800,3895.179931640625,3904.35009765625,3890.77001953125,3899.27001953125
2014-07-03,1404394200,3911.110107421875,3923.14990234375,3901.330078125,3923.010009765625
2014-07-07,1404739800,3917.889892578125,3923.919921875,3904.669921875,3910.7099609375
2014-07-08,1404826200,3903.3701171875,3906.219970703125,3848.179931640625,3864.070068359375
2014-07-09,1404912600,3873.169921875,3896.3798828125,3863.199951171875,3892.909912109375
2014-07-10,1404999000,3837.2900390625,3895.719970703125,3837.159912109375,3880.0400390625
2014-07-11,1405085400,3888.760009765625,3905.39990234375,3879.39990234375,3904.580078125
2014-07-14,1405344600,3923.60009765625,3937.72998046875,3916.530029296875,3929.4599609375
2014-07-15,1405431000,3934.7900390625,3940.550048828125,3887.5,3914.4599609375
2014-07-16,1405517400,3943.60009765625,3947.489990234375,3927.010009765625,3932.330078125
2014-07-17,1405603800,3921.8701171875,3933.8798828125,3866.219970703125,3878.010009765625
2014-07-18,1405690200,3899.3798828125,3942.14990234375,3894.56005859375,3939.889892578125
2014-07-21,1405949400,3933.110107421875,3941.929931640625,3917.739990234375,3934.139892578125
2014-07-22,1406035800,3950.830078125,3966.10009765625,3949.090087890625,3961.6201171875
2014-07-23,1406122200,3974.659912109375,3990.639892578125,3967.9599609375,3986.18994140625
2014-07-24,1406208600,3994.179931640625,3997.5,3975.659912109375,3983.18994140625
2014-07-25,1406295000,3959.35009765625,3970.43994140625,3945.050048828125,3965.169921875
2014-07-28,1406554200,3966.31005859375,3977,3936.719970703125,3967.239990234375
2014-07-29,1406640600,3974.06005859375,3983.419921875,3957.219970703125,3959.030029296875
2014-07-30,1406727000,3982.10009765625,3989,3960.2900390625,3976.070068359375
2014-07-31,1406813400,3938.31005859375,3948.89990234375,3889.10009765625,3892.5
2014-08-01,1406899800,3886.10009765625,3908.2099609375,3855.35009765625,3879.669921875
2014-08-04,1407159000,3890.6298828125,3922.25,3875.10009765625,3908.77001953125
2014-08-05,1407245400,3891.1298828125,3901.169921875,3858.64990234375,3874.93994140625
2014-08-06,1407331800,3851.43994140625,3896.64990234375,3849.449951171875,3874.27001953125
2014-08-07,1407418200,3889.68994140625,3895.739990234375,3845.199951171875,3857.93994140625
2014-08-08,1407504600,3864.090087890625,3890.6298828125,3848.489990234375,3888.090087890625
2014-08-11,1407763800,3899.97998046875,3921.18994140625,3899.3701171875,3910.4599609375
2014-08-12,1407850200,3904.449951171875,3916.72998046875,3887.580078125,3905.22998046875
2014-08-13,1407936600,3924.469970703125,3949.68994140625,3921.43994140625,3949.199951171875
2014-08-14,1408023000,3953.27001953125,3969.239990234375,3949.080078125,3969.110107421875
2014-08-15,1408109400,3993,3997.080078125,3951.25,3987.510009765625
2014-08-18,1408368600,4007.18994140625,4022.47998046875,4003.4599609375,4020.5
2014-08-19,1408455000,4025.510009765625,4041.5,4024.169921875,4040.1298828125
2014-08-20,1408541400,4032.909912109375,4046.969970703125,4032.199951171875,4040.7099609375
2014-08-21,1408627800,4041,4048.949951171875,4035.75,4047.030029296875
2014-08-22,1408714200,4052.139892578125,4060.89990234375,4040.219970703125,4052.75
2014-08-25,1408973400,4073.47998046875,4079.52001953125,4058.60009765625,4067.47998046875
2014-08-26,1409059800,4073.050048828125,4076.5400390625,4062.72998046875,4071.669921875
2014-08-27,1409146200,4073.39990234375,4078.18994140625,4064.070068359375,4073.179931640625
2014-08-28,1409232600,4059.3701171875,4072.2900390625,4054.610107421875,4066.27001953125
2014-08-29,1409319000,4081.02001953125,4082.969970703125,4062.179931640625,4082.56005859375
2014-09-02,1409664600,4093.1201171875,4095.8701171875,4078.18994140625,4095.81005859375
2014-09-03,1409751000,4103.97021484375,4104.43017578125,4063.489990234375,4070.9599609375
2014-09-04,1409837400,4078.820068359375,4100.77978515625,4056.530029296875,4066.1298828125
2014-09-05,1409923800,4067.3701171875,4089.97998046875,4051.75,4089.919921875
2014-09-08,1410183000,4086.52001953125,4105.5,4076.6298828125,4095.469970703125
2014-09-09,1410269400,4094.02001953125,4110.85986328125,4053.110107421875,4061.8798828125
2014-09-10,1410355800,4063.85009765625,4095.909912109375,4054.610107421875,4094.969970703125
2014-09-11,1410442200,4077.68994140625,4092.7900390625,4060.919921875,4092.64990234375
2014-09-12,1410528600,4087.169921875,4089.6201171875,4057.530029296875,4069.22998046875
2014-09-15,1410787800,4070.199951171875,4070.820068359375,4018.300048828125,4029.889892578125
2014-09-16,1410874200,4012.530029296875,4073.139892578125,4009.97998046875,4067.27001953125
2014-09-17,1410960600,4066.760009765625,4090.949951171875,4048.580078125,4073.570068359375
2014-09-18,1411047000,4084.510009765625,4103.419921875,4080.820068359375,4103.080078125
2014-09-19,1411133400,4113.02001953125,4118.91015625,4084.449951171875,4100.08984375
2014-09-22,1411392600,4091.8701171875,4092.139892578125,4044.989990234375,4061.22998046875
2014-09-23,1411479000,4045.669921875,4069.2099609375,4043.260009765625,4051.570068359375
2014-09-24,1411565400,4055.419921875,4096.27001953125,4041.719970703125,4094.31005859375
2014-09-25,1411651800,4079.3701171875,4087.18994140625,4007.6298828125,4007.820068359375
2014-09-26,1411738200,4016.969970703125,4057.469970703125,4015.02001953125,4053.719970703125
2014-09-29,1411997400,4009.659912109375,4056.429931640625,4008.580078125,4047.179931640625
2014-09-30,1412083800,4054.860107421875,4070.43994140625,4031.699951171875,4049.449951171875
2014-10-01,1412170200,4043.330078125,4043.43994140625,3972.909912109375,3984.739990234375
2014-10-02,1412256600,3984.800048828125,3996.75,3934.93994140625,3985.8701171875
2014-10-03,1412343000,4004.75,4040.56005859375,3995.81005859375,4027.31005859375
2014-10-06,1412602200,4041.39990234375,4046.7099609375,4004.2099609375,4016.27001953125
2014-10-07,1412688600,3999.25,4007.93994140625,3958.43994140625,3958.590087890625
2014-10-08,1412775000,3960.7900390625,4048.7900390625,3938.159912109375,4041.1201171875
2014-10-09,1412861400,4031.6201171875,4040.5400390625,3965.3701171875,3969.320068359375
2014-10-10,1412947800,3946.320068359375,3969.47998046875,3870.860107421875,3870.860107421875
2014-10-13,1413207000,3866.889892578125,3893.659912109375,3807.889892578125,3808
2014-10-14,1413293400,3837.219970703125,3860.0400390625,3801.159912109375,3810.449951171875
2014-10-15,1413379800,3738.719970703125,3801.419921875,3700.22998046875,3785.969970703125
2014-10-16,1413466200,3706.699951171875,3795.080078125,3704.830078125,3765.280029296875
2014-10-17,1413552600,3815.719970703125,3848.97998046875,3791.159912109375,3815.469970703125
2014-10-20,1413811800,3813.60009765625,3872.360107421875,3804.969970703125,3870.080078125
2014-10-21,1413898200,3916.64990234375,3971.39990234375,3908.830078125,3971.389892578125
2014-10-22,1413984600,3980.489990234375,3988.39990234375,3947.97998046875,3949.590087890625
2014-10-23,1414071000,3989.860107421875,4032.219970703125,3984.14990234375,4012.27001953125
2014-10-24,1414157400,4019.840087890625,4045.18994140625,4003.429931640625,4042.02001953125
2014-10-27,1414416600,4031.8798828125,4052.5,4019.22998046875,4046.02001953125
2014-10-28,1414503000,4063.070068359375,4107.18994140625,4062.2099609375,4106.6298828125
2014-10-29,1414589400,4091.6201171875,4104.06005859375,4062.489990234375,4090.550048828125
2014-10-30,1414675800,4074.260009765625,4109.06005859375,4064.449951171875,4100.64013671875
2014-10-31,1414762200,4168.5,4170.8701171875,4143.2001953125,4158.2099609375
2014-11-03,1415025000,4160.60009765625,4179.35986328125,4156.7900390625,4169.27978515625
2014-11-04,1415111400,4154.8798828125,4165.0498046875,4126.72021484375,4156.22998046875
2014-11-05,1415197800,4179.22998046875,4179.93017578125,4140.2099609375,4153.27001953125
2014-11-06,1415284200,4147.31005859375,4165.77001953125,4133.97998046875,4164.080078125
2014-11-07,1415370600,4170.4599609375,4171.1298828125,4139.4599609375,4160.5
2014-11-10,1415629800,4162.58984375,4179.97998046875,4151.47998046875,4175.9501953125
2014-11-11,1415716200,4173.60986328125,4187.31005859375,4165.25,4187.16015625
2014-11-12,1415802600,4174.47021484375,4199.18994140625,4173.02001953125,4195.39990234375
2014-11-13,1415889000,4202.77001953125,4228.68017578125,4194.330078125,4213.47998046875
2014-11-14,1415975400,4214.97021484375,4225.18017578125,4198.58984375,4224.990234375
2014-11-17,1416234600,4215.2900390625,4225.47998046875,4194.18017578125,4213.7900390625
2014-11-18,1416321000,4215.18017578125,4248.18994140625,4214.31982421875,4242.18994140625
2014-11-19,1416407400,4233.7099609375,4235.83984375,4204.16015625,4222.66015625
2014-11-20,1416493800,4204.5400390625,4245.169921875,4202.35986328125,4242.08984375
2014-11-21,1416580200,4284.41015625,4285.27001953125,4237.3798828125,4251.31982421875
2014-11-24,1416839400,4262.08984375,4285,4258.41015625,4284.31982421875
2014-11-25,1416925800,4290.68017578125,4302.43994140625,4279.89990234375,4288.22998046875
2014-11-26,1417012200,4291.8701171875,4319.41015625,4289.509765625,4317.990234375
2014-11-28,1417185000,4330.9599609375,4347.08984375,4326.2099609375,4337.7900390625
2014-12-01,1417444200,4323.9501953125,4332.5498046875,4274.68017578125,4287.81005859375
2014-12-02,1417530600,4291.330078125,4312.919921875,4283.89013671875,4305.9599609375
2014-12-03,1417617000,4312.169921875,4319.02001953125,4287.0400390625,4312.93017578125
2014-12-04,1417703400,4309.47998046875,4327.5498046875,4293.93994140625,4311.93017578125
2014-12-05,1417789800,4318.27978515625,4324.419921875,4302.0400390625,4311.56982421875
2014-12-08,1418049000,4301.27001953125,4320.080078125,4259.009765625,4278.33984375
2014-12-09,1418135400,4228.2099609375,4297.72998046875,4216.8701171875,4294.669921875
2014-12-10,1418221800,4284.5,4297,4218.85009765625,4224.8701171875
2014-12-11,1418308200,4241.68994140625,4296.81005859375,4238.2900390625,4246.47998046875
2014-12-12,1418394600,4207.60986328125,4254.43017578125,4199.27978515625,4199.27978515625
2014-12-15,1418653800,4224.169921875,4236.06005859375,4145.009765625,4157.41015625
2014-12-16,1418740200,4122.22998046875,4190.419921875,4089.18994140625,4089.60009765625
2014-12-17,1418826600,4095.75,4175.97021484375,4089.090087890625,4165.10009765625
2014-12-18,1418913000,4230.35009765625,4267.77001953125,4213.2099609375,4267.77001953125
2014-12-19,1418999400,4272.75,4300.39990234375,4258.330078125,4281.77978515625
2014-12-22,1419258600,4271.8701171875,4295.27001953125,4270.5400390625,4293.669921875
2014-12-23,1419345000,4308.9501953125,4309.02978515625,4274.509765625,4279.2998046875
2014-12-24,1419431400,4283.18994140625,4298.8701171875,4281.7998046875,4283.10009765625
2014-12-26,1419604200,4295.72021484375,4322.4501953125,4294.7998046875,4314.08984375
2014-12-29,1419863400,4309.7001953125,4321.2001953125,4306.669921875,4312.64013671875
2014-12-30,1419949800,4301.14013671875,4309.1298828125,4277.75,4282.35009765625
2014-12-31,1420036200,4294.8798828125,4307.009765625,4233.7099609375,4236.27978515625
2015-01-02,1420209000,4258.60009765625,4276.7099609375,4206.4599609375,4230.240234375
2015-01-05,1420468200,4206.5498046875,4210.9599609375,4151.85009765625,4160.9599609375
2015-01-06,1420554600,4174.77978515625,4176.259765625,4090.330078125,4110.830078125
2015-01-07,1420641000,4139.85009765625,4169.97021484375,4126.39013671875,4160
2015-01-08,1420727400,4195.490234375,4247.93017578125,4192.6298828125,4240.5498046875
2015-01-09,1420813800,4250.97998046875,4253.97021484375,4188.60986328125,4213.27978515625
2015-01-12,1421073000,4221.52001953125,4223.8798828125,4158.10986328125,4169.97021484375
2015-01-13,1421159400,4212.990234375,4252.7001953125,4134.93994140625,4166.2001953125
2015-01-14,1421245800,4122.080078125,4165,4108.31982421875,4145.83984375
2015-01-15,1421332200,4162.10986328125,4169.43994140625,4085.699951171875,4089.64990234375
2015-01-16,1421418600,4087.8798828125,4143.52978515625,4078.85009765625,4142.14013671875
2015-01-20,1421764200,4164.43017578125,4181.33984375,4117.14990234375,4171.2099609375
2015-01-21,1421850600,4158.1298828125,4211.27978515625,4145.81982421875,4192.08984375
2015-01-22,1421937000,4215,4274.14990234375,4173.5400390625,4270.35986328125
2015-01-23,1422023400,4268.52978515625,4292.8798828125,4258.47998046875,4278.14013671875
2015-01-26,1422282600,4271.10009765625,4282.47998046875,4254.47021484375,4275.72021484375
2015-01-27,1422369000,4200.8798828125,4209.41015625,4151.14990234375,4165.5
2015-01-28,1422455400,4233.740234375,4235.14990234375,4140.3798828125,4140.3798828125
2015-01-29,1422541800,4134.52001953125,4189.5400390625,4103.7099609375,4181.35009765625
2015-01-30,1422628200,4178.6201171875,4210.85009765625,4144.02978515625,4148.43017578125
2015-02-02,1422887400,4162.2001953125,4189.08984375,4094.72998046875,4188.58984375
2015-02-03,1422973800,4201.93994140625,4229.14990234375,4174.22998046875,4229.14990234375
2015-02-04,1423060200,4202.43017578125,4248.83984375,4198.740234375,4221.2001953125
2015-02-05,1423146600,4229.6201171875,4258,4220.169921875,4256.18017578125
2015-02-06,1423233000,4259.97998046875,4271.27978515625,4214.89013671875,4228.68017578125
2015-02-09,1423492200,4209.81005859375,4235.240234375,4206.759765625,4216.08984375
2015-02-10,1423578600,4240.0400390625,4286.43017578125,4232.990234375,4281.16015625
2015-02-11,1423665000,4284.759765625,4305.35009765625,4277.64990234375,4297.27978515625
2015-02-12,1423751400,4321.41015625,4347.97021484375,4317.97998046875,4347.97021484375
2015-02-13,1423837800,4359.77978515625,4384.02978515625,4351.02001953125,4384.02978515625
2015-02-17,1424183400,4379.31982421875,4387.31982421875,4370.6298828125,4385.33984375
2015-02-18,1424269800,4378.72998046875,4393.18994140625,4374.22998046875,4390.91015625
2015-02-19,1424356200,4388.919921875,4415.7900390625,4388.43994140625,4411.85986328125
2015-02-20,1424442600,4406.75,4444.6201171875,4397.6201171875,4443.0498046875
2015-02-23,1424701800,4441.259765625,4449.490234375,4430.8701171875,4449.490234375
2015-02-24,1424788200,4442.1298828125,4455.52001953125,4428.81982421875,4451.02978515625
2015-02-25,1424874600,4441.080078125,4461.10986328125,4429.89990234375,4440.58984375
2015-02-26,1424961000,4443.5498046875,4463.81005859375,4430.7900390625,4462.27001953125
2015-02-27,1425047400,4459.85986328125,4464.31005859375,4435.66015625,4440.669921875
2015-03-02,1425306600,4452.7998046875,4483.97021484375,4450.85986328125,4483.0498046875
2015-03-03,1425393000,4466.52978515625,4473.64013671875,4433.509765625,4458.77978515625
2015-03-04,1425479400,4442.41015625,4452.3701171875,4421,4445.35986328125
2015-03-05,1425565800,4454.89013671875,4464.47998046875,4433.93994140625,4452.06005859375
2015-03-06,1425652200,4442.18994140625,4453.93017578125,4389.81982421875,4399.22998046875
2015-03-09,1425907800,4406.8701171875,4424.22021484375,4391.6201171875,4412.990234375
2015-03-10,1425994200,4376.02978515625,4381.6201171875,4329.080078125,4329.080078125
2015-03-11,1426080600,4336.0498046875,4342.8701171875,4304.27978515625,4305.3798828125
2015-03-12,1426167000,4302.72998046875,4339.2001953125,4300.8701171875,4336.22998046875
2015-03-13,1426253400,4328.08984375,4347.8701171875,4289.2998046875,4314.89990234375
2015-03-16,1426512600,4338.2900390625,4371.4599609375,4327.27001953125,4370.47021484375
2015-03-17,1426599000,4355.830078125,4384.97998046875,4349.68994140625,4375.6298828125
2015-03-18,1426685400,4366.7998046875,4440.490234375,4344.490234375,4422.5
2015-03-19,1426771800,4424.7900390625,4440.009765625,4419.83984375,4426.81982421875
2015-03-20,1426858200,4468.2900390625,4478.68017578125,4456.41015625,4458.5400390625
2015-03-23,1427117400,4454.14990234375,4466.33984375,4445.52001953125,4445.5400390625
2015-03-24,1427203800,4444.39013671875,4467.7900390625,4430.97021484375,4430.990234375
2015-03-25,1427290200,4437.3798828125,4442.5400390625,4329.2900390625,4329.2900390625
2015-03-26,1427376600,4288.16015625,4340.16015625,4280.9501953125,4315.259765625
2015-03-27,1427463000,4314.60009765625,4342.93017578125,4309.52001953125,4332.85986328125
2015-03-30,1427722200,4359.77978515625,4384.18017578125,4359.77978515625,4382.81982421875
2015-03-31,1427808600,4364.14013671875,4377.35986328125,4333.68994140625,4333.68994140625
2015-04-01,1427895000,4328.169921875,4334.56005859375,4284.06005859375,4311.259765625
2015-04-02,1427981400,4316.240234375,4327.7900390625,4302.490234375,4316.009765625
2015-04-06,1428327000,4286.16015625,4361.56005859375,4283.91015625,4350.97998046875
2015-04-07,1428413400,4349.2998046875,4379.41015625,4343.740234375,4344.080078125
2015-04-08,1428499800,4345.22998046875,4382.81982421875,4345.08984375,4375.9599609375
2015-04-09,1428586200,4375.77978515625,4405.64990234375,4361.22998046875,4403.9501953125
2015-04-10,1428672600,4402.02001953125,4422.6298828125,4394.3798828125,4422.02001953125
2015-04-13,1428931800,4428.1298828125,4448.2001953125,4407.06982421875,4409.2099609375
2015-04-14,1429018200,4409.2900390625,4418.8701171875,4375.10986328125,4397.64013671875
2015-04-15,1429104600,4409.740234375,4435.27978515625,4406.0400390625,4424.52978515625
2015-04-16,1429191000,4412.14990234375,4427.22021484375,4408.9599609375,4418.830078125
2015-04-17,1429277400,4379.6298828125,4390.31005859375,4333.10986328125,4351.7998046875
2015-04-20,1429536600,4373.64990234375,4423.8798828125,4373.08984375,4417.39990234375
2015-04-21,1429623000,4444.5,4448.68017578125,4430.97998046875,4435.97998046875
2015-04-22,1429709400,4448.580078125,4466.83984375,4419.35009765625,4460.81005859375
2015-04-23,1429795800,4445.169921875,4496.080078125,4444.2900390625,4477.06982421875
2015-04-24,1429882200,4529.72998046875,4543.64013671875,4517.8798828125,4536.77978515625
2015-04-27,1430141400,4548.509765625,4562.330078125,4516.330078125,4525.0400390625
2015-04-28,1430227800,4529.41015625,4537.14990234375,4479.009765625,4515.27001953125
2015-04-29,1430314200,4490.56982421875,4517.009765625,4463.97998046875,4488.14990234375
2015-04-30,1430400600,4459.22998046875,4480.35986328125,4395.10009765625,4414.25
2015-05-01,1430487000,4437.7001953125,4479.06005859375,4435.240234375,4479.06005859375
2015-05-04,1430746200,4491.18994140625,4510.47021484375,4480.85009765625,4482.60986328125
2015-05-05,1430832600,4464.2099609375,4472.22998046875,4407.27001953125,4409.39013671875
2015-05-06,1430919000,4420.2998046875,4429.9599609375,4349.93017578125,4379.75
2015-05-07,1431005400,4377.81005859375,4413.72998046875,4373.2900390625,4401.5498046875
2015-05-08,1431091800,4445,4466.169921875,4441.72998046875,4458.64990234375
2015-05-11,1431351000,4457.6201171875,4468.75,4437.52978515625,4438.64013671875
2015-05-12,1431437400,4412.81982421875,4441.39990234375,4380.52001953125,4420.64990234375
2015-05-13,1431523800,4436.080078125,4460.5400390625,4421.75,4426.56005859375
2015-05-14,1431610200,4461.06982421875,4496.25,4448.3798828125,4495.0400390625
2015-05-15,1431696600,4505.39013671875,4509.1298828125,4482.5498046875,4494.2900390625
2015-05-18,1431955800,4487.14013671875,4521.009765625,4483.759765625,4512.9501953125
2015-05-19,1432042200,4514.669921875,4521.85009765625,4498.52978515625,4503.72021484375
2015-05-20,1432128600,4505.58984375,4533.919921875,4484.52001953125,4505.2998046875
2015-05-21,1432215000,4499.419921875,4537.27978515625,4495.39013671875,4529.47021484375
2015-05-22,1432301400,4522.85986328125,4542.4599609375,4522.60986328125,4527.16015625
2015-05-26,1432647000,4516.6298828125,4521.85009765625,4456.759765625,4472.9599609375
2015-05-27,1432733400,4488.0498046875,4551.52978515625,4479.740234375,4546.06005859375
2015-05-28,1432819800,4537.47998046875,4548.240234375,4523.5498046875,4535.66015625
2015-05-29,1432906200,4532.14990234375,4539.56982421875,4499.64990234375,4508.25
2015-06-01,1433165400,4530.02978515625,4535.43017578125,4488.169921875,4521.85009765625
2015-06-02,1433251800,4503.759765625,4531.080078125,4486.18994140625,4508.89013671875
2015-06-03,1433338200,4531.0400390625,4539.35009765625,4512.43994140625,4519.85986328125
2015-06-04,1433424600,4501.72998046875,4526.2099609375,4475.0498046875,4487.02978515625
2015-06-05,1433511000,4483.43017578125,4493.43017578125,4452.31982421875,4477.18994140625
2015-06-08,1433770200,4476.68994140625,4477.830078125,4423.7998046875,4431.509765625
2015-06-09,1433856600,4421.02001953125,4441.6201171875,4392.4501953125,4427.60986328125
2015-06-10,1433943000,4440.5400390625,4497.509765625,4435.2900390625,4485.4599609375
2015-06-11,1434029400,4498.490234375,4511.31982421875,4483.83984375,4488.47021484375
2015-06-12,1434115800,4467.3798828125,4476.2099609375,4449.2099609375,4453.7900390625
2015-06-15,1434375000,4416.14013671875,4437.97021484375,4396.1298828125,4432.919921875
2015-06-16,1434461400,4428.2998046875,4463.2001953125,4426.18994140625,4455.89990234375
2015-06-17,1434547800,4465.169921875,4482.27001953125,4441.33984375,4468.97998046875
2015-06-18,1434634200,4483.60986328125,4540.68994140625,4483.60986328125,4531.85009765625
2015-06-19,1434720600,4538.7099609375,4539.490234375,4511.2099609375,4513.419921875
2015-06-22,1434979800,4541.85009765625,4557.97998046875,4534.759765625,4544.0400390625
2015-06-23,1435066200,4549.52001953125,4551.77001953125,4529.990234375,4548.740234375
2015-06-24,1435152600,4542.06982421875,4561.64013671875,4523.89990234375,4524.60009765625
2015-06-25,1435239000,4540.39990234375,4546.14990234375,4508.66015625,4514.009765625
2015-06-26,1435325400,4514.3701171875,4523.97021484375,4469.22998046875,4484.27978515625
2015-06-29,1435584600,4433.10986328125,4460.080078125,4377.22998046875,4379.8701171875
2015-06-30,1435671000,4414.85986328125,4420.5,4381.93994140625,4396.759765625
2015-07-01,1435757400,4433.7900390625,4445.89990234375,4409.419921875,4429.22998046875
2015-07-02,1435843800,4440.169921875,4445.830078125,4417.47998046875,4433.39013671875
2015-07-06,1436189400,4394.43994140625,4444.41015625,4394.43994140625,4418.66015625
2015-07-07,1436275800,4422.75,4434.91015625,4344.14990234375,4429.06005859375
2015-07-08,1436362200,4392.509765625,4403.1298828125,4346.419921875,4351.580078125
2015-07-09,1436448600,4410.27001953125,4414.43017578125,4351.509765625,4352.02978515625
2015-07-10,1436535000,4405.990234375,4434.10986328125,4394.009765625,4420.14990234375
2015-07-13,1436794200,4457.759765625,4498.740234375,4456.5400390625,4494.47021484375
2015-07-14,1436880600,4503.2001953125,4537.2099609375,4500.66015625,4523.47021484375
2015-07-15,1436967000,4531.31982421875,4547.18017578125,4517.39990234375,4528.35986328125
2015-07-16,1437053400,4567.06005859375,4595.02001953125,4558.31982421875,4594.89990234375
2015-07-17,1437139800,4635.47998046875,4661.60009765625,4624.68017578125,4661.60009765625
2015-07-20,1437399000,4670.22998046875,4694.1298828125,4657.97998046875,4679.68017578125
2015-07-21,1437485400,4679.5400390625,4686.35986328125,4661.759765625,4674.41015625
2015-07-22,1437571800,4604.97021484375,4643.830078125,4604.52978515625,4623.240234375
2015-07-23,1437658200,4627.56005859375,4641.580078125,4592.490234375,4602.830078125
2015-07-24,1437744600,4630.9501953125,4632.06005859375,4552.39990234375,4557.3701171875
2015-07-27,1438003800,4530.3701171875,4551.990234375,4511.919921875,4519.08984375
2015-07-28,1438090200,4539.47021484375,4568.7900390625,4506.18994140625,4560.22998046875
2015-07-29,1438176600,4570.5,4586.77978515625,4552.759765625,4581.60009765625
2015-07-30,1438263000,4570.77001953125,4606.64990234375,4540.97998046875,4598.58984375
2015-07-31,1438349400,4616.47998046875,4616.47998046875,4584.22021484375,4588.91015625
2015-08-03,1438608600,4595.259765625,4607.52001953125,4549.60009765625,4580.4599609375
2015-08-04,1438695000,4573.25,4584.4501953125,4551.89990234375,4567.47021484375
2015-08-05,1438781400,4592.81005859375,4634.7001953125,4590.18994140625,4602.240234375
2015-08-06,1438867800,4608.68994140625,4612.6201171875,4508.2998046875,4528.509765625
2015-08-07,1438954200,4519.35986328125,4532.4599609375,4485.5,4520.080078125
2015-08-10,1439213400,4558.68017578125,4583.6298828125,4554.6298828125,4573.10986328125
2015-08-11,1439299800,4548.75,4567.68994140625,4491.06005859375,4513.990234375
2015-08-12,1439386200,4475.91015625,4539.18017578125,4436.5400390625,4528.18994140625
2015-08-13,1439472600,4536.9599609375,4556.14013671875,4514.4501953125,4519.31982421875
2015-08-14,1439559000,4512.8798828125,4536.2001953125,4503.830078125,4530.740234375
2015-08-17,1439818200,4516.8798828125,4568.58984375,4507.97998046875,4566.3701171875
2015-08-18,1439904600,4556.22998046875,4562.14990234375,4536.0498046875,4542.06982421875
2015-08-19,1439991000,4525.31982421875,4550.669921875,4486.10986328125,4510.89990234375
2015-08-20,1440077400,4467.7900390625,4484.35986328125,4385.1298828125,4385.1298828125
2015-08-21,1440163800,4313.18994140625,4361.31982421875,4197.27001953125,4197.27001953125
2015-08-24,1440423000,3847.1201171875,4199.7900390625,3787.22998046875,4038.60009765625
2015-08-25,1440509400,4187.27978515625,4207.3798828125,4015.909912109375,4016.320068359375
2015-08-26,1440595800,4141.240234375,4227.85986328125,4052.5400390625,4219.60009765625
2015-08-27,1440682200,4281.6298828125,4328.990234375,4231.14013671875,4324.81982421875
2015-08-28,1440768600,4307.0498046875,4340.7001953125,4295.56005859375,4329.1201171875
2015-08-31,1441027800,4299.8798828125,4324.740234375,4262.08984375,4274.580078125
2015-09-01,1441114200,4177.93994140625,4229.31005859375,4121.830078125,4142.6298828125
2015-09-02,1441200600,4207.68017578125,4256.22998046875,4166.080078125,4256.22998046875
2015-09-03,1441287000,4267.33984375,4300.2998046875,4222.3798828125,4234.64990234375
2015-09-04,1441373400,4175.6201171875,4210.81005859375,4160.43017578125,4184.72021484375
2015-09-08,1441719000,4267.39990234375,4306.5,4247.14013671875,4303.52978515625
2015-09-09,1441805400,4346.35986328125,4352.9599609375,4242.47021484375,4253.4501953125
2015-09-10,1441891800,4248.47998046875,4326.77001953125,4243.68994140625,4296.2998046875
2015-09-11,1441978200,4273.6201171875,4323.22998046875,4268.10009765625,4323.22998046875
2015-09-14,1442237400,4334.85986328125,4334.93994140625,4293.77001953125,4308.759765625
2015-09-15,1442323800,4322.41015625,4373.18994140625,4303.89013671875,4360.27978515625
2015-09-16,1442410200,4357.35986328125,4388.31982421875,4346.47021484375,4383.669921875
2015-09-17,1442496600,4378.990234375,4450.66015625,4368.7998046875,4384.9599609375
2015-09-18,1442583000,4325.2900390625,4374.919921875,4317.08984375,4323.85986328125
2015-09-21,1442842200,4343.77001953125,4372.419921875,4299.93994140625,4336.1298828125
2015-09-22,1442928600,4273.2998046875,4286.60009765625,4233.89990234375,4274.10009765625
2015-09-23,1443015000,4280.009765625,4294.72998046875,4255.06005859375,4273.52978515625
2015-09-24,1443101400,4239.85009765625,4275.64013671875,4198.10986328125,4261.10009765625
2015-09-25,1443187800,4305.39013671875,4308.66015625,4198.9599609375,4224.740234375
2015-09-28,1443447000,4206.68017578125,4207.02001953125,4092.2900390625,4103.47021484375
2015-09-29,1443533400,4110.259765625,4155.31005859375,4053.1201171875,4083.3701171875
2015-09-30,1443619800,4137.18017578125,4181.06005859375,4125.2001953125,4181.06005859375
2015-10-01,1443706200,4185.27978515625,4194.18017578125,4128.33984375,4192.9599609375
2015-10-02,1443792600,4136.9599609375,4267.4501953125,4124.5498046875,4267.4501953125
2015-10-05,1444051800,4296.5400390625,4339.22998046875,4290.25,4331.43017578125
2015-10-06,1444138200,4315.31982421875,4332.02978515625,4273.7001953125,4306.7001953125
2015-10-07,1444224600,4331.8701171875,4342.58984375,4279.2099609375,4333.4599609375
2015-10-08,1444311000,4316.18017578125,4358.08984375,4275.58984375,4350.14990234375
2015-10-09,1444397400,4355.240234375,4378.259765625,4341.509765625,4370.009765625
2015-10-12,1444656600,4378.64013671875,4389.77001953125,4363.9599609375,4382.56005859375
2015-10-13,1444743000,4354.06005859375,4399.93017578125,4349.18017578125,4352.93994140625
2015-10-14,1444829400,4356.81982421875,4373.7099609375,4328.9599609375,4346.919921875
2015-10-15,1444915800,4361.97998046875,4418.25,4357.22021484375,4418.22021484375
2015-10-16,1445002200,4419.9501953125,4438.75,4405.8798828125,4438.6201171875
2015-10-19,1445261400,4428.06005859375,4464.77978515625,4420.7998046875,4462.06982421875
2015-10-20,1445347800,4454.6201171875,4463.10986328125,4424.33984375,4438.18017578125
2015-10-21,1445434200,4462.22021484375,4464.72998046875,4409.89990234375,4413.52001953125
2015-10-22,1445520600,4451.31982421875,4504.7001953125,4438.60009765625,4503.22021484375
2015-10-23,1445607000,4623.72021484375,4645.9599609375,4598.740234375,4624.08984375
2015-10-26,1445866200,4621.14013671875,4638.75,4606.66015625,4630.85009765625
2015-10-27,1445952600,4617.60009765625,4645.93994140625,4617.43994140625,4639.22998046875
2015-10-28,1446039000,4649.10009765625,4678.580078125,4609.93017578125,4678.580078125
2015-10-29,1446125400,4657.77978515625,4678.2001953125,4653,4670.759765625
2015-10-30,1446211800,4676.2998046875,4681.22998046875,4648.830078125,4648.830078125
2015-11-02,1446474600,4658.7900390625,4707.77001953125,4652.4501953125,4703.919921875
2015-11-03,1446561000,4692.02978515625,4735.31005859375,4685.97998046875,4719.0498046875
2015-11-04,1446647400,4729.06982421875,4737.1201171875,4698.83984375,4717.5498046875
2015-11-05,1446733800,4718.509765625,4731.56005859375,4678.7900390625,4702.89990234375
2015-11-06,1446820200,4695.8798828125,4710.47021484375,4665.41015625,4707.22998046875
2015-11-09,1447079400,4687.35009765625,4694.27001953125,4627.1201171875,4655.52001953125
2015-11-10,1447165800,4628.830078125,4647.31982421875,4616.7099609375,4641.72998046875
2015-11-11,1447252200,4657.18994140625,4677.77978515625,4631.06005859375,4636.93994140625
2015-11-12,1447338600,4617.77978515625,4639.259765625,4588.080078125,4588.93017578125
2015-11-13,1447425000,4566.1201171875,4575.7998046875,4499.14990234375,4502.14013671875
2015-11-16,1447684200,4494.56005859375,4566.02978515625,4486.08984375,4565.47021484375
2015-11-17,1447770600,4571.5498046875,4598.27001953125,4554.89013671875,4565.81982421875
2015-11-18,1447857000,4586.240234375,4657.6298828125,4580.72021484375,4653.43994140625
2015-11-19,1447943400,4657.60986328125,4678.02001953125,4648.93994140625,4655.35009765625
2015-11-20,1448029800,4680.509765625,4691.58984375,4674.60986328125,4686.35986328125
2015-11-23,1448289000,4689.97998046875,4706.6201171875,4655.60009765625,4674.7900390625
2015-11-24,1448375400,4645.52001953125,4682.1298828125,4621.6298828125,4669.41015625
2015-11-25,1448461800,4674.22998046875,4683.5498046875,4666.240234375,4672.8798828125
2015-11-27,1448634600,4680.43994140625,4689.580078125,4665.919921875,4680.47021484375
2015-11-30,1448893800,4692.56982421875,4695.06005859375,4654.52978515625,4664.509765625
2015-12-01,1448980200,4685.740234375,4716.16015625,4682.39990234375,4716.16015625
2015-12-02,1449066600,4720.27001953125,4739.75,4680.06005859375,4686.22021484375
2015-12-03,1449153000,4704.2001953125,4705.77978515625,4579.91015625,4606.75
2015-12-04,1449239400,4621.47998046875,4722.39013671875,4612.10986328125,4716.1201171875
2015-12-07,1449498600,4718.5498046875,4720.81982421875,4671.8701171875,4693.6201171875
2015-12-08,1449585000,4646.43017578125,4708.47021484375,4643.64990234375,4694.77001953125
2015-12-09,1449671400,4674.7998046875,4698.25,4595.009765625,4622.14013671875
2015-12-10,1449757800,4627.77001953125,4674,4619.97998046875,4643.0498046875
2015-12-11,1449844200,4583.080078125,4600.91015625,4534.0498046875,4537.56005859375
2015-12-14,1450103400,4535.56005859375,4571.56982421875,4478.25,4570.16015625
2015-12-15,1450189800,4607.2001953125,4636.77001953125,4592.72021484375,4597.330078125
2015-12-16,1450276200,4633.85009765625,4673.5400390625,4582.8701171875,4664.56005859375
2015-12-17,1450362600,4680.6298828125,4681.1298828125,4597.64990234375,4598.14013671875
2015-12-18,1450449000,4578.68994140625,4593.39990234375,4513.22998046875,4514.830078125
2015-12-21,1450708200,4547.919921875,4560.7099609375,4519.81982421875,4560.5498046875
2015-12-22,1450794600,4580.60986328125,4596.080078125,4560.5400390625,4589.259765625
2015-12-23,1450881000,4612.16015625,4626.169921875,4605.35986328125,4624.58984375
2015-12-24,1450967400,4626.31982421875,4635.58984375,4620.7998046875,4622.77001953125
2015-12-28,1451313000,4610.41015625,4621.68017578125,4580.1298828125,4621.35009765625
2015-12-29,1451399400,4645.080078125,4702.740234375,4644.31982421875,4691.080078125
2015-12-30,1451485800,4687.16015625,4688.66015625,4651.72998046875,4652.009765625
2015-12-31,1451572200,4634.16015625,4642.5498046875,4592.8798828125,4593.27001953125
2016-01-04,1451917800,4485.06005859375,4497.85986328125,4439.1298828125,4497.85986328125
2016-01-05,1452004200,4512.0400390625,4522.1201171875,4466.0498046875,4484.18017578125
2016-01-06,1452090600,4409.77978515625,4467.5498046875,4409.490234375,4443.990234375
2016-01-07,1452177000,4349.14013671875,4403.60986328125,4303.66015625,4305.72021484375
2016-01-08,1452263400,4336.1201171875,4362.4599609375,4264.81005859375,4270.77978515625
2016-01-11,1452522600,4300.97021484375,4311.14013671875,4217.6298828125,4283.5498046875
2016-01-12,1452609000,4322.77001953125,4353.18994140625,4273.02001953125,4333.72021484375
2016-01-13,1452695400,4352.64013671875,4359.5,4177.2998046875,4183.1201171875
2016-01-14,1452781800,4201.22998046875,4308.25,4133.31982421875,4272.97021484375
2016-01-15,1452868200,4123.8701171875,4184.68994140625,4085.7900390625,4141.080078125
2016-01-19,1453213800,4199.56005859375,4202.0400390625,4101.0498046875,4147.06982421875
2016-01-20,1453300200,4078.22998046875,4178.64013671875,3992.909912109375,4136.27978515625
2016-01-21,1453386600,4146.4501953125,4200.35986328125,4099.2998046875,4142.60009765625
2016-01-22,1453473000,4226.43994140625,4260.5498046875,4209.240234375,4259.77001953125
2016-01-25,1453732200,4245.47021484375,4268.10986328125,4193.31982421875,4196.52978515625
2016-01-26,1453818600,4211.919921875,4250.97021484375,4177.85009765625,4233.85009765625
2016-01-27,1453905000,4214.93994140625,4226.08984375,4111.93017578125,4128.85986328125
2016-01-28,1453991400,4197.2001953125,4197.47998046875,4116.5,4186.06005859375
2016-01-29,1454077800,4186.35009765625,4279.169921875,4184.31005859375,4279.169921875
2016-02-01,1454337000,4254.41015625,4301.6298828125,4238.2001953125,4286.56005859375
2016-02-02,1454423400,4262.4501953125,4265.0400390625,4180.56982421875,4193.10009765625
2016-02-03,1454509800,4213.669921875,4218.16015625,4099.240234375,4171.97021484375
2016-02-04,1454596200,4158.0498046875,4200.990234375,4120.580078125,4167.77001953125
2016-02-05,1454682600,4150.35009765625,4152.72998046875,4008.449951171875,4024.469970703125
2016-02-08,1454941800,3947.989990234375,3979.090087890625,3888.780029296875,3960.669921875
2016-02-09,1455028200,3903.929931640625,4008.06005859375,3902.739990234375,3947.800048828125
2016-02-10,1455114600,3996.760009765625,4045.47998046875,3962.699951171875,3966.280029296875
2016-02-11,1455201000,3910.570068359375,3988.7099609375,3902.860107421875,3962.219970703125
2016-02-12,1455287400,3996.639892578125,4022.1201171875,3965.739990234375,4019.18994140625
2016-02-16,1455633000,4077.330078125,4104.330078125,4049.8798828125,4104.330078125
2016-02-17,1455719400,4138.43017578125,4204.6201171875,4125.830078125,4199.10009765625
2016-02-18,1455805800,4212.22021484375,4212.580078125,4146.10009765625,4151.490234375
2016-02-19,1455892200,4129.75,4175.080078125,4121.58984375,4164.08984375
2016-02-22,1456151400,4203.60009765625,4235.1201171875,4199.93017578125,4231.27001953125
2016-02-23,1456237800,4209.31982421875,4217.990234375,4158.56005859375,4162.5400390625
2016-02-24,1456324200,4116.02001953125,4205.97998046875,4088.1201171875,4200.66015625
2016-02-25,1456410600,4212.47998046875,4241.25,4173.25,4241.06005859375
2016-02-26,1456497000,4273.58984375,4275.830078125,4227.2900390625,4235.6201171875
2016-02-29,1456756200,4228.56982421875,4263.31005859375,4200.14990234375,4201.1201171875
2016-03-01,1456842600,4238.080078125,4333.60986328125,4225.93017578125,4333.60986328125
2016-03-02,1456929000,4328.72021484375,4335.43017578125,4301.08984375,4334.39013671875
2016-03-03,1457015400,4330.39990234375,4331.490234375,4296.31982421875,4325.85986328125
2016-03-04,1457101800,4334.02978515625,4356.33984375,4301.35009765625,4329
2016-03-07,1457361000,4303.81005859375,4330.27978515625,4271.56005859375,4303.330078125
2016-03-08,1457447400,4272.72021484375,4308.83984375,4258.81982421875,4265.509765625
2016-03-09,1457533800,4281.10009765625,4293.22998046875,4258.080078125,4293.22998046875
2016-03-10,1457620200,4307.8701171875,4335.330078125,4232.080078125,4286.97021484375
2016-03-11,1457706600,4337.1201171875,4361.830078125,4320.5498046875,4361.830078125
2016-03-14,1457962200,4347.93994140625,4378.35009765625,4347.5498046875,4367.330078125
2016-03-15,1458048600,4354.3798828125,4371.2900390625,4339.85986328125,4367.080078125
2016-03-16,1458135000,4359.669921875,4416.10986328125,4357.740234375,4404.2001953125
2016-03-17,1458221400,4390.06005859375,4413.080078125,4376.8701171875,4400.259765625
2016-03-18,1458307800,4408.81982421875,4420.8798828125,4387.7998046875,4410.830078125
2016-03-21,1458567000,4403.08984375,4430.43994140625,4400.35009765625,4426.97998046875
2016-03-22,1458653400,4403.47021484375,4450.759765625,4401.259765625,4437.6201171875
2016-03-23,1458739800,4431.81982421875,4434.759765625,4394.9599609375,4402.56005859375
2016-03-24,1458826200,4380.22998046875,4405.990234375,4374.7099609375,4405.52978515625
2016-03-28,1459171800,4415.0400390625,4417.56982421875,4393.080078125,4398.06982421875
2016-03-29,1459258200,4391.18994140625,4471.77001953125,4384.27001953125,4467.72021484375
2016-03-30,1459344600,4494.7001953125,4518.18017578125,4481.83984375,4490.8798828125
2016-03-31,1459431000,4491.009765625,4504.240234375,4478.1298828125,4483.66015625
2016-04-01,1459517400,4461.77001953125,4534.31982421875,4452.10986328125,4532.080078125
2016-04-04,1459776600,4526.39013671875,4533.43017578125,4503.64990234375,4511.7001953125
2016-04-05,1459863000,4479.10986328125,4494.7099609375,4465.0400390625,4470.75
2016-04-06,1459949400,4476.35009765625,4544.58984375,4476.35009765625,4543.77978515625
2016-04-07,1460035800,4519.02001953125,4525.68994140625,4459.72021484375,4475.2900390625
2016-04-08,1460122200,4506.97021484375,4515.91015625,4459.56005859375,4474.93017578125
2016-04-11,1460381400,4496.259765625,4516.10009765625,4458.47021484375,4458.7099609375
2016-04-12,1460467800,4464.06982421875,4503.89013671875,4435.0498046875,4496.0400390625
2016-04-13,1460554200,4526.919921875,4560.10986328125,4524.259765625,4554.72021484375
2016-04-14,1460640600,4554.66015625,4569.72998046875,4541.66015625,4554.6298828125
2016-04-15,1460727000,4550.31005859375,4558.919921875,4531,4543.16015625
2016-04-18,1460986200,4535.2099609375,4570.580078125,4531.10986328125,4569.31005859375
2016-04-19,1461072600,4573.580078125,4574.3798828125,4515.97998046875,4537.08984375
2016-04-20,1461159000,4539.2001953125,4562.33984375,4523.89990234375,4540.43994140625
2016-04-21,1461245400,4540.7099609375,4558.669921875,4522.85009765625,4540.7998046875
2016-04-22,1461331800,4478.4501953125,4502.39013671875,4440.14013671875,4474.18994140625
2016-04-25,1461591000,4459.669921875,4474.77001953125,4452.8701171875,4474.1298828125
2016-04-26,1461677400,4480.60009765625,4490.06005859375,4439.3798828125,4452.97021484375
2016-04-27,1461763800,4412.81982421875,4426.27978515625,4381.169921875,4416.6298828125
2016-04-28,1461850200,4419.1201171875,4447.2001953125,4355.2998046875,4363.990234375
2016-04-29,1461936600,4367.58984375,4372.97021484375,4307.10009765625,4341.2998046875
2016-05-02,1462195800,4350.830078125,4386.97998046875,4334.58984375,4381.2998046875
2016-05-03,1462282200,4349.080078125,4368.759765625,4329.759765625,4341.39013671875
2016-05-04,1462368600,4314.5,4328.22021484375,4301.06982421875,4312.009765625
2016-05-05,1462455000,4326.91015625,4333.1201171875,4299.60986328125,4309.47998046875
2016-05-06,1462541400,4290.35986328125,4330.240234375,4282,4330.169921875
2016-05-09,1462800600,4331.66015625,4361.8701171875,4329.89990234375,4341.22998046875
2016-05-10,1462887000,4360.72998046875,4404.08984375,4351.16015625,4402.0400390625
2016-05-11,1462973400,4395.8798828125,4407.93017578125,4360.72998046875,4361.02978515625
2016-05-12,1463059800,4376.08984375,4377.85986328125,4312.8798828125,4342.81005859375
2016-05-13,1463146200,4337.830078125,4364.240234375,4318.7001953125,4326.52978515625
2016-05-16,1463405400,4335.330078125,4395.7001953125,4329.89013671875,4380.47998046875
2016-05-17,1463491800,4376.5498046875,4385.06005859375,4311.18017578125,4322.56005859375
2016-05-18,1463578200,4314.33984375,4360.91015625,4305.72998046875,4338.22998046875
2016-05-19,1463664600,4319.85986328125,4331.580078125,4284.3701171875,4315.580078125
2016-05-20,1463751000,4330.06982421875,4379.97998046875,4329.56982421875,4362.89990234375
2016-05-23,1464010200,4364.72998046875,4382.39990234375,4353.35986328125,4355.10009765625
2016-05-24,1464096600,4381.33984375,4449.2099609375,4380.4599609375,4444.2998046875
2016-05-25,1464183000,4459.259765625,4488.52001953125,4453.0498046875,4476.43017578125
2016-05-26,1464269400,4478.56982421875,4494.02978515625,4469.759765625,4487.9599609375
2016-05-27,1464355800,4490.9599609375,4512.5400390625,4489.16015625,4512.5400390625
2016-05-31,1464701400,4513.85009765625,4526.83984375,4497.64990234375,4523.89013671875
2016-06-01,1464787800,4507.18017578125,4530.39013671875,4502.77978515625,4520.06982421875
2016-06-02,1464874200,4510.81005859375,4531.35009765625,4488.080078125,4531.35009765625
2016-06-03,1464960600,4520.97998046875,4523.35986328125,4480.7998046875,4509.7900390625
2016-06-06,1465219800,4517.8798828125,4536.5498046875,4510.330078125,4523.6298828125
2016-06-07,1465306200,4527.85986328125,4532.2998046875,4511.419921875,4513.08984375
2016-06-08,1465392600,4521.10009765625,4529.08984375,4505.39013671875,4520.6298828125
2016-06-09,1465479000,4501.14990234375,4518.5,4494.759765625,4512.68994140625
2016-06-10,1465565400,4473.080078125,4480.47998046875,4447.330078125,4461.0498046875
2016-06-13,1465824600,4436.1201171875,4461.27001953125,4419.72998046875,4422.759765625
2016-06-14,1465911000,4413.7099609375,4439.72998046875,4392.43017578125,4424.91015625
2016-06-15,1465997400,4433.68017578125,4439.60986328125,4404.580078125,4409.509765625
2016-06-16,1466083800,4387.89990234375,4428.27001953125,4362.16015625,4424.22998046875
2016-06-17,1466170200,4409.75,4409.75,4363.6298828125,4374.3798828125
2016-06-20,1466429400,4424.10986328125,4444.06005859375,4397.35986328125,4400.16015625
2016-06-21,1466515800,4408.02978515625,4422.669921875,4398.64013671875,4413.39990234375
2016-06-22,1466602200,4415.4599609375,4442.02001953125,4400.8798828125,4404.72998046875
2016-06-23,1466688600,4437.60986328125,4467.47998046875,4420.16015625,4467.47998046875
2016-06-24,1466775000,4294.7998046875,4373.14990234375,4274.5400390625,4285.7001953125
2016-06-27,1467034200,4247.7099609375,4249,4179.740234375,4201.0498046875
2016-06-28,1467120600,4245.31982421875,4291.43017578125,4245.2900390625,4290.47021484375
2016-06-29,1467207000,4323.330078125,4373.9599609375,4322.35986328125,4364.740234375
2016-06-30,1467293400,4378.75,4417.9599609375,4359.56982421875,4417.7001953125
2016-07-01,1467379800,4411.77001953125,4453.85986328125,4411.759765625,4437.4501953125
2016-07-05,1467725400,4414.35009765625,4418.0400390625,4386.56005859375,4410.75
2016-07-06,1467811800,4388.43017578125,4447.22998046875,4375.72021484375,4444.7001953125
2016-07-07,1467898200,4451.14990234375,4468.31005859375,4438.7998046875,4459.580078125
2016-07-08,1467984600,4484.919921875,4529.72021484375,4476.5,4528.35986328125
2016-07-11,1468243800,4544.330078125,4569.97021484375,4544.330078125,4554.7099609375
2016-07-12,1468330200,4579.85009765625,4588.240234375,4570.56005859375,4577.60986328125
2016-07-13,1468416600,4589.1298828125,4589.9501953125,4565.7001953125,4565.77001953125
2016-07-14,1468503000,4597.18994140625,4604.759765625,4585.7001953125,4596.490234375
2016-07-15,1468589400,4602,4607.18017578125,4579.830078125,4589.830078125
2016-07-18,1468848600,4595.06005859375,4627.56982421875,4591.830078125,4619.68017578125
2016-07-19,1468935000,4601.68017578125,4617.47021484375,4595.3798828125,4603.27978515625
2016-07-20,1469021400,4630.85009765625,4665.669921875,4623.93017578125,4657.2001953125
2016-07-21,1469107800,4662.9501953125,4669.52978515625,4634.06982421875,4647.02001953125
2016-07-22,1469194200,4650.97998046875,4670.5400390625,4635.22021484375,4666.06982421875
2016-07-25,1469453400,4662.89990234375,4667.08984375,4650.5,4665.93017578125
2016-07-26,1469539800,4664.10009765625,4687.89990234375,4648.919921875,4672.10986328125
2016-07-27,1469626200,4711.10986328125,4716.06982421875,4685.10986328125,4702.8798828125
2016-07-28,1469712600,4710.22998046875,4725.77978515625,4696.080078125,4721.41015625
2016-07-29,1469799000,4734.7001953125,4743.25,4715.77001953125,4730.22998046875
2016-08-01,1470058200,4734.43994140625,4767.240234375,4728.72998046875,4756.0400390625
2016-08-02,1470144600,4748.419921875,4752.2900390625,4689.5498046875,4719.2099609375
2016-08-03,1470231000,4716.580078125,4734.330078125,4712.10009765625,4734.330078125
2016-08-04,1470317400,4731.5400390625,4749.08984375,4719.009765625,4743.81005859375
2016-08-05,1470403800,4769.169921875,4799.85986328125,4763.580078125,4791.2099609375
2016-08-08,1470663000,4791.10009765625,4794.14013671875,4770.22021484375,4784.740234375
2016-08-09,1470749400,4787.919921875,4811.02001953125,4786.3798828125,4795.75
2016-08-10,1470835800,4799.830078125,4799.8798828125,4771.97998046875,4783.39013671875
2016-08-11,1470922200,4800.58984375,4813.35986328125,4790.64990234375,4803.31005859375
2016-08-12,1471008600,4794.35009765625,4807.52978515625,4790.490234375,4807.080078125
2016-08-15,1471267800,4814.77001953125,4837.669921875,4812.4501953125,4827.1201171875
2016-08-16,1471354200,4814.2099609375,4814.9599609375,4796.919921875,4797.18994140625
2016-08-17,1471440600,4799.02978515625,4807.0498046875,4772.43017578125,4805.4501953125
2016-08-18,1471527000,4802.330078125,4814.5400390625,4794.2900390625,4808.68017578125
2016-08-19,1471613400,4800.2001953125,4816,4786.27001953125,4806.14013671875
2016-08-22,1471872600,4797.9501953125,4817.35986328125,4791.06005859375,4808.56005859375
2016-08-23,1471959000,4828.7900390625,4836.4501953125,4816.759765625,4818.47998046875
2016-08-24,1472045400,4812.490234375,4821.2998046875,4770.72998046875,4783.490234375
2016-08-25,1472131800,4773.68017578125,4792.47021484375,4768,4775.43017578125
2016-08-26,1472218200,4782.4599609375,4815.580078125,4758.10009765625,4783.68994140625
2016-08-29,1472477400,4787.93017578125,4804.419921875,4784.6298828125,4791.08984375
2016-08-30,1472563800,4787.77001953125,4797.6201171875,4760.27978515625,4775.990234375
2016-08-31,1472650200,4770.22998046875,4775.18994140625,4751.68994140625,4771.0498046875
2016-09-01,1472736600,4774.81005859375,4787.93994140625,4750.240234375,4783.93994140625
2016-09-02,1472823000,4806.14013671875,4816.7001953125,4781.60986328125,4798.740234375
2016-09-06,1473168600,4806.66015625,4829.509765625,4797.33984375,4829.509765625
2016-09-07,1473255000,4829.91015625,4839.58984375,4813.990234375,4831.85986328125
2016-09-08,1473341400,4816.47998046875,4816.47998046875,4791.22021484375,4804
2016-09-09,1473427800,4763.0400390625,4773.77001953125,4681.5400390625,4681.5400390625
2016-09-12,1473687000,4656.58984375,4772.4501953125,4656.509765625,4764.64990234375
2016-09-13,1473773400,4740,4756.2001953125,4701.7900390625,4722.85009765625
2016-09-14,1473859800,4726.75,4770.39013671875,4726.75,4746.06005859375
2016-09-15,1473946200,4749.7099609375,4826.02001953125,4748.669921875,4819.89990234375
2016-09-16,1474032600,4811.7900390625,4821.85009765625,4794.2001953125,4818.0498046875
2016-09-19,1474291800,4833.83984375,4843.759765625,4787.43994140625,4796.06982421875
2016-09-20,1474378200,4813.77978515625,4824.2099609375,4797.77978515625,4805.22021484375
2016-09-21,1474464600,4826.580078125,4858.56982421875,4797.89990234375,4853.75
2016-09-22,1474551000,4879.27978515625,4895.5,4876.3701171875,4891.35986328125
2016-09-23,1474637400,4881.4501953125,4882.419921875,4853.41015625,4858.91015625
2016-09-26,1474896600,4830.169921875,4837.33984375,4812.31982421875,4817.169921875
2016-09-27,1474983000,4813.89013671875,4868.3798828125,4811.27978515625,4866.7099609375
2016-09-28,1475069400,4871.83984375,4877.2998046875,4850.0400390625,4875.27001953125
2016-09-29,1475155800,4868.4599609375,4875.52001953125,4819.02001953125,4838.2998046875
2016-09-30,1475242200,4856.10009765625,4889.22998046875,4846.89990234375,4875.7001953125
2016-10-03,1475501400,4864.6298828125,4872.14013671875,4848.2099609375,4866.6298828125
2016-10-04,1475587800,4880.56982421875,4891.5,4841.72021484375,4859.47021484375
2016-10-05,1475674200,4872.97998046875,4891.35009765625,4870.81005859375,4877.75
2016-10-06,1475760600,4871.9501953125,4883.97021484375,4851.52978515625,4873.919921875
2016-10-07,1475847000,4883.93994140625,4884.7001953125,4840.93017578125,4864.52001953125
2016-10-10,1476106200,4887.72998046875,4904.72021484375,4885.58984375,4893.77001953125
2016-10-11,1476192600,4890.169921875,4890.169921875,4804.240234375,4821.91015625
2016-10-12,1476279000,4824.27001953125,4836.5498046875,4806.330078125,4819.64013671875
2016-10-13,1476365400,4785.58984375,4816.330078125,4760.06982421875,4803.10009765625
2016-10-14,1476451800,4828.89990234375,4845.990234375,4806.72998046875,4808.47998046875
2016-10-17,1476711000,4808.47021484375,4814.8798828125,4790.4501953125,4796.169921875
2016-10-18,1476797400,4849.91015625,4860.68017578125,4837.31005859375,4839.72021484375
2016-10-19,1476883800,4833.81005859375,4845.06982421875,4830.68017578125,4836.60986328125
2016-10-20,1476970200,4831.31005859375,4842.31982421875,4805.83984375,4832.7099609375
2016-10-21,1477056600,4836.5400390625,4853.60986328125,4822.77978515625,4851.85986328125
2016-10-24,1477315800,4884.16015625,4911.58984375,4880.77001953125,4909.97021484375
2016-10-25,1477402200,4908.18017578125,4911.759765625,4885.89990234375,4891.4501953125
2016-10-26,1477488600,4863.52001953125,4886.31982421875,4846.43994140625,4860.58984375
2016-10-27,1477575000,4883.06982421875,4885.830078125,4831.68994140625,4836.4501953125
2016-10-28,1477661400,4820.5,4848.5498046875,4794.06982421875,4805.58984375
2016-10-31,1477920600,4821.31005859375,4823.919921875,4801.16015625,4801.27001953125
2016-11-01,1478007000,4810.2998046875,4811.02001953125,4726.35009765625,4766.93994140625
2016-11-02,1478093400,4764.830078125,4773.64990234375,4717.56005859375,4726.91015625
2016-11-03,1478179800,4718.52978515625,4732.2001953125,4673.0498046875,4679.10009765625
2016-11-04,1478266200,4647.58984375,4697.93994140625,4647.58984375,4660.4599609375
2016-11-07,1478529000,4737.97998046875,4777.06005859375,4731.7900390625,4773.72998046875
2016-11-08,1478615400,4766.47998046875,4824.97021484375,4757.25,4804.919921875
2016-11-09,1478701800,4748.91015625,4832.9501953125,4747.35009765625,4825.18017578125
2016-11-10,1478788200,4849.7099609375,4855.7900390625,4685.740234375,4747.02978515625
2016-11-11,1478874600,4729.14013671875,4759.830078125,4711.9599609375,4751.9501953125
2016-11-14,1479133800,4752.60986328125,4753.27001953125,4677.41015625,4702.0400390625
2016-11-15,1479220200,4733.56982421875,4778.64990234375,4727.97998046875,4764.47021484375
2016-11-16,1479306600,4745.02978515625,4794.56982421875,4742.9501953125,4792.27001953125
2016-11-17,1479393000,4789.7900390625,4826.75,4781.72021484375,4826.58984375
2016-11-18,1479479400,4832.81005859375,4840.81005859375,4804.43994140625,4808.0400390625
2016-11-21,1479738600,4822.02978515625,4862.22998046875,4819.56982421875,4859
2016-11-22,1479825000,4876.919921875,4884.6298828125,4861.080078125,4873.83984375
2016-11-23,1479911400,4856.72021484375,4859.669921875,4832.58984375,4853.85986328125
2016-11-25,1480084200,4861.47021484375,4870.89990234375,4853.0400390625,4870.02001953125
2016-11-28,1480343400,4861.72998046875,4878.8701171875,4852.7099609375,4857.02001953125
2016-11-29,1480429800,4859.85009765625,4896.56982421875,4848.89013671875,4873.2099609375
2016-11-30,1480516200,4876.2998046875,4880.759765625,4810.81005859375,4810.81005859375
2016-12-01,1480602600,4806.77001953125,4810.43994140625,4723.56982421875,4734.10009765625
2016-12-02,1480689000,4734.3798828125,4759.02978515625,4721.41015625,4739.3701171875
2016-12-05,1480948200,4762.33984375,4795.27978515625,4743.52978515625,4778.14013671875
2016-12-06,1481034600,4786.06005859375,4796.580078125,4769.39013671875,4788.669921875
2016-12-07,1481121000,4778.85986328125,4854.31982421875,4765.43994140625,4851.93994140625
2016-12-08,1481207400,4849.75,4869.56005859375,4843.0400390625,4859.18994140625
2016-12-09,1481293800,4878.5400390625,4897.240234375,4877.18017578125,4895.89990234375
2016-12-12,1481553000,4878.0400390625,4882.97998046875,4854.27001953125,4874.2998046875
2016-12-13,1481639400,4893.64990234375,4960.47998046875,4890.14990234375,4935.83984375
2016-12-14,1481725800,4943.64013671875,4955.25,4910.759765625,4921.22021484375
2016-12-15,1481812200,4925.64990234375,4959.89990234375,4919.81005859375,4933.41015625
2016-12-16,1481898600,4945.0400390625,4952.14013671875,4904.3798828125,4914.85986328125
2016-12-19,1482157800,4919.16015625,4963,4911.75,4934.85009765625
2016-12-20,1482244200,4948.33984375,4961.5498046875,4944.31982421875,4953.7998046875
2016-12-21,1482330600,4952.06982421875,4957.4501953125,4938.240234375,4948.91015625
2016-12-22,1482417000,4948.35986328125,4948.35986328125,4917.330078125,4934.39013671875
2016-12-23,1482503400,4927.52978515625,4940.0400390625,4922.9501953125,4940.02001953125
2016-12-27,1482849000,4948.919921875,4992.080078125,4947.58984375,4965.81005859375
2016-12-28,1482935400,4976.419921875,4978.43017578125,4922.08984375,4926.2900390625
2016-12-29,1483021800,4923.93017578125,4933.7099609375,4903.27978515625,4918.27978515625
2016-12-30,1483108200,4925.35986328125,4927.16015625,4853.93017578125,4863.6201171875
2017-01-03,1483453800,4900.85009765625,4928.490234375,4884.52001953125,4911.330078125
2017-01-04,1483540200,4920.7900390625,4944.740234375,4919.7998046875,4937.2099609375
2017-01-05,1483626600,4936.35009765625,4967.89990234375,4935.33984375,4964.9501953125
2017-01-06,1483713000,4973.8701171875,5020.7001953125,4957.81982421875,5007.080078125
2017-01-09,1483972200,5013.81982421875,5033.31982421875,5009.4501953125,5024.89990234375
2017-01-10,1484058600,5027.5,5049.830078125,5016.18994140625,5035.169921875
2017-01-11,1484145000,5033.8798828125,5050.2099609375,5012.64990234375,5050.2099609375
2017-01-12,1484231400,5029.27978515625,5044.3701171875,4995.06982421875,5041.43017578125
2017-01-13,1484317800,5047.56005859375,5066.9501953125,5045.919921875,5059.509765625
2017-01-17,1484663400,5043.06982421875,5053.2001953125,5029.60986328125,5044.64990234375
2017-01-18,1484749800,5050.259765625,5058.2001953125,5039.18017578125,5055.85009765625
2017-01-19,1484836200,5061.10009765625,5078.41015625,5041.2099609375,5051.169921875
2017-01-20,1484922600,5070.14990234375,5085.33984375,5050.02001953125,5063.2001953125
2017-01-23,1485181800,5055.97021484375,5073.240234375,5035.490234375,5065.7001953125
2017-01-24,1485268200,5079.60986328125,5108.22021484375,5068.3701171875,5101.06005859375
2017-01-25,1485354600,5132.8701171875,5153.18017578125,5129,5151.47021484375
2017-01-26,1485441000,5164.1201171875,5168.2001953125,5148.85009765625,5156.919921875
2017-01-27,1485527400,5169.490234375,5172.43017578125,5150.18017578125,5168.06005859375
2017-01-30,1485786600,5146.41015625,5146.8798828125,5098.33984375,5129.330078125
2017-01-31,1485873000,5107.47021484375,5116.7998046875,5086.330078125,5116.77001953125
2017-02-01,1485959400,5157.830078125,5162.4599609375,5128.89990234375,5152.68994140625
2017-02-02,1486045800,5141.27001953125,5162.56005859375,5128.759765625,5147.7001953125
2017-02-03,1486132200,5153.60986328125,5165.47021484375,5147.580078125,5161.60009765625
2017-02-06,1486391400,5154.18017578125,5167.9599609375,5148.06005859375,5167.9599609375
2017-02-07,1486477800,5178.85009765625,5196.27001953125,5174.33984375,5185.8798828125
2017-02-08,1486564200,5176.5,5201.56982421875,5168.97998046875,5196.580078125
2017-02-09,1486650600,5200.169921875,5221.6201171875,5196.06982421875,5212.16015625
2017-02-10,1486737000,5219.81005859375,5234.27001953125,5212.83984375,5226.68994140625
2017-02-13,1486996200,5242.490234375,5262.419921875,5241,5256.81982421875
2017-02-14,1487082600,5251.35986328125,5271.10009765625,5238.68994140625,5271.06982421875
2017-02-15,1487169000,5266.1201171875,5304.33984375,5264.43994140625,5302.39013671875
2017-02-16,1487255400,5306.3798828125,5316.7900390625,5287.5400390625,5300.64013671875
2017-02-17,1487341800,5295.490234375,5324.72021484375,5291.7001953125,5324.72021484375
2017-02-21,1487687400,5334.56982421875,5353.16015625,5330.47021484375,5350.72998046875
2017-02-22,1487773800,5345.18017578125,5354.72998046875,5335.7998046875,5352.1298828125
2017-02-23,1487860200,5358.02978515625,5358.52978515625,5309.990234375,5332.3701171875
2017-02-24,1487946600,5305.22998046875,5343.31005859375,5304.009765625,5343.31005859375
2017-02-27,1488205800,5330.56005859375,5347.8798828125,5322.14013671875,5347.5498046875
2017-02-28,1488292200,5344.18017578125,5347.47021484375,5316.7001953125,5330.31005859375
2017-03-01,1488378600,5368.64990234375,5398.43017578125,5355.3798828125,5390.990234375
2017-03-02,1488465000,5386.33984375,5387.72998046875,5355.52978515625,5363.259765625
2017-03-03,1488551400,5355.2099609375,5373.47998046875,5344.47998046875,5373.47998046875
2017-03-06,1488810600,5352.60986328125,5368.27001953125,5338.60986328125,5360.31005859375
2017-03-07,1488897000,5348.2001953125,5373.259765625,5341.43017578125,5351.27978515625
2017-03-08,1488983400,5351.35009765625,5375.77001953125,5348.72998046875,5359.81005859375
2017-03-09,1489069800,5355.77978515625,5370.66015625,5336.080078125,5363.97998046875
2017-03-10,1489156200,5390.4599609375,5394.66015625,5364.10009765625,5385.89990234375
2017-03-13,1489411800,5387.72998046875,5396.39013671875,5382.02001953125,5394.56982421875
2017-03-14,1489498200,5382.7900390625,5384.8798828125,5360.7001953125,5382.169921875
2017-03-15,1489584600,5392.47998046875,5426.83984375,5375.8798828125,5416.25
2017-03-16,1489671000,5421.4599609375,5423.66015625,5399.27001953125,5412.080078125
2017-03-17,1489757400,5413.47021484375,5423.27978515625,5406.81005859375,5408.759765625
2017-03-20,1490016600,5406.02001953125,5426.47021484375,5400.16015625,5413.31005859375
2017-03-21,1490103000,5433.27978515625,5439.580078125,5328.7099609375,5332.52978515625
2017-03-22,1490189400,5332.64013671875,5372.27001953125,5327.25,5367.5498046875
2017-03-23,1490275800,5356.7099609375,5375.43017578125,5346.2998046875,5355.14013671875
2017-03-24,1490362200,5376.740234375,5392.27978515625,5345.93994140625,5364
2017-03-27,1490621400,5320.9599609375,5383.22021484375,5316.02001953125,5374.27001953125
2017-03-28,1490707800,5371.89990234375,5422.25,5363.2900390625,5407.2099609375
2017-03-29,1490794200,5410.14013671875,5433.35986328125,5405.10009765625,5430.27001953125
2017-03-30,1490880600,5430.31005859375,5446.509765625,5425.2998046875,5439.740234375
2017-03-31,1490967000,5430.990234375,5451.5,5427.5,5436.22998046875
2017-04-03,1491226200,5440.2001953125,5453.43994140625,5403.31005859375,5432.2001953125
2017-04-04,1491312600,5415.52978515625,5441.33984375,5415.2998046875,5440.41015625
2017-04-05,1491399000,5447.27001953125,5479.85986328125,5409.0400390625,5418.52001953125
2017-04-06,1491485400,5423.64990234375,5435.06005859375,5407.8701171875,5420.8798828125
2017-04-07,1491571800,5420.93994140625,5434.18017578125,5400.080078125,5418.3701171875
2017-04-10,1491831000,5423.56982421875,5442.7099609375,5406.580078125,5421.68017578125
2017-04-11,1491917400,5413.91015625,5422.7900390625,5359.14013671875,5398.39990234375
2017-04-12,1492003800,5394.60986328125,5399.5498046875,5370.240234375,5377.02978515625
2017-04-13,1492090200,5370.68994140625,5398.990234375,5353.58984375,5353.58984375
2017-04-17,1492435800,5369.2099609375,5399.2001953125,5367.58984375,5399.2001953125
2017-04-18,1492522200,5383.740234375,5405.5400390625,5377.91015625,5391.66015625
2017-04-19,1492608600,5416.2998046875,5431,5392.27978515625,5399.64013671875
2017-04-20,1492695000,5422.47021484375,5455.8798828125,5413.31982421875,5443.52978515625
2017-04-21,1492781400,5447.27978515625,5450.81005859375,5430.22021484375,5442.0498046875
2017-04-24,1493040600,5503.27001953125,5513.56982421875,5494.4599609375,5508.02978515625
2017-04-25,1493127000,5523.47998046875,5557.93017578125,5521.52001953125,5548.18994140625
2017-04-26,1493213400,5553.60009765625,5563.97021484375,5537.990234375,5541.08984375
2017-04-27,1493299800,5555.27001953125,5573.259765625,5551.5498046875,5571.27978515625
2017-04-28,1493386200,5598.47021484375,5600,5575.2099609375,5583.52978515625
2017-05-01,1493645400,5602.43994140625,5640.47998046875,5600.31005859375,5629.6298828125
2017-05-02,1493731800,5642.41015625,5645.080078125,5625.490234375,5644.06982421875
2017-05-03,1493818200,5624.8798828125,5629.77978515625,5608.16015625,5625.16015625
2017-05-04,1493904600,5623.56982421875,5633.490234375,5606.0498046875,5626.31982421875
2017-05-05,1493991000,5640.77978515625,5646.08984375,5619.60009765625,5646.08984375
2017-05-08,1494250200,5649.18017578125,5659.06982421875,5638,5659.06982421875
2017-05-09,1494336600,5667.97998046875,5691.2099609375,5664,5678.31005859375
2017-05-10,1494423000,5681.330078125,5683.64013671875,5661.43994140625,5681.68017578125
2017-05-11,1494509400,5662.58984375,5675.5,5637.39990234375,5674.22021484375
2017-05-12,1494595800,5683.580078125,5687.419921875,5672.0400390625,5686.81005859375
2017-05-15,1494855000,5687.97021484375,5706.60986328125,5683.10009765625,5704.47998046875
2017-05-16,1494941400,5715.14990234375,5724.7099609375,5699.41015625,5724.43994140625
2017-05-17,1495027800,5673.6201171875,5688.740234375,5578.16015625,5580.5498046875
2017-05-18,1495114200,5569.81005859375,5645.080078125,5568.47021484375,5626.31005859375
2017-05-19,1495200600,5640.7099609375,5673.6298828125,5640.68017578125,5651.56005859375
2017-05-22,1495459800,5662.9501953125,5701.0498046875,5661.58984375,5699.39990234375
2017-05-23,1495546200,5714.93994140625,5716.5498046875,5690.2001953125,5703.35009765625
2017-05-24,1495632600,5720.830078125,5732.56982421875,5705.169921875,5730.2998046875
2017-05-25,1495719000,5748.2900390625,5793.1298828125,5738.81982421875,5778.3701171875
2017-05-26,1495805400,5782.169921875,5790.2001953125,5771.7099609375,5788.35986328125
2017-05-30,1496151000,5785.3798828125,5799.990234375,5781.3701171875,5794.6298828125
2017-05-31,1496237400,5812.97021484375,5813.259765625,5762.56005859375,5788.7998046875
2017-06-01,1496323800,5804.169921875,5816.60009765625,5779.89013671875,5816.509765625
2017-06-02,1496410200,5834.41015625,5881.4599609375,5825.740234375,5881.4599609375
2017-06-05,1496669400,5881.22021484375,5888.919921875,5871.08984375,5878.1201171875
2017-06-06,1496755800,5869.47998046875,5890.8798828125,5848.31982421875,5856.77001953125
2017-06-07,1496842200,5871.77001953125,5883.18994140625,5845.9599609375,5877.58984375
2017-06-08,1496928600,5894.75,5895.18017578125,5852.64990234375,5885.2998046875
2017-06-09,1497015000,5891.669921875,5897.68994140625,5657.759765625,5741.93994140625
2017-06-12,1497274200,5677.16015625,5716.2001953125,5633.33984375,5708.18017578125
2017-06-13,1497360600,5740.2099609375,5760.5400390625,5709.169921875,5751.81982421875
2017-06-14,1497447000,5774.1201171875,5774.2001953125,5682.35009765625,5727.06982421875
2017-06-15,1497533400,5661.35986328125,5707.3701171875,5634.580078125,5700.89013671875
2017-06-16,1497619800,5694.2099609375,5695.740234375,5656.6201171875,5681.47998046875
2017-06-19,1497879000,5729.5400390625,5776.3701171875,5724.490234375,5772.22021484375
2017-06-20,1497965400,5763,5772.169921875,5725.009765625,5726.31005859375
2017-06-21,1498051800,5740.580078125,5784.919921875,5737.009765625,5782.39013671875
2017-06-22,1498138200,5787.43994140625,5802.4599609375,5767.8701171875,5779.8701171875
2017-06-23,1498224600,5775.02978515625,5810.31005859375,5759.7001953125,5803.10986328125
2017-06-26,1498483800,5832.31005859375,5845.14990234375,5765.8701171875,5777.58984375
2017-06-27,1498570200,5752.72021484375,5761.0400390625,5671.60009765625,5671.60009765625
2017-06-28,1498656600,5693.47998046875,5757.22998046875,5660.52978515625,5753.02978515625
2017-06-29,1498743000,5723.31005859375,5723.66015625,5599.43994140625,5653.02001953125
2017-06-30,1498829400,5676.39990234375,5681.89990234375,5637.740234375,5646.919921875
2017-07-03,1499088600,5680.35986328125,5684.97998046875,5592.52978515625,5596.9599609375
2017-07-05,1499261400,5611,5663.60009765625,5593.66015625,5648.81982421875
2017-07-06,1499347800,5606.419921875,5628.83984375,5579.64013671875,5597.89990234375
2017-07-07,1499434200,5618.85009765625,5673.02001953125,5618.85009765625,5656.47021484375
2017-07-10,1499693400,5662.7099609375,5708.6201171875,5650.259765625,5694.14990234375
2017-07-11,1499779800,5687.02978515625,5717.91015625,5667.27001953125,5709.7998046875
2017-07-12,1499866200,5757.2001953125,5785,5749.64990234375,5778.9501953125
2017-07-13,1499952600,5785.31982421875,5806.18017578125,5776.6201171875,5793.35986328125
2017-07-14,1500039000,5815.0400390625,5844.7998046875,5799.85009765625,5838.080078125
2017-07-17,1500298200,5845.81982421875,5860.64013671875,5830.25,5839.740234375
2017-07-18,1500384600,5832.919921875,5880.5498046875,5818.2001953125,5880.10009765625
2017-07-19,1500471000,5898.39990234375,5922.3701171875,5895.5400390625,5916.16015625
2017-07-20,1500557400,5929.580078125,5932.60986328125,5896.60986328125,5921.22021484375
2017-07-21,1500643800,5905.60009765625,5921.52978515625,5890.25,5921.52978515625
2017-07-24,1500903000,5920.93017578125,5950.580078125,5912.740234375,5941.3701171875
2017-07-25,1500989400,5927.10009765625,5945.06005859375,5916.2900390625,5930.64990234375
2017-07-26,1501075800,5944.16015625,5954.3798828125,5939.169921875,5950.72998046875
2017-07-27,1501162200,5994.02001953125,5995.77001953125,5847.0498046875,5917.02978515625
2017-07-28,1501248600,5883.7001953125,5918.31005859375,5868.919921875,5908.919921875
2017-07-31,1501507800,5928.68017578125,5932.3701171875,5871.7900390625,5880.330078125
2017-08-01,1501594200,5900.64013671875,5905.2900390625,5880.4501953125,5895.169921875
2017-08-02,1501680600,5934.06982421875,5936.14990234375,5859.6201171875,5914.22998046875
2017-08-03,1501767000,5915.72998046875,5917.47021484375,5879.72021484375,5891.2001953125
2017-08-04,1501853400,5899.68994140625,5912.56005859375,5877.06005859375,5899.91015625
2017-08-07,1502112600,5909.4501953125,5936.7900390625,5903.75,5934.72998046875
2017-08-08,1502199000,5922.64013671875,5972.93017578125,5910.5,5926.35009765625
2017-08-09,1502285400,5879.5498046875,5920.9599609375,5866.169921875,5919.39013671875
2017-08-10,1502371800,5880.14013671875,5887.27001953125,5783.35986328125,5788.18994140625
2017-08-11,1502458200,5792.31982421875,5844.60986328125,5785.259765625,5831.52978515625
2017-08-14,1502717400,5878.64013671875,5916.330078125,5878,5908.169921875
2017-08-15,1502803800,5917.2900390625,5919.75,5893.85009765625,5907.72998046875
2017-08-16,1502890200,5920.68017578125,5944.97998046875,5899.56005859375,5917.419921875
2017-08-17,1502976600,5896.31982421875,5903.8701171875,5796.31982421875,5796.31982421875
2017-08-18,1503063000,5803.89990234375,5831.080078125,5770.14013671875,5790.91015625
2017-08-21,1503322200,5791.0400390625,5804.2998046875,5750.5,5786.5400390625
2017-08-22,1503408600,5817.2900390625,5879,5817.02001953125,5873.330078125
2017-08-23,1503495000,5842.16015625,5864.77978515625,5840.7099609375,5851.77978515625
2017-08-24,1503581400,5863.990234375,5871.8701171875,5802.77001953125,5834.43994140625
2017-08-25,1503667800,5854.31005859375,5870.47021484375,5815.60009765625,5822.52978515625
2017-08-28,1503927000,5839.27001953125,5852.7998046875,5821.8701171875,5838.080078125
2017-08-29,1504013400,5785.2900390625,5871.7900390625,5785.22021484375,5862.14013671875
2017-08-30,1504099800,5870.8798828125,5940.56982421875,5865.33984375,5932.89990234375
2017-08-31,1504186200,5948.740234375,5995.4501953125,5945.9501953125,5988.60009765625
2017-09-01,1504272600,6001.81982421875,6009.60986328125,5972.27001953125,5987.89990234375
2017-09-05,1504618200,5966.64013671875,5980.91015625,5890.25,5932.72998046875
2017-09-06,1504704600,5949.5400390625,5964.3798828125,5909.919921875,5951.1298828125
2017-09-07,1504791000,5960.43994140625,5980.14990234375,5943.89013671875,5964.31005859375
2017-09-08,1504877400,5957.18994140625,5958.81005859375,5907.9599609375,5913.3701171875
2017-09-11,1505136600,5962.35009765625,5990.8701171875,5960.8701171875,5980.52978515625
2017-09-12,1505223000,5998.75,6002.97021484375,5968.08984375,5995.64013671875
2017-09-13,1505309400,5982.85009765625,6004.47021484375,5974.8798828125,6004.3798828125
2017-09-14,1505395800,5981.85009765625,5997.22998046875,5965.06005859375,5968.81982421875
2017-09-15,1505482200,5965.66015625,6009.4501953125,5957.85009765625,5988
2017-09-18,1505741400,5997.509765625,6012.9501953125,5963.169921875,5981.1201171875
2017-09-19,1505827800,5991.93017578125,5998.240234375,5971.169921875,5991.080078125
2017-09-20,1505914200,5987.72021484375,5994.52978515625,5927.7001953125,5973.60986328125
2017-09-21,1506000600,5965.60009765625,5965.60009765625,5915.740234375,5934.91015625
2017-09-22,1506087000,5912.2001953125,5937.58984375,5911.47998046875,5932.31982421875
2017-09-25,1506346200,5904.06005859375,5908.56982421875,5839.89013671875,5867.35009765625
2017-09-26,1506432600,5893.18017578125,5908.47021484375,5862.990234375,5881.33984375
2017-09-27,1506519000,5912.9599609375,5957.75,5900.35009765625,5937.7900390625
2017-09-28,1506605400,5920.64990234375,5939.22021484375,5908.6201171875,5933.06982421875
2017-09-29,1506691800,5941.77978515625,5980.22021484375,5930.81982421875,5979.2998046875
2017-10-02,1506951000,5988.9599609375,6005.2001953125,5955.830078125,5981.919921875
2017-10-03,1507037400,5986.85009765625,5999.18994140625,5976.64990234375,5995.06005859375
2017-10-04,1507123800,5983.31005859375,6009.81005859375,5976.1201171875,5998.83984375
2017-10-05,1507210200,6018.27001953125,6059.2099609375,6014.77001953125,6057.14013671875
2017-10-06,1507296600,6037.43994140625,6064.669921875,6037.02001953125,6064.56982421875
2017-10-09,1507555800,6071.9599609375,6078.81005859375,6051.330078125,6058.52978515625
2017-10-10,1507642200,6078.27001953125,6084.14013671875,6036.72021484375,6063.52001953125
2017-10-11,1507728600,6062.72998046875,6082.25,6052.43994140625,6081.25
2017-10-12,1507815000,6072.2099609375,6093.759765625,6063.47021484375,6069.990234375
2017-10-13,1507901400,6094.72021484375,6100.06005859375,6087.02978515625,6092.4501953125
2017-10-16,1508160600,6108.66015625,6115.52978515625,6095.6298828125,6114.52978515625
2017-10-17,1508247000,6111.31982421875,6122.81982421875,6103.66015625,6122.60986328125
2017-10-18,1508333400,6128.91015625,6129.490234375,6106.85009765625,6114.35009765625
2017-10-19,1508419800,6074.27978515625,6092.8701171875,6051.47021484375,6092.6201171875
2017-10-20,1508506200,6114.4599609375,6122.56005859375,6102.16015625,6108.81982421875
2017-10-23,1508765400,6122.240234375,6122.240234375,6061.080078125,6067.830078125
2017-10-24,1508851800,6078.02001953125,6090.89013671875,6057.68994140625,6080.22021484375
2017-10-25,1508938200,6069.35009765625,6087.580078125,6011.240234375,6055.0400390625
2017-10-26,1509024600,6056.0498046875,6066.60986328125,6035.9599609375,6037.8701171875
2017-10-27,1509111000,6138.22998046875,6223.52001953125,6129.7998046875,6213.47021484375
2017-10-30,1509370200,6209.7998046875,6250.85009765625,6202.52978515625,6227.58984375
2017-10-31,1509456600,6241.8798828125,6258.419921875,6229.14990234375,6248.56005859375
2017-11-01,1509543000,6274.259765625,6276.669921875,6224.580078125,6248.64990234375
2017-11-02,1509629400,6238.2900390625,6243.740234375,6194.580078125,6236.39013671875
2017-11-03,1509715800,6266.18994140625,6297.6201171875,6237.64990234375,6295.580078125
2017-11-06,1509978600,6292.14990234375,6318.580078125,6291.83984375,6313.60986328125
2017-11-07,1510065000,6314.68994140625,6328.580078125,6299.52978515625,6320.77978515625
2017-11-08,1510151400,6319.02978515625,6346.97998046875,6308.6201171875,6345.81005859375
2017-11-09,1510237800,6295.2900390625,6315.16015625,6248.2900390625,6312.2099609375
2017-11-10,1510324200,6297.14990234375,6313.169921875,6284.22021484375,6309.06982421875
2017-11-13,1510583400,6286.009765625,6325.18017578125,6285.97021484375,6316.18017578125
2017-11-14,1510669800,6293.330078125,6300.4599609375,6263.77001953125,6293.64013671875
2017-11-15,1510756200,6261.27001953125,6276.7998046875,6227.990234375,6258.35986328125
2017-11-16,1510842600,6293.4599609375,6352.47021484375,6293.4599609375,6339.14013671875
2017-11-17,1510929000,6343.64013671875,6345.56005859375,6308.47998046875,6314.509765625
2017-11-20,1511188200,6319.56982421875,6324.58984375,6301.8798828125,6308.60986328125
2017-11-21,1511274600,6336.91015625,6380.06982421875,6336.259765625,6378.6298828125
2017-11-22,1511361000,6384.1298828125,6391.16015625,6371.75,6386.1201171875
2017-11-24,1511533800,6393.330078125,6410.77001953125,6389.39990234375,6409.2900390625
2017-11-27,1511793000,6409.52001953125,6420.2099609375,6392.009765625,6405.97021484375
2017-11-28,1511879400,6419.47998046875,6426.0400390625,6385.31982421875,6422.56005859375
2017-11-29,1511965800,6412.68994140625,6412.68994140625,6279.3701171875,6311.3798828125
2017-11-30,1512052200,6337.33984375,6374.18994140625,6321.43017578125,6365.56005859375
2017-12-01,1512138600,6325.60986328125,6365.2998046875,6244.83984375,6337.8701171875
2017-12-04,1512397800,6380.68017578125,6380.77001953125,6256.81005859375,6263.7001953125
2017-12-05,1512484200,6242.47021484375,6337.06005859375,6235.77001953125,6265.10986328125
2017-12-06,1512570600,6243.72021484375,6304.10009765625,6234.22021484375,6293.0498046875
2017-12-07,1512657000,6300.64013671875,6333.2900390625,6290.64990234375,6316.27978515625
2017-12-08,1512743400,6364.60009765625,6377.5498046875,6335.22998046875,6344.56982421875
2017-12-11,1513002600,6351.240234375,6394.43017578125,6347.91015625,6393.89013671875
2017-12-12,1513089000,6389.47021484375,6403.5,6371.68994140625,6383.64990234375
2017-12-13,1513175400,6405.41015625,6416.830078125,6388.41015625,6394.669921875
2017-12-14,1513261800,6407.259765625,6423.68017578125,6386.25,6389.91015625
2017-12-15,1513348200,6405.14990234375,6470.919921875,6405.02978515625,6466.31982421875
2017-12-18,1513607400,6504.89013671875,6522.7001953125,6495.18017578125,6513.27001953125
2017-12-19,1513693800,6505.35986328125,6510.8701171875,6462.7900390625,6480.669921875
2017-12-20,1513780200,6504.5498046875,6504.5498046875,6447.93017578125,6472.47998046875
2017-12-21,1513866600,6481.080078125,6501.52001953125,6467.77978515625,6472.68994140625
2017-12-22,1513953000,6462.5498046875,6467.830078125,6449,6465.169921875
2017-12-26,1514298600,6427.31982421875,6438.240234375,6407.990234375,6433.16015625
2017-12-27,1514385000,6437.06005859375,6448.93994140625,6425.919921875,6435.14990234375
2017-12-28,1514471400,6449.52978515625,6452.06982421875,6432.68017578125,6441.419921875
2017-12-29,1514557800,6439.91015625,6442.52978515625,6396.419921875,6396.419921875
2018-01-02,1514903400,6431.58984375,6513.02001953125,6417.75,6511.33984375
2018-01-03,1514989800,6520.02978515625,6579.25,6519.259765625,6575.7998046875
2018-01-04,1515076200,6595.75,6603.169921875,6576.919921875,6584.580078125
2018-01-05,1515162600,6613.1298828125,6654.97998046875,6605.02978515625,6653.2900390625
2018-01-08,1515421800,6651.68017578125,6680.31982421875,6649.2001953125,6676.6298828125
2018-01-09,1515508200,6692.8701171875,6696.1201171875,6658.27001953125,6677.93994140625
2018-01-10,1515594600,6640.66015625,6663.509765625,6619.35009765625,6662.66015625
2018-01-11,1515681000,6675.68994140625,6708.490234375,6664.740234375,6708.490234375
2018-01-12,1515767400,6699.31982421875,6763.97998046875,6695.52001953125,6758.5400390625
2018-01-16,1516113000,6807.85009765625,6835.7900390625,6719.10986328125,6737.14013671875
2018-01-17,1516199400,6767.85009765625,6820.0400390625,6738.4501953125,6810.27978515625
2018-01-18,1516285800,6804.58984375,6826.7900390625,6784.72021484375,6811.3798828125
2018-01-19,1516372200,6829.0400390625,6843.240234375,6801.58984375,6834.330078125
2018-01-22,1516631400,6829.5498046875,6906.27978515625,6822.85009765625,6906.27978515625
2018-01-23,1516717800,6928.27001953125,6969.39990234375,6926.3701171875,6963.4599609375
2018-01-24,1516804200,6975.3798828125,6992.91015625,6880.68017578125,6919.35009765625
2018-01-25,1516890600,6965.009765625,6967.60009765625,6894.83984375,6916.2998046875
2018-01-26,1516977000,6956.66015625,7022.97021484375,6941.47998046875,7022.97021484375
2018-01-29,1517236200,7000.68017578125,7020.64013671875,6974.7001953125,6988.31982421875
2018-01-30,1517322600,6910.39013671875,6958.7900390625,6894.6298828125,6930.72998046875
2018-01-31,1517409000,6972.81005859375,6983.60986328125,6915.47998046875,6949.990234375
2018-02-01,1517495400,6910.56982421875,6970.77001953125,6879.02001953125,6901.5
2018-02-02,1517581800,6866.3798828125,6889.06982421875,6756.5400390625,6760.2900390625
2018-02-05,1517841000,6687.47021484375,6807.9599609375,6495.39013671875,6495.919921875
2018-02-06,1517927400,6378.60009765625,6673.41015625,6370.47998046875,6665.97998046875
2018-02-07,1518013800,6632.97998046875,6716.25,6581.3798828125,6582.02001953125
2018-02-08,1518100200,6595.81005859375,6606.0498046875,6304.18017578125,6306.10009765625
2018-02-09,1518186600,6395.16015625,6453.43017578125,6164.43017578125,6412.68017578125
2018-02-12,1518445800,6477.0400390625,6565.27978515625,6424.2998046875,6523.85009765625
2018-02-13,1518532200,6482.77001953125,6567.6201171875,6478.41015625,6553.85986328125
2018-02-14,1518618600,6523.259765625,6684.14990234375,6520.39013671875,6675.02978515625
2018-02-15,1518705000,6734.33984375,6795.919921875,6665.919921875,6794.919921875
2018-02-16,1518791400,6778.27978515625,6840.60009765625,6758.509765625,6770.66015625
2018-02-20,1519137000,6742.14990234375,6838,6740.47998046875,6779.68994140625
2018-02-21,1519223400,6808.60009765625,6879.47021484375,6759.22021484375,6759.259765625
2018-02-22,1519309800,6793.080078125,6826.009765625,6744.0498046875,6761.85009765625
2018-02-23,1519396200,6816.43017578125,6897.52978515625,6789.02978515625,6896.60009765625
2018-02-26,1519655400,6933.81982421875,6989.35986328125,6927.4599609375,6989.10009765625
2018-02-27,1519741800,6984.830078125,7003.1298828125,6900.35009765625,6900.35009765625
2018-02-28,1519828200,6945.2001953125,6964.16015625,6854.419921875,6854.419921875
2018-03-01,1519914600,6862.93994140625,6892.3798828125,6687.43994140625,6750.5400390625
2018-03-02,1520001000,6661.91015625,6820.3701171875,6645.02978515625,6811.0400390625
2018-03-05,1520260200,6777.6298828125,6901.6298828125,6753.830078125,6881.27978515625
2018-03-06,1520346600,6919.7900390625,6937.02978515625,6872.06005859375,6913.02001953125
2018-03-07,1520433000,6855.56982421875,6935.47998046875,6850.91015625,6929.39013671875
2018-03-08,1520519400,6955.85009765625,6971,6931.35009765625,6966.43017578125
2018-03-09,1520605800,7014.83984375,7101.31005859375,7007.2998046875,7101.18017578125
2018-03-12,1520861400,7122.47021484375,7156.25,7108.0400390625,7131.1201171875
2018-03-13,1520947800,7172.25,7186.08984375,7025.830078125,7046.509765625
2018-03-14,1521034200,7077.85009765625,7084.06982421875,7012.56982421875,7040.97998046875
2018-03-15,1521120600,7050.66015625,7075.5498046875,7010.009765625,7030.97021484375
2018-03-16,1521207000,7058.1201171875,7061.669921875,7011.68994140625,7019.9501953125
2018-03-19,1521466200,6945.97021484375,6949.02001953125,6806.16015625,6864.8798828125
2018-03-20,1521552600,6871.08984375,6902.22998046875,6845.85009765625,6885.919921875
2018-03-21,1521639000,6863.2900390625,6930.7001953125,6828.8798828125,6853.4501953125
2018-03-22,1521725400,6763.93994140625,6809.93994140625,6679.35009765625,6682.259765625
2018-03-23,1521811800,6683.18994140625,6708.580078125,6507.83984375,6508.08984375
2018-03-26,1522071000,6644.39990234375,6760.64990234375,6538.7900390625,6753.830078125
2018-03-27,1522157400,6791.39013671875,6793.5,6479.56005859375,6529.83984375
2018-03-28,1522243800,6488.02001953125,6559.8798828125,6410.0400390625,6460.81005859375
2018-03-29,1522330200,6493.509765625,6640.759765625,6435.669921875,6581.1298828125
2018-04-02,1522675800,6528.22998046875,6560.9599609375,6322.60009765625,6390.83984375
2018-04-03,1522762200,6448.0498046875,6485.27001953125,6343.89990234375,6458.830078125
2018-04-04,1522848600,6326.5400390625,6578.56005859375,6326.5400390625,6560.06005859375
2018-04-05,1522935000,6619.22021484375,6632.2099609375,6550.27978515625,6594.83984375
2018-04-06,1523021400,6514.47998046875,6587.35986328125,6402.02978515625,6433.2099609375
2018-04-09,1523280600,6488.47998046875,6604.259765625,6466.0400390625,6472.33984375
2018-04-10,1523367000,6585.52978515625,6639.97021484375,6534.89013671875,6615.8701171875
2018-04-11,1523453400,6578.83984375,6650.2900390625,6574.8798828125,6583.43994140625
2018-04-12,1523539800,6627.31982421875,6682.68994140625,6618.81005859375,6656.259765625
2018-04-13,1523626200,6696.02001953125,6703.31005859375,6598.33984375,6628.33984375
2018-04-16,1523885400,6675.919921875,6699.759765625,6633.080078125,6675.18017578125
2018-04-17,1523971800,6738.64990234375,6834.31005859375,6729.7900390625,6816.3701171875
2018-04-18,1524058200,6824.580078125,6856.9599609375,6788.31982421875,6833.2099609375
2018-04-19,1524144600,6793.080078125,6815.0400390625,6749.06982421875,6774.89013671875
2018-04-20,1524231000,6754.68017578125,6757.68017578125,6642.830078125,6667.75
2018-04-23,1524490200,6699.16015625,6721.64990234375,6613.5498046875,6648.7998046875
2018-04-24,1524576600,6680.8798828125,6688.89013671875,6464.740234375,6509.0498046875
2018-04-25,1524663000,6514.330078125,6540.759765625,6426.56982421875,6513.93994140625
2018-04-26,1524749400,6606.60986328125,6673.64990234375,6579.1201171875,6649.64990234375
2018-04-27,1524835800,6748.58984375,6750.77978515625,6619.259765625,6656.35009765625
2018-04-30,1525095000,6669.43994140625,6712.5,6593.60009765625,6605.56982421875
2018-05-01,1525181400,6592.93017578125,6685.41015625,6578.259765625,6681.9599609375
2018-05-02,1525267800,6694.52001953125,6715.9599609375,6637.9599609375,6644.47998046875
2018-05-03,1525354200,6608.7001953125,6667.2900390625,6539.8701171875,6643.47998046875
2018-05-04,1525440600,6618.7001953125,6783.35986328125,6612.39013671875,6769.1201171875
2018-05-07,1525699800,6803.4501953125,6846.4599609375,6796.0498046875,6821.8701171875
2018-05-08,1525786200,6813.91015625,6830.8701171875,6770.2998046875,6815.47998046875
2018-05-09,1525872600,6830.5498046875,6895.93017578125,6807.39990234375,6893.2099609375
2018-05-10,1525959000,6909.18017578125,6966.93017578125,6906.77001953125,6963.5498046875
2018-05-11,1526045400,6948.8701171875,6969.2998046875,6923.60986328125,6952.56005859375
2018-05-14,1526304600,6977.35009765625,7008.259765625,6954.64013671875,6964.3701171875
2018-05-15,1526391000,6909.31982421875,6912.0400390625,6852.72998046875,6888.5400390625
2018-05-16,1526477400,6892.89013671875,6944.5400390625,6891.64990234375,6929.97021484375
2018-05-17,1526563800,6905.75,6952.97998046875,6869.39013671875,6901.6298828125
2018-05-18,1526650200,6876.64990234375,6897.91015625,6857.580078125,6866.25
2018-05-21,1526909400,6920.31982421875,6948.27001953125,6876.35009765625,6905.52978515625
2018-05-22,1526995800,6934.7001953125,6947.43017578125,6883.75,6893.6201171875
2018-05-23,1527082200,6847.27001953125,6954.7001953125,6846.93994140625,6953.6298828125
2018-05-24,1527168600,6951.52001953125,6963.68017578125,6882.56982421875,6949.7001953125
2018-05-25,1527255000,6951.47021484375,6982.52001953125,6941.85009765625,6960.919921875
2018-05-29,1527600600,6928.5,6964.64990234375,6887.1201171875,6926.5400390625
2018-05-30,1527687000,6955.58984375,6987.6298828125,6938.02001953125,6976.3701171875
2018-05-31,1527773400,6969.93017578125,7016.419921875,6955.990234375,6967.72998046875
2018-06-01,1527859800,7010.080078125,7084.83984375,7008.02001953125,7083.93017578125
2018-06-04,1528119000,7099.5,7146.77001953125,7099.08984375,7143.56982421875
2018-06-05,1528205400,7162.41015625,7179.81982421875,7137.1298828125,7166.75
2018-06-06,1528291800,7180.240234375,7212.4501953125,7140.919921875,7210.080078125
2018-06-07,1528378200,7212.43017578125,7212.43017578125,7115.85986328125,7152.830078125
2018-06-08,1528464600,7121.759765625,7161.919921875,7100.72998046875,7152.6201171875
2018-06-11,1528723800,7149.64990234375,7187.4501953125,7146.08984375,7168.47998046875
2018-06-12,1528810200,7181.669921875,7214.490234375,7173.759765625,7209.18017578125
2018-06-13,1528896600,7219.580078125,7261.169921875,7193.02001953125,7205.259765625
2018-06-14,1528983000,7233.7001953125,7291.31005859375,7233.7001953125,7279.58984375
2018-06-15,1529069400,7245.16015625,7268.83984375,7220.97021484375,7255.759765625
2018-06-18,1529328600,7201.18017578125,7256.43017578125,7186.16015625,7251.41015625
2018-06-19,1529415000,7158.7998046875,7229.990234375,7138.02001953125,7228.0400390625
2018-06-20,1529501400,7264.85009765625,7309.990234375,7256.8701171875,7280.7001953125
2018-06-21,1529587800,7304.0498046875,7308.259765625,7203.93017578125,7217.490234375
2018-06-22,1529674200,7239.72021484375,7239.75,7177.4599609375,7197.509765625
2018-06-25,1529933400,7131.0498046875,7144.2900390625,6976.9599609375,7038.169921875
2018-06-26,1530019800,7061.22998046875,7108.4501953125,7040.06005859375,7068.2001953125
2018-06-27,1530106200,7096.60009765625,7128.77001953125,6968.2998046875,6969.669921875
2018-06-28,1530192600,6963.3701171875,7055.25,6950.22998046875,7031.60009765625
2018-06-29,1530279000,7071.490234375,7101.830078125,7031.39990234375,7040.7998046875
2018-07-02,1530538200,6979.5400390625,7099.27001953125,6969.16015625,7097.81982421875
2018-07-03,1530624600,7121.7099609375,7122.4501953125,7009.509765625,7014.5498046875
2018-07-05,1530797400,7064,7105.5400390625,7025.25,7101.0498046875
2018-07-06,1530883800,7114.169921875,7217,7106.10009765625,7207.330078125
2018-07-09,1531143000,7251.18017578125,7277.580078125,7221.31982421875,7276
2018-07-10,1531229400,7287.0498046875,7297.7900390625,7257.490234375,7282.60009765625
2018-07-11,1531315800,7221.66015625,7271.1201171875,7220.22998046875,7243.97998046875
2018-07-12,1531402200,7276.3798828125,7368.72021484375,7274.16015625,7366.25
2018-07-13,1531488600,7372.27978515625,7387.740234375,7348.9599609375,7375.81982421875
2018-07-16,1531747800,7381.02978515625,7390.64013671875,7346.33984375,7357.89990234375
2018-07-17,1531834200,7291.47998046875,7418.43017578125,7288.2998046875,7403.89013671875
2018-07-18,1531920600,7407.25,7411.25,7368.35986328125,7390.1298828125
2018-07-19,1532007000,7364.66015625,7388.990234375,7344.330078125,7352.35986328125
2018-07-20,1532093400,7379.1298828125,7398.58984375,7343.3701171875,7350.22998046875
2018-07-23,1532352600,7335.419921875,7376.81982421875,7301.33984375,7371.77978515625
2018-07-24,1532439000,7455.509765625,7475.990234375,7375.740234375,7406.25
2018-07-25,1532525400,7406.10009765625,7511.39013671875,7405.64013671875,7508.58984375
2018-07-26,1532611800,7404.56005859375,7430.1201171875,7385.72021484375,7400.75
2018-07-27,1532698200,7443.240234375,7443.240234375,7255.31982421875,7296.77978515625
2018-07-30,1532957400,7292.72021484375,7299.080078125,7158.77978515625,7193.10009765625
2018-07-31,1533043800,7219.669921875,7272.9599609375,7179.41015625,7231.97998046875
2018-08-01,1533130200,7269.2001953125,7294.7998046875,7234.64013671875,7272.89013671875
2018-08-02,1533216600,7221.35009765625,7380.56005859375,7221.35009765625,7372.14990234375
2018-08-03,1533303000,7389.35986328125,7395.490234375,7356.330078125,7395.490234375
2018-08-06,1533562200,7390.81982421875,7439.5498046875,7381.580078125,7438.990234375
2018-08-07,1533648600,7459.31982421875,7478.9599609375,7443.8798828125,7462.64990234375
2018-08-08,1533735000,7454.419921875,7486.2099609375,7435.77001953125,7469.5498046875
2018-08-09,1533821400,7467.509765625,7498.3701171875,7458.56982421875,7466.9599609375
2018-08-10,1533907800,7409.0498046875,7436.68994140625,7382.830078125,7408.2998046875
2018-08-13,1534167000,7420.18017578125,7468.81982421875,7398.52978515625,7401.169921875
2018-08-14,1534253400,7430.4501953125,7455.419921875,7390,7447.169921875
2018-08-15,1534339800,7385.669921875,7409.47998046875,7308.52001953125,7354.66015625
2018-08-16,1534426200,7409.60986328125,7422.830078125,7361.8798828125,7374.2900390625
2018-08-17,1534512600,7352.6298828125,7394.93994140625,7312.64990234375,7377.5400390625
2018-08-20,1534771800,7393.580078125,7395.75,7343.47021484375,7371.419921875
2018-08-21,1534858200,7393.4599609375,7441.419921875,7388.3701171875,7397.22998046875
2018-08-22,1534944600,7379.83984375,7434.47998046875,7374.68994140625,7424.60009765625
2018-08-23,1535031000,7420.31005859375,7465.8701171875,7405.39990234375,7413.83984375
2018-08-24,1535117400,7443.7099609375,7489.5400390625,7442.990234375,7485.39990234375
2018-08-27,1535376600,7527.3701171875,7560.759765625,7512.02001953125,7559.1298828125
2018-08-28,1535463000,7580.85009765625,7588.72021484375,7556.7099609375,7570.25
2018-08-29,1535549400,7585.1298828125,7661.9501953125,7583.52001953125,7660.18017578125
2018-08-30,1535635800,7645.10986328125,7691.10009765625,7619.72998046875,7642.669921875
2018-08-31,1535722200,7634.43994140625,7676.4599609375,7628.5400390625,7654.5498046875
2018-09-04,1536067800,7629.33984375,7643.4501953125,7581.35009765625,7622.31982421875
2018-09-05,1536154200,7600.9501953125,7607.18017578125,7498.3798828125,7523.259765625
2018-09-06,1536240600,7527.22021484375,7532.2998046875,7405.31982421875,7453.169921875
2018-09-07,1536327000,7402.18994140625,7489.39990234375,7400.990234375,7430.259765625
2018-09-10,1536586200,7466.759765625,7473.75,7410.740234375,7447.68017578125
2018-09-11,1536672600,7415.08984375,7519.4501953125,7401.72021484375,7507.8701171875
2018-09-12,1536759000,7493.3798828125,7501.240234375,7422.91015625,7488.06005859375
2018-09-13,1536845400,7535.22998046875,7578.759765625,7531.66015625,7561.68994140625
2018-09-14,1536931800,7575.3798828125,7581.2998046875,7515.0400390625,7545.5
2018-09-17,1537191000,7522.58984375,7533.919921875,7427.7900390625,7434.72998046875
2018-09-18,1537277400,7440.85986328125,7531.2001953125,7436.52978515625,7494.39990234375
2018-09-19,1537363800,7498.240234375,7513.33984375,7441.56005859375,7490.31982421875
2018-09-20,1537450200,7534.02001953125,7582.43017578125,7523.8701171875,7569.02978515625
2018-09-21,1537536600,7587.39013671875,7603.85986328125,7522.1201171875,7531.06982421875
2018-09-24,1537795800,7477.4501953125,7554.9501953125,7447.22998046875,7548.75
2018-09-25,1537882200,7552.02001953125,7568.169921875,7525.18994140625,7563.18994140625
2018-09-26,1537968600,7563.9599609375,7637.6201171875,7553.259765625,7563.08984375
2018-09-27,1538055000,7600.35009765625,7657.7998046875,7596.9599609375,7629.56982421875
2018-09-28,1538141400,7612.64990234375,7649.2998046875,7598.68994140625,7627.64990234375
2018-10-01,1538400600,7673,7700.56005859375,7627.47021484375,7645.4501953125
2018-10-02,1538487000,7632.3701171875,7685.35986328125,7610.25,7628.27978515625
2018-10-03,1538573400,7663.08984375,7676.89990234375,7625.60009765625,7637.43017578125
2018-10-04,1538659800,7603.009765625,7608.240234375,7436.259765625,7490
2018-10-05,1538746200,7482.0400390625,7510.4501953125,7327.43994140625,7399.009765625
2018-10-08,1539005400,7356.5400390625,7415.5400390625,7267.02001953125,7352.81982421875
2018-10-09,1539091800,7352.43994140625,7430.35986328125,7339.85986328125,7371.6201171875
2018-10-10,1539178200,7319.81005859375,7329.240234375,7042.06005859375,7044.5
2018-10-11,1539264600,7013.47998046875,7120.10009765625,6892.89013671875,6964.02978515625
2018-10-12,1539351000,7150.2099609375,7179.0400390625,7019.89013671875,7157.2099609375
2018-10-15,1539610200,7129.31005859375,7144.16015625,7047.47021484375,7068.669921875
2018-10-16,1539696600,7141.669921875,7291.259765625,7133.2900390625,7276.43017578125
2018-10-17,1539783000,7310,7311.85009765625,7205.759765625,7278.6298828125
2018-10-18,1539869400,7250.919921875,7251.5400390625,7081.89013671875,7116.08984375
2018-10-19,1539955800,7169.4501953125,7227.9599609375,7080.740234375,7107.22998046875
2018-10-22,1540215000,7146.02978515625,7193.72021484375,7088.89990234375,7141.2099609375
2018-10-23,1540301400,7002.68994140625,7149.1298828125,6933.56005859375,7118.669921875
2018-10-24,1540387800,7101.85009765625,7117.33984375,6777.47021484375,6789.14990234375
2018-10-25,1540474200,6891.27001953125,7063.919921875,6866.75,7016.39013671875
2018-10-26,1540560600,6804.68994140625,6976.93994140625,6743.77978515625,6852.39990234375
2018-10-29,1540819800,6954.68994140625,6973.18994140625,6574.75,6713.89990234375
2018-10-30,1540906200,6673.83984375,6816.27001953125,6652.52978515625,6810.1201171875
2018-10-31,1540992600,6933.10986328125,7030.509765625,6924.08984375,6967.10009765625
2018-11-01,1541079000,6980.7900390625,7071.83984375,6932.2099609375,7069.169921875
2018-11-02,1541165400,7042.2998046875,7085.27001953125,6909.06982421875,6965.2900390625
2018-11-05,1541428200,6946.14990234375,6952.93017578125,6859.7998046875,6937.08984375
2018-11-06,1541514600,6939.1298828125,7024.77978515625,6928,6988.85009765625
2018-11-07,1541601000,7068.5,7205.9599609375,7057.7099609375,7203.1298828125
2018-11-08,1541687400,7176.18994140625,7192.31982421875,7125.14013671875,7158.58984375
2018-11-09,1541773800,7095.4501953125,7104.39013671875,6982.89013671875,7039.14990234375
2018-11-12,1542033000,6990.3701171875,6998.7998046875,6819.3798828125,6829.10009765625
2018-11-13,1542119400,6858.58984375,6951.43994140625,6811.68017578125,6830.91015625
2018-11-14,1542205800,6896.2001953125,6916.10009765625,6736.18017578125,6769.8701171875
2018-11-15,1542292200,6750.6298828125,6908.830078125,6702.419921875,6890.4501953125
2018-11-16,1542378600,6823.02978515625,6898.1298828125,6797.43017578125,6867.02001953125
2018-11-19,1542637800,6832.25,6841.43994140625,6623.3701171875,6642.919921875
2018-11-20,1542724200,6475.68017578125,6614.009765625,6442.35986328125,6526.9599609375
2018-11-21,1542810600,6608.1201171875,6639.3701171875,6566.31005859375,6575.66015625
2018-11-23,1542983400,6525.02001953125,6591.56005859375,6524.5498046875,6527.35009765625
2018-11-26,1543242600,6616.7900390625,6679.91015625,6590.89013671875,6678.33984375
2018-11-27,1543329000,6639.39013671875,6715.41015625,6609.080078125,6701.0400390625
2018-11-28,1543415400,6756.1298828125,6914.7900390625,6713.2900390625,6913.330078125
2018-11-29,1543501800,6890.83984375,6938.02001953125,6839.4501953125,6892.39990234375
2018-11-30,1543588200,6902.240234375,6951.1298828125,6872.2900390625,6949.009765625
2018-12-03,1543847400,7106.83984375,7107,7013.2001953125,7062.1298828125
2018-12-04,1543933800,7026.81005859375,7045.68017578125,6785.85009765625,6795.2099609375
2018-12-06,1544106600,6652.1298828125,6840.5,6630.81982421875,6838.85009765625
2018-12-07,1544193000,6806.6298828125,6849.3798828125,6594.5400390625,6613.27978515625
2018-12-10,1544452200,6603.35986328125,6710.39013671875,6534.330078125,6682.740234375
2018-12-11,1544538600,6782.41015625,6788.47021484375,6650.830078125,6704.240234375
2018-12-12,1544625000,6800.5498046875,6867.66015625,6761.77978515625,6763.9599609375
2018-12-13,1544711400,6805.7001953125,6833.77978515625,6724.0400390625,6767.97021484375
2018-12-14,1544797800,6679.91015625,6710.41015625,6585.31005859375,6594.9599609375
2018-12-17,1545057000,6571,6621.6298828125,6399.5498046875,6448.39013671875
2018-12-18,1545143400,6503.1201171875,6551.0400390625,6434.60009765625,6491.52001953125
2018-12-19,1545229800,6480.31005859375,6575.39013671875,6284.72021484375,6342.97021484375
2018-12-20,1545316200,6312.72021484375,6380.97021484375,6161.85009765625,6243.18994140625
2018-12-21,1545402600,6293.0498046875,6308.31005859375,6013.97998046875,6046.56005859375
2018-12-24,1545661800,5994.080078125,6075.169921875,5895.1201171875,5899.35009765625
2018-12-26,1545834600,5969.080078125,6263.81982421875,5921.85986328125,6262.77001953125
2018-12-27,1545921000,6168.60009765625,6291.990234375,6043.4501953125,6288.2998046875
2018-12-28,1546007400,6326.6201171875,6388.35986328125,6233.68994140625,6285.27001953125
2018-12-31,1546266600,6354.85009765625,6365.39013671875,6273.93994140625,6329.97021484375
2019-01-02,1546439400,6198.68017578125,6394.740234375,6198.68017578125,6360.8701171875
2019-01-03,1546525800,6274.759765625,6292.68017578125,6139.39990234375,6147.1298828125
2019-01-04,1546612200,6250.0498046875,6445.2001953125,6234.58984375,6422.669921875
2019-01-07,1546871400,6434.5498046875,6521.43994140625,6412.97998046875,6488.25
2019-01-08,1546957800,6555.91015625,6574.72998046875,6457,6551.85009765625
2019-01-09,1547044200,6576.5400390625,6631.06005859375,6549.43994140625,6600.68994140625
2019-01-10,1547130600,6551.0498046875,6625.10986328125,6517.5400390625,6620.93994140625
2019-01-11,1547217000,6579.89013671875,6604.56005859375,6562.0400390625,6601.39990234375
2019-01-14,1547476200,6536.3701171875,6566.8701171875,6512.64013671875,6541.0400390625
2019-01-15,1547562600,6571.14990234375,6674.52978515625,6567.31982421875,6669.64013671875
2019-01-16,1547649000,6677.3798828125,6720.41015625,6665.0498046875,6668.56005859375
2019-01-17,1547735400,6646.18994140625,6747.27978515625,6637.10009765625,6718.4501953125
2019-01-18,1547821800,6771.52001953125,6816.22998046875,6727.93994140625,6784.60986328125
2019-01-22,1548167400,6736.64990234375,6738.56982421875,6603.56005859375,6646.81005859375
2019-01-23,1548253800,6689.080078125,6712.85986328125,6584.5,6658.759765625
2019-01-24,1548340200,6680.33984375,6710.72998046875,6656.52001953125,6702.5498046875
2019-01-25,1548426600,6755.669921875,6800.97021484375,6733.31982421875,6787.3701171875
2019-01-28,1548685800,6691.83984375,6697.52978515625,6644.31005859375,6697.08984375
2019-01-29,1548772200,6695.7099609375,6701.47021484375,6613.419921875,6632.7900390625
2019-01-30,1548858600,6708.56005859375,6826.919921875,6688.330078125,6807.91015625
2019-01-31,1548945000,6840.93017578125,6936.33984375,6837.919921875,6906.83984375
2019-02-01,1549031400,6872.72998046875,6921.9501953125,6857.31005859375,6875.52001953125
2019-02-04,1549290600,6876.56005859375,6960.97021484375,6872.60009765625,6959.9599609375
2019-02-05,1549377000,6969.3701171875,7029.77001953125,6967.93994140625,7023.52001953125
2019-02-06,1549463400,7023.89013671875,7034.93994140625,6969.830078125,6997.6201171875
2019-02-07,1549549800,6934.330078125,6954.77001953125,6854.35009765625,6904.97998046875
2019-02-08,1549636200,6843.330078125,6914.56005859375,6836.7001953125,6913.1298828125
2019-02-11,1549895400,6941.259765625,6958.330078125,6893.7998046875,6909.18017578125
2019-02-12,1549981800,6960.5498046875,7021.759765625,6948.330078125,7014.669921875
2019-02-13,1550068200,7038.31982421875,7062.580078125,7009.72998046875,7015.8798828125
2019-02-14,1550154600,6986.509765625,7047.8798828125,6969.68994140625,7022.419921875
2019-02-15,1550241000,7066.3798828125,7073.990234375,7022.2998046875,7055.18017578125
2019-02-19,1550586600,7033.3701171875,7089.10009765625,7032.77978515625,7066.60986328125
2019-02-20,1550673000,7070.240234375,7096.14990234375,7027.3701171875,7062.33984375
2019-02-21,1550759400,7047.080078125,7063.06982421875,7001.7998046875,7035.16015625
2019-02-22,1550845800,7055.2001953125,7094.2900390625,7050.009765625,7090.6298828125
2019-02-25,1551105000,7144.33984375,7161.72998046875,7111.77978515625,7115.43017578125
2019-02-26,1551191400,7098.97021484375,7144.64990234375,7087.14013671875,7123.22021484375
2019-02-27,1551277800,7095.75,7125.77978515625,7045.41015625,7117
2019-02-28,1551364200,7093.2001953125,7125.919921875,7081.919921875,7097.52978515625
2019-03-01,1551450600,7152.080078125,7159.9599609375,7101.06982421875,7151.56982421875
2019-03-04,1551709800,7193.8798828125,7205.93994140625,7073.39990234375,7150.830078125
2019-03-05,1551796200,7156.66015625,7178.2998046875,7120.68994140625,7156.7900390625
2019-03-06,1551882600,7156.240234375,7162.240234375,7104.5498046875,7112.47021484375
2019-03-07,1551969000,7089.6298828125,7097.91015625,7001.81005859375,7026.8798828125
2019-03-08,1552055400,6940.89990234375,7018.919921875,6940.72021484375,7015.68994140625
2019-03-11,1552311000,7050.0498046875,7166.93017578125,7049.56005859375,7164.02001953125
2019-03-12,1552397400,7176.22998046875,7219.41015625,7166.9501953125,7201.27978515625
2019-03-13,1552483800,7231.0498046875,7292.85986328125,7229.8798828125,7256.97998046875
2019-03-14,1552570200,7257.31005859375,7267.93994140625,7240.9599609375,7243.009765625
2019-03-15,1552656600,7274.14013671875,7331.2998046875,7265.6298828125,7306.990234375
2019-03-18,1552915800,7311.6298828125,7348.68994140625,7293.85009765625,7326.27978515625
2019-03-19,1553002200,7357.580078125,7390.2900390625,7321.93017578125,7349.27978515625
2019-03-20,1553088600,7348.990234375,7422.75,7318.419921875,7380.75
2019-03-21,1553175000,7356.93994140625,7505.41015625,7356.93994140625,7493.27001953125
2019-03-22,1553261400,7458.43994140625,7482.35009765625,7323.52001953125,7326.06005859375
2019-03-25,1553520600,7299.93017578125,7342.509765625,7265.27978515625,7316.9599609375
2019-03-26,1553607000,7378.22998046875,7417.259765625,7314.3798828125,7351.14990234375
2019-03-27,1553693400,7364.47021484375,7376.990234375,7252.06005859375,7308.18994140625
2019-03-28,1553779800,7325.06005859375,7346.0400390625,7277.68994140625,7320.47021484375
2019-03-29,1553866200,7377.77001953125,7381.68994140625,7333.169921875,7378.77001953125
2019-04-01,1554125400,7450.81005859375,7481.83984375,7422.43994140625,7478.419921875
2019-04-02,1554211800,7473.509765625,7507.0498046875,7461.509765625,7499.64013671875
2019-04-03,1554298200,7538.169921875,7589.68994140625,7520.39990234375,7544.97021484375
2019-04-04,1554384600,7542.16015625,7571.1298828125,7496.2998046875,7540.56982421875
2019-04-05,1554471000,7564.27001953125,7581.89990234375,7554.91015625,7578.83984375
2019-04-08,1554730200,7565.06005859375,7602.080078125,7536.419921875,7599.740234375
2019-04-09,1554816600,7571.8798828125,7596.75,7555.6201171875,7568.490234375
2019-04-10,1554903000,7581.39013671875,7613.41015625,7573.27978515625,7611.490234375
2019-04-11,1554989400,7621.39990234375,7621.39990234375,7580.7099609375,7594.89013671875
2019-04-12,1555075800,7624.14990234375,7630.52001953125,7596.56005859375,7628.14990234375
2019-04-15,1555335000,7630.60009765625,7636.7998046875,7578.5400390625,7629.1201171875
2019-04-16,1555421400,7651.18994140625,7670.39990234375,7631.64013671875,7654.72998046875
2019-04-17,1555507800,7705.31982421875,7715.06982421875,7659.85009765625,7680.72021484375
2019-04-18,1555594200,7688.93017578125,7694.18017578125,7647.39990234375,7689.72021484375
2019-04-22,1555939800,7658.3701171875,7715.330078125,7653.89013671875,7713.490234375
2019-04-23,1556026200,7724.169921875,7819.33984375,7719.08984375,7810.7099609375
2019-04-24,1556112600,7813.02001953125,7827.0498046875,7783.58984375,7784.41015625
2019-04-25,1556199000,7850.7099609375,7851.97021484375,7778.22998046875,7816.919921875
2019-04-26,1556285400,7791.14990234375,7826.89013671875,7742.60009765625,7826.68017578125
2019-04-29,1556544600,7825.64013671875,7851.85009765625,7812.97021484375,7839.0400390625
2019-04-30,1556631000,7769.2998046875,7792.31982421875,7726.06982421875,7781.4599609375
2019-05-01,1556717400,7828.14013671875,7851.02978515625,7749.740234375,7751.85009765625
2019-05-02,1556803800,7751.64013671875,7791.509765625,7672.5400390625,7724.06005859375
2019-05-03,1556890200,7784.2900390625,7847.52001953125,7772.43994140625,7845.72998046875
2019-05-06,1557149400,7662.919921875,7804.5400390625,7662.919921875,7794.08984375
2019-05-07,1557235800,7713.490234375,7743.06005859375,7572.60986328125,7640.14990234375
2019-05-08,1557322200,7623.31982421875,7678.81982421875,7593.75,7617.5498046875
2019-05-09,1557408600,7525.81005859375,7605.02978515625,7472.7099609375,7582.75
2019-05-10,1557495000,7556.0400390625,7623.009765625,7426.75,7586.52978515625
2019-05-13,1557754200,7385.5498046875,7433.919921875,7303.64013671875,7324.1298828125
2019-05-14,1557840600,7366.64013671875,7449.02978515625,7337.93994140625,7401.8798828125
2019-05-15,1557927000,7354.81982421875,7524.22021484375,7353.89990234375,7503.25
2019-05-16,1558013400,7509.91015625,7627.02978515625,7502.759765625,7580.14013671875
2019-05-17,1558099800,7513.14990234375,7605.669921875,7496.919921875,7503.68017578125
2019-05-20,1558359000,7391.72998046875,7424.58984375,7351.919921875,7376.7001953125
2019-05-21,1558445400,7442.31005859375,7472.7099609375,7417.06982421875,7451.02001953125
2019-05-22,1558531800,7413.83984375,7458.10986328125,7410.7099609375,7420.66015625
2019-05-23,1558618200,7331.669921875,7337.47021484375,7261.4599609375,7307.93017578125
2019-05-24,1558704600,7353.97021484375,7371.2998046875,7294.10009765625,7300.9599609375
2019-05-28,1559050200,7321.27001953125,7362.2900390625,7274.7001953125,7278.3798828125
2019-05-29,1559136600,7222.5498046875,7254.2001953125,7176.669921875,7216.85986328125
2019-05-30,1559223000,7234.830078125,7262.77001953125,7204.419921875,7245.39990234375
2019-05-31,1559309400,7148.7099609375,7183.22998046875,7125.97021484375,7127.9599609375
2019-06-03,1559568600,7110.33984375,7126.43017578125,6936.68017578125,6978.02001953125
2019-06-04,1559655000,7056.18017578125,7169.7900390625,7023.08984375,7166.75
2019-06-05,1559741400,7230.81005859375,7235.22998046875,7146.43017578125,7220.89990234375
2019-06-06,1559827800,7229.85986328125,7293.22021484375,7201.58984375,7275.93017578125
2019-06-07,1559914200,7315.330078125,7445.990234375,7309.009765625,7417.2900390625
2019-06-10,1560173400,7472.60009765625,7573,7468.169921875,7501.93017578125
2019-06-11,1560259800,7584.75,7595.56982421875,7489.990234375,7513.85009765625
2019-06-12,1560346200,7493.5498046875,7507.52001953125,7459.2001953125,7472.2900390625
2019-06-13,1560432600,7500.85009765625,7530.91015625,7487.08984375,7510.68017578125
2019-06-14,1560519000,7476.47021484375,7500.740234375,7454.8701171875,7479.10986328125
2019-06-17,1560778200,7500.27978515625,7546.990234375,7492.169921875,7526.52001953125
2019-06-18,1560864600,7606.60986328125,7689.080078125,7595.58984375,7635.39990234375
2019-06-19,1560951000,7652.52001953125,7681.56005859375,7606.27978515625,7667.740234375
2019-06-20,1561037400,7770.169921875,7770.60986328125,7681.43017578125,7738.0498046875
2019-06-21,1561123800,7719.419921875,7772.52978515625,7708.25,7728.77978515625
2019-06-24,1561383000,7737,7746.68017578125,7720.77978515625,7723.02001953125
2019-06-25,1561469400,7720.91015625,7723.0400390625,7584.169921875,7591.5400390625
2019-06-26,1561555800,7642.919921875,7688.64013671875,7616.91015625,7627.0498046875
2019-06-27,1561642200,7656.68017578125,7672.97998046875,7636.72021484375,7657.0498046875
2019-06-28,1561728600,7674.52001953125,7682.259765625,7639.4501953125,7671.080078125
2019-07-01,1561987800,7816.56005859375,7820.81005859375,7735.669921875,7768.14013671875
2019-07-02,1562074200,7763.02978515625,7800.47021484375,7746.009765625,7799.81982421875
2019-07-03,1562160600,7819.06005859375,7857.68994140625,7811.2900390625,7857.68994140625
2019-07-05,1562333400,7806.06982421875,7854.7099609375,7774.58984375,7841.2998046875
2019-07-08,1562592600,7790.4599609375,7841.2998046875,7756.10986328125,7785.7900390625
2019-07-09,1562679000,7748.2900390625,7833.93017578125,7748.22998046875,7826.85986328125
2019-07-10,1562765400,7869.72998046875,7923.93017578125,7858.68017578125,7903.39990234375
2019-07-11,1562851800,7918.64990234375,7934.60009765625,7873.16015625,7896.77978515625
2019-07-12,1562938200,7908.580078125,7944.080078125,7900.39013671875,7943.240234375
2019-07-15,1563197400,7961.06982421875,7969.7900390625,7940.4501953125,7966.93017578125
2019-07-16,1563283800,7958.43994140625,7965.759765625,7904.9501953125,7927.080078125
2019-07-17,1563370200,7927.91015625,7941.10009765625,7887.97998046875,7888.759765625
2019-07-18,1563456600,7850.1201171875,7912.330078125,7827.490234375,7904.1298828125
2019-07-19,1563543000,7944.85986328125,7950.22021484375,7832.39013671875,7834.89990234375
2019-07-22,1563802200,7862.3798828125,7918.47021484375,7862.27001953125,7905.1201171875
2019-07-23,1563888600,7946.0498046875,7955.08984375,7895.0498046875,7954.56005859375
2019-07-24,1563975000,7928.77978515625,8010.830078125,7926.990234375,8010.60986328125
2019-07-25,1564061400,7979.14013671875,7983.9599609375,7921.2099609375,7929.8701171875
2019-07-26,1564147800,7992.1298828125,8027.18017578125,7986.72021484375,8016.9501953125
2019-07-29,1564407000,8010.0498046875,8010.0498046875,7939.97998046875,7989.080078125
2019-07-30,1564493400,7927.56005859375,7983.10986328125,7923.4501953125,7952.47021484375
2019-07-31,1564579800,7972.759765625,7979.2001953125,7774.93017578125,7848.77978515625
2019-08-01,1564666200,7866.60009765625,8000.93994140625,7769.02001953125,7801.14990234375
2019-08-02,1564752600,7740.91015625,7755.08984375,7645.18017578125,7692.7998046875
2019-08-05,1565011800,7510.02001953125,7528.89990234375,7356.27001953125,7415.68994140625
2019-08-06,1565098200,7492.02001953125,7541.740234375,7432.31005859375,7521.31982421875
2019-08-07,1565184600,7436.14013671875,7569.89990234375,7386.39013671875,7551.89990234375
2019-08-08,1565271000,7608.02978515625,7726.4599609375,7576.81982421875,7724.830078125
2019-08-09,1565357400,7684.56005859375,7709.509765625,7591.14013671875,7646.27001953125
2019-08-12,1565616600,7597.18994140625,7623.43994140625,7528.9501953125,7561.68017578125
2019-08-13,1565703000,7553.43017578125,7778.33984375,7553.330078125,7728.14990234375
2019-08-14,1565789400,7594.64013671875,7621.7001953125,7480.580078125,7490.1298828125
2019-08-15,1565875800,7503.14013671875,7523.5,7429.35986328125,7484.89013671875
2019-08-16,1565962200,7548.89990234375,7622.72998046875,7548.89990234375,7604.10986328125
2019-08-19,1566221400,7715.41015625,7740.740234375,7604.10986328125,7719.31982421875
2019-08-20,1566307800,7708.31005859375,7731.31005859375,7664.2099609375,7664.47021484375
2019-08-21,1566394200,7731.75,7754.66015625,7706.56982421875,7733.22021484375
2019-08-22,1566480600,7750.97998046875,7764.7900390625,7649.27978515625,7707.43017578125
2019-08-23,1566567000,7658.47998046875,7722.43017578125,7442.93017578125,7464.990234375
2019-08-26,1566826200,7540.68994140625,7577.77001953125,7506.169921875,7575.02001953125
2019-08-27,1566912600,7630.4599609375,7640.68017578125,7531.9599609375,7566.02978515625
2019-08-28,1566999000,7536.7001953125,7598.14990234375,7500.22021484375,7587.89990234375
2019-08-29,1567085400,7678.68994140625,7723.93994140625,7654.31005859375,7702.31005859375
2019-08-30,1567171800,7743.22998046875,7747.080078125,7642.89990234375,7691
2019-09-03,1567517400,7634.02978515625,7670.169921875,7584.81982421875,7609.509765625
2019-09-04,1567603800,7683.77978515625,7724.91015625,7663.64013671875,7719.25
2019-09-05,1567690200,7803.4501953125,7879.97021484375,7803.4501953125,7862.5400390625
2019-09-06,1567776600,7868.8701171875,7874.990234375,7835.89013671875,7852.5400390625
2019-09-09,1568035800,7876.39990234375,7877.41015625,7795.85986328125,7832.39990234375
2019-09-10,1568122200,7793.27978515625,7817.580078125,7743.60986328125,7814.740234375
2019-09-11,1568208600,7820.7099609375,7888.33984375,7812.06982421875,7887.580078125
2019-09-12,1568295000,7931.9599609375,7975.330078125,7907.330078125,7917.33984375
2019-09-13,1568381400,7903.72998046875,7923.41015625,7879.58984375,7892.9501953125
2019-09-16,1568640600,7833.72998046875,7868.740234375,7831.759765625,7852.41015625
2019-09-17,1568727000,7849.8798828125,7891.2099609375,7840.990234375,7888.7900390625
2019-09-18,1568813400,7877.580078125,7891.169921875,7791.580078125,7888.56005859375
2019-09-19,1568899800,7904.39013671875,7950.2099609375,7888.31005859375,7901.7900390625
2019-09-20,1568986200,7901.4599609375,7920.52978515625,7794.27001953125,7823.5498046875
2019-09-23,1569245400,7815.22998046875,7842.97998046875,7790.2900390625,7818.60986328125
2019-09-24,1569331800,7855.97021484375,7873.25,7684.7998046875,7710.0400390625
2019-09-25,1569418200,7706.5,7822.43017578125,7647.6298828125,7803.5400390625
2019-09-26,1569504600,7794.27978515625,7798.1201171875,7718.68994140625,7771.990234375
2019-09-27,1569591000,7786.02978515625,7790.7998046875,7626.81982421875,7681.580078125
2019-09-30,1569850200,7705.97021484375,7761.83984375,7693.490234375,7749.4501953125
2019-10-01,1569936600,7782.81982421875,7821.72021484375,7675.419921875,7684.14013671875
2019-10-02,1570023000,7627.58984375,7631.33984375,7513.68994140625,7550.7900390625
2019-10-03,1570109400,7557.18994140625,7640.419921875,7463.56982421875,7638.39013671875
2019-10-04,1570195800,7677.330078125,7759.35986328125,7670.919921875,7754.10009765625
2019-10-07,1570455000,7725.68017578125,7784.7900390625,7712.68017578125,7725.1298828125
2019-10-08,1570541400,7671.3798828125,7707.169921875,7603.759765625,7604.27001953125
2019-10-09,1570627800,7678.66015625,7717.93994140625,7655.47998046875,7690.52978515625
2019-10-10,1570714200,7688.419921875,7772.68017578125,7682.60986328125,7740.35986328125
2019-10-11,1570800600,7835.93017578125,7904.0498046875,7831.10986328125,7843.8798828125
2019-10-14,1571059800,7834.740234375,7865.669921875,7827.16015625,7842.330078125
2019-10-15,1571146200,7867.9599609375,7960.14013671875,7863.64990234375,7942.85009765625
2019-10-16,1571232600,7911.990234375,7941.759765625,7898.31005859375,7920.2099609375
2019-10-17,1571319000,7976.64013671875,7981.14013671875,7914.93994140625,7942.14013671875
2019-10-18,1571405400,7938.2998046875,7946.81005859375,7829.75,7868.490234375
2019-10-21,1571664600,7911.580078125,7941.47998046875,7887.740234375,7940.330078125
2019-10-22,1571751000,7968.25,7977.009765625,7871.97998046875,7874.6201171875
2019-10-23,1571837400,7858.47998046875,7890.2099609375,7845.08984375,7889.47021484375
2019-10-24,1571923800,7956.22998046875,7969.66015625,7912.72021484375,7966.72021484375
2019-10-25,1572010200,7926.60009765625,8033.2900390625,7926.60009765625,8029.22021484375
2019-10-28,1572269400,8071.39013671875,8119.72998046875,8070.89990234375,8110.669921875
2019-10-29,1572355800,8101.5498046875,8108.60986328125,8045.64013671875,8047.509765625
2019-10-30,1572442200,8056.89990234375,8096.330078125,8017.919921875,8083.10986328125
2019-10-31,1572528600,8100.6201171875,8110.43994140625,8041.64990234375,8083.830078125
2019-11-01,1572615000,8121.9501953125,8161.97998046875,8111.72998046875,8161.169921875
2019-11-04,1572877800,8218.9296875,8228.330078125,8197.3203125,8210.66015625
2019-11-05,1572964200,8225.349609375,8229.08984375,8191.0498046875,8210.1796875
2019-11-06,1573050600,8204.33984375,8204.33984375,8157.35986328125,8196.0302734375
2019-11-07,1573137000,8237.6796875,8271.8203125,8198.91015625,8219.650390625
2019-11-08,1573223400,8208.3701171875,8256.2900390625,8186.31005859375,8255.8896484375
2019-11-11,1573482600,8212.3701171875,8245.8896484375,8202.3603515625,8241.91015625
2019-11-12,1573569000,8249.6201171875,8293.1796875,8238.330078125,8263.7900390625
2019-11-13,1573655400,8235.6796875,8274.6103515625,8233.3798828125,8259.8095703125
2019-11-14,1573741800,8238.849609375,8264.9404296875,8212.58984375,8257.830078125
2019-11-15,1573828200,8303.83984375,8315.900390625,8284.2001953125,8315.51953125
2019-11-18,1574087400,8303.2197265625,8340.41015625,8274.6796875,8328.48046875
2019-11-19,1574173800,8357.4296875,8357.7998046875,8308.2802734375,8338.740234375
2019-11-20,1574260200,8315.5498046875,8339.259765625,8226.25,8283.75
2019-11-21,1574346600,8273.9501953125,8282.330078125,8242.2197265625,8265.6201171875
2019-11-22,1574433000,8287.25,8292.1103515625,8229.490234375,8272.0498046875
2019-11-25,1574692200,8309.5498046875,8372.8203125,8309.5498046875,8371.9296875
2019-11-26,1574778600,8374.259765625,8398.0400390625,8364.1103515625,8385.75
2019-11-27,1574865000,8407.23046875,8445.6103515625,8399.6298828125,8444.7099609375
2019-11-29,1575037800,8422.01953125,8435.9599609375,8402.1298828125,8403.6796875
2019-12-02,1575297000,8409.8701171875,8409.8701171875,8274.6103515625,8309.259765625
2019-12-03,1575383400,8201.6298828125,8258.400390625,8167.35986328125,8254.740234375
2019-12-04,1575469800,8291.8603515625,8316.4599609375,8285.8798828125,8296.5302734375
2019-12-05,1575556200,8321.1904296875,8321.1904296875,8272.830078125,8308.400390625
2019-12-06,1575642600,8370.23046875,8405.849609375,8365.25,8397.3701171875
2019-12-09,1575901800,8388.75,8425.76953125,8359.8701171875,8362.740234375
2019-12-10,1575988200,8364.5498046875,8392.8896484375,8339.3701171875,8354.2900390625
2019-12-11,1576074600,8371.650390625,8408.080078125,8361.3701171875,8402.6103515625
2019-12-12,1576161000,8391.919921875,8493.1103515625,8380.08984375,8466.8896484375
2019-12-13,1576247400,8461.419921875,8517.51953125,8441.8896484375,8487.7099609375
2019-12-16,1576506600,8544.26953125,8584.7802734375,8542.419921875,8570.330078125
2019-12-17,1576593000,8586.330078125,8592.4501953125,8564.150390625,8575.7001953125
2019-12-18,1576679400,8587.2001953125,8608.099609375,8578.5595703125,8580.6201171875
2019-12-19,1576765800,8592.6796875,8642.740234375,8592.6796875,8641.2900390625
2019-12-20,1576852200,8666.5703125,8687.66015625,8656.48046875,8678.490234375
2019-12-23,1577111400,8703.0595703125,8710.900390625,8690.150390625,8696.009765625
2019-12-24,1577197800,8705.2998046875,8708.2197265625,8684.1201171875,8699.509765625
2019-12-26,1577370600,8717.9501953125,8778.330078125,8716.0302734375,8778.3095703125
2019-12-27,1577457000,8805.8603515625,8811.099609375,8749.8603515625,8770.98046875
2019-12-30,1577716200,8766.3896484375,8768.2998046875,8671.919921875,8709.73046875
2019-12-31,1577802600,8681.330078125,8735.4296875,8674.3798828125,8733.0703125
2020-01-02,1577975400,8802.2197265625,8873.6298828125,8786.900390625,8872.2197265625
2020-01-03,1578061800,8755.169921875,8843.650390625,8755.169921875,8793.900390625
2020-01-06,1578321000,8713.8896484375,8849.98046875,8713.8896484375,8848.51953125
2020-01-07,1578407400,8857.1396484375,8872.4697265625,8821.6796875,8846.4501953125
2020-01-08,1578493800,8845.4501953125,8953.5498046875,8834.9404296875,8912.3701171875
2020-01-09,1578580200,8990.0400390625,9004.5498046875,8938.5302734375,8989.6298828125
2020-01-10,1578666600,9021.8798828125,9024.8701171875,8951.830078125,8966.6396484375
2020-01-13,1578925800,9007.9404296875,9071.5302734375,8991.349609375,9070.650390625
2020-01-14,1579012200,9068.01953125,9080.16015625,9020.919921875,9033.419921875
2020-01-15,1579098600,9039.3095703125,9078.8701171875,9008.9501953125,9035.669921875
2020-01-16,1579185000,9088.080078125,9126.0703125,9066.3095703125,9125
2020-01-17,1579271400,9159.48046875,9176.4697265625,9118.98046875,9173.73046875
2020-01-21,1579617000,9145.6396484375,9187.419921875,9141.7802734375,9166.6298828125
2020-01-22,1579703400,9212.349609375,9242.48046875,9179.26953125,9188.580078125
2020-01-23,1579789800,9186.1396484375,9221.1298828125,9145.23046875,9216.98046875
2020-01-24,1579876200,9266.349609375,9272.3701171875,9101.4404296875,9141.4697265625
2020-01-27,1580135400,8913.16015625,9001.4404296875,8910.9697265625,8952.1796875
2020-01-28,1580221800,9013.23046875,9111.3203125,8994.2802734375,9090.9296875
2020-01-29,1580308200,9141.51953125,9153.080078125,9067.2900390625,9101.6103515625
2020-01-30,1580394600,9038.919921875,9140.6904296875,9019.7197265625,9136.08984375
2020-01-31,1580481000,9169.91015625,9170.2197265625,8961.58984375,8991.509765625
2020-02-03,1580740200,9033.51953125,9148.5,9031.0703125,9126.23046875
2020-02-04,1580826600,9256.9404296875,9352.9599609375,9224.8603515625,9334.0595703125
2020-02-05,1580913000,9441.33984375,9442.75,9311.8798828125,9367.48046875
2020-02-06,1580999400,9395.6904296875,9448.7197265625,9357.8603515625,9445.919921875
2020-02-07,1581085800,9397.76953125,9453.240234375,9376.91015625,9401.099609375
2020-02-10,1581345000,9373.2001953125,9517.740234375,9373.2001953125,9516.83984375
2020-02-11,1581431400,9567.8095703125,9600.0498046875,9493.6298828125,9517.8603515625
2020-02-12,1581517800,9569.8203125,9615.91015625,9552.0302734375,9613.2001953125
2020-02-13,1581604200,9540.669921875,9636.41015625,9532.740234375,9595.7001953125
2020-02-14,1581690600,9613.8798828125,9634.75,9583.080078125,9623.580078125
2020-02-18,1582036200,9567.2802734375,9647.7197265625,9567.2802734375,9629.7998046875
2020-02-19,1582122600,9683.9404296875,9736.5703125,9676.0703125,9718.73046875
2020-02-20,1582209000,9696.66015625,9714.23046875,9513.23046875,9627.830078125
2020-02-21,1582295400,9582.5400390625,9594,9406.3798828125,9446.6904296875
2020-02-24,1582554600,9055.2998046875,9194.91015625,9028.8701171875,9079.6298828125
2020-02-25,1582641000,9167.330078125,9183.7802734375,8807.1103515625,8834.8701171875
2020-02-26,1582727400,8883.009765625,9032.8798828125,8813.919921875,8873.759765625
2020-02-27,1582813800,8632.5400390625,8786.6796875,8430.5302734375,8436.669921875
2020-02-28,1582900200,8133.85009765625,8490.4697265625,8133.85009765625,8461.830078125
2020-03-02,1583159400,8569.91015625,8879.3896484375,8446.5,8877.98046875
2020-03-03,1583245800,8892.6796875,9000.4599609375,8516.580078125,8594.490234375
2020-03-04,1583332200,8745.6396484375,8952.1103515625,8669.759765625,8949.2802734375
2020-03-05,1583418600,8713.1904296875,8864.1904296875,8613.91015625,8671.66015625
2020-03-06,1583505000,8395.9501953125,8571.8798828125,8319.900390625,8530.33984375
2020-03-09,1583760600,7912.14013671875,8241.76953125,7912.14013671875,7948.02978515625
2020-03-10,1583847000,8213.9697265625,8376.4404296875,7942.1298828125,8372.26953125
2020-03-11,1583933400,8166.259765625,8224.73046875,7900.990234375,8006.1201171875
2020-03-12,1584019800,7452.759765625,7808.31005859375,7255.6201171875,7263.64990234375
2020-03-13,1584106200,7683.0400390625,7998.509765625,7301.8798828125,7995.259765625
2020-03-16,1584365400,7502.259765625,7563.4501953125,6993.60986328125,7020.3798828125
2020-03-17,1584451800,7198.52978515625,7550.1298828125,6959.14990234375,7473.9501953125
2020-03-18,1584538200,7023.85986328125,7336.8798828125,6837.52978515625,7175.18017578125
2020-03-19,1584624600,7190.2099609375,7514.14013671875,7037.47021484375,7288.52001953125
2020-03-20,1584711000,7391.22021484375,7487.830078125,6969.77001953125,6994.2900390625
2020-03-23,1584970200,6952.7099609375,7145.2900390625,6771.91015625,7006.919921875
2020-03-24,1585056600,7349,7555.91015625,7304.39013671875,7553.830078125
2020-03-25,1585143000,7543.9599609375,7777.60986328125,7390.41015625,7469.6201171875
2020-03-26,1585229400,7549.830078125,7913.10986328125,7549.830078125,7897.1298828125
2020-03-27,1585315800,7657.43994140625,7817.740234375,7580.22021484375,7588.3701171875
2020-03-30,1585575000,7678.830078125,7902.08984375,7651.43017578125,7889.009765625
2020-03-31,1585661400,7855.740234375,8011.60009765625,7765.4599609375,7813.5
2020-04-01,1585747800,7582.77978515625,7701.68017578125,7423.97021484375,7486.2900390625
2020-04-02,1585834200,7445.8798828125,7641.8701171875,7432.27978515625,7635.66015625
2020-04-03,1585920600,7631.56982421875,7673.490234375,7439.77978515625,7528.10986328125
2020-04-06,1586179800,7819.06005859375,8110.66015625,7763.08984375,8081.66015625
2020-04-07,1586266200,8287.48046875,8305.58984375,8043.06982421875,8049.31005859375
2020-04-08,1586352600,8134.2998046875,8254.41015625,8058.41015625,8229.5400390625
2020-04-09,1586439000,8284.3095703125,8334.23046875,8167.93017578125,8238.5302734375
2020-04-13,1586784600,8209.6796875,8338.150390625,8158.580078125,8332.740234375
2020-04-14,1586871000,8489.26953125,8708.5498046875,8470.740234375,8692.16015625
2020-04-15,1586957400,8548.4697265625,8666.240234375,8500.5595703125,8591.9599609375
2020-04-16,1587043800,8689.08984375,8793.349609375,8605.509765625,8757.830078125
2020-04-17,1587130200,8876.66015625,8879.240234375,8704.3798828125,8832.41015625
2020-04-20,1587389400,8742.5400390625,8855.1796875,8725.330078125,8726.509765625
2020-04-21,1587475800,8639.740234375,8663.08984375,8359.83984375,8403
2020-04-22,1587562200,8575.5703125,8708.48046875,8550.6103515625,8664.6396484375
2020-04-23,1587648600,8693.73046875,8796.490234375,8624.6298828125,8641.5
2020-04-24,1587735000,8666.5703125,8791.3603515625,8599.990234375,8786.599609375
2020-04-27,1587994200,8865.580078125,8887.6201171875,8803.8896484375,8837.66015625
2020-04-28,1588080600,8913.2802734375,8918.3798828125,8668.669921875,8677.599609375
2020-04-29,1588167000,8871.0400390625,9025.8203125,8832,8982.759765625
2020-04-30,1588253400,9005.240234375,9023.0302734375,8920.419921875,9000.509765625
2020-05-01,1588339800,8791.8798828125,8887.580078125,8688.580078125,8718.1796875
2020-05-04,1588599000,8683.9404296875,8840.330078125,8665.400390625,8834.1103515625
2020-05-05,1588685400,8922.3896484375,9031,8900.5703125,8930.6201171875
2020-05-06,1588771800,8997.01953125,9065.580078125,8950.8896484375,8984.8603515625
2020-05-07,1588858200,9104.669921875,9136.1796875,9045.23046875,9101.8798828125
2020-05-08,1588944600,9165.7001953125,9224.490234375,9126.9697265625,9220.349609375
2020-05-11,1589203800,9155.2099609375,9346.26953125,9155.2099609375,9298.919921875
2020-05-12,1589290200,9326.0595703125,9354.4501953125,9109.08984375,9112.4501953125
2020-05-13,1589376600,9123.6904296875,9209.490234375,8890.16015625,9000.080078125
2020-05-14,1589463000,8946.4501953125,9097.75,8860.76953125,9094.419921875
2020-05-15,1589549400,8976.2900390625,9157.4599609375,8958.080078125,9152.6396484375
2020-05-18,1589808600,9281.3603515625,9367.5400390625,9248.7802734375,9331.9296875
2020-05-19,1589895000,9326.2802734375,9422.900390625,9296.25,9298.5400390625
2020-05-20,1589981400,9415.25,9498.2802734375,9412.830078125,9485.01953125
2020-05-21,1590067800,9487.6298828125,9515.0498046875,9361.830078125,9377.990234375
2020-05-22,1590154200,9363.669921875,9421.9296875,9325.0703125,9413.990234375
2020-05-26,1590499800,9570.5302734375,9570.5302734375,9379.900390625,9389.98046875
2020-05-27,1590586200,9366.6298828125,9445.0595703125,9182.4501953125,9442.0498046875
2020-05-28,1590672600,9404.830078125,9568.8896484375,9391.83984375,9416.7099609375
2020-05-29,1590759000,9440.6396484375,9573.5498046875,9379.9296875,9555.5302734375
2020-06-01,1591018200,9526.4296875,9609.3798828125,9515.33984375,9598.8896484375
2020-06-02,1591104600,9603.1796875,9660.080078125,9511.8798828125,9657.3095703125
2020-06-03,1591191000,9689.7197265625,9729.6904296875,9648.9296875,9704.6904296875
2020-06-04,1591277400,9672.169921875,9741.9697265625,9577.7099609375,9629.66015625
2020-06-05,1591363800,9673.08984375,9846.6298828125,9659.4501953125,9824.3896484375
2020-06-08,1591623000,9805.6904296875,9904.51953125,9753.8701171875,9901.51953125
2020-06-09,1591709400,9861.1796875,10006.900390625,9859,9967.169921875
2020-06-10,1591795800,10037.98046875,10155.2001953125,10022.4404296875,10094.259765625
2020-06-11,1591882200,9907.5595703125,9978.1904296875,9586.25,9588.48046875
2020-06-12,1591968600,9785.580078125,9849.009765625,9499.08984375,9663.7802734375
2020-06-15,1592227800,9517.1396484375,9809.41015625,9489.580078125,9776.8896484375
2020-06-16,1592314200,9983.650390625,10010.8896484375,9801.4501953125,9949.3701171875
2020-06-17,1592400600,9998.8603515625,10058.650390625,9952.5,9982.48046875
2020-06-18,1592487000,9972.349609375,10018.5595703125,9942.1103515625,10012.0498046875
2020-06-19,1592573400,10104.6298828125,10121.669921875,9937.8095703125,10008.6396484375
2020-06-22,1592832600,10009,10134.6396484375,9989.490234375,10130.330078125
2020-06-23,1592919000,10192.419921875,10306.900390625,10172.0703125,10209.8203125
2020-06-24,1593005400,10183.76953125,10232.419921875,9943.240234375,10002.7001953125
2020-06-25,1593091800,10003.5,10110.2900390625,9901.2099609375,10101.830078125
2020-06-26,1593178200,10087.080078125,10093.98046875,9837.740234375,9849.3603515625
2020-06-29,1593437400,9850.5498046875,9965.080078125,9742.8896484375,9961.16015625
2020-06-30,1593523800,9970.2099609375,10185.349609375,9956.830078125,10156.849609375
2020-07-01,1593610200,10160.41015625,10321.76953125,10142.75,10279.25
2020-07-02,1593696600,10386.3798828125,10432.5498046875,10328.7802734375,10341.8896484375
2020-07-06,1594042200,10487.7001953125,10625.099609375,10485.8203125,10604.0595703125
2020-07-07,1594128600,10595.9404296875,10704.9296875,10516.6298828125,10524.009765625
2020-07-08,1594215000,10594.41015625,10669.1298828125,10528.8203125,10666.7001953125
2020-07-09,1594301400,10745.8701171875,10785.9599609375,10574.9697265625,10754.58984375
2020-07-10,1594387800,10751.76953125,10842.7802734375,10639.48046875,10836.330078125
2020-07-13,1594647000,10951.5400390625,11069.259765625,10574.5595703125,10602.2099609375
2020-07-14,1594733400,10502.849609375,10701.8798828125,10370.7900390625,10689.51953125
2020-07-15,1594819800,10752.1103515625,10780.400390625,10570.9599609375,10701.6796875
2020-07-16,1594906200,10589.8603515625,10658.900390625,10495.08984375,10626.4599609375
2020-07-17,1594992600,10651.599609375,10680.7001953125,10558.7802734375,10645.2197265625
2020-07-20,1595251800,10672.9599609375,10971.51953125,10621.900390625,10952.080078125
2020-07-21,1595338200,11015.5400390625,11017.4296875,10800.8701171875,10833.0703125
2020-07-22,1595424600,10850.919921875,10910.240234375,10776.240234375,10870.75
2020-07-23,1595511000,10853.16015625,10885.3798828125,10531.2197265625,10580.58984375
2020-07-24,1595597400,10389.5400390625,10543.419921875,10313.9404296875,10483.1298828125
2020-07-27,1595856600,10547.1103515625,10689.5498046875,10527.6396484375,10674.3798828125
2020-07-28,1595943000,10644.33984375,10662.1904296875,10527.4296875,10532.5
2020-07-29,1596029400,10602.400390625,10694.8798828125,10587.2001953125,10662.98046875
2020-07-30,1596115800,10578.6298828125,10737.0302734375,10531.7900390625,10715.509765625
2020-07-31,1596202200,10886.3603515625,10908.33984375,10707.400390625,10905.8798828125
2020-08-03,1596461400,11018.01953125,11085.5,10997.669921875,11055.080078125
2020-08-04,1596547800,11048.5,11097.849609375,11002.5498046875,11096.5400390625
2020-08-05,1596634200,11107.240234375,11141.6904296875,11077.7001953125,11125.4404296875
2020-08-06,1596720600,11116.490234375,11282.240234375,11090.5,11267.080078125
2020-08-07,1596807000,11235.240234375,11276.2998046875,11044.599609375,11139.3896484375
2020-08-10,1597066200,11153.509765625,11159.3798828125,10941.8701171875,11085.169921875
2020-08-11,1597152600,11039.6796875,11090.919921875,10855.0595703125,10876.080078125
2020-08-12,1597239000,10972.0703125,11190.259765625,10970.8701171875,11157.7197265625
2020-08-13,1597325400,11174.6396484375,11271.2197265625,11139.6396484375,11178.3701171875
2020-08-14,1597411800,11187.8203125,11213.26953125,11106.9296875,11164.4501953125
2020-08-17,1597671000,11231.9697265625,11306.4697265625,11228.1396484375,11288.5703125
2020-08-18,1597757400,11339.759765625,11421.099609375,11279.080078125,11399.0302734375
2020-08-19,1597843800,11397.23046875,11440.2197265625,11303.400390625,11318.6396484375
2020-08-20,1597930200,11277.0498046875,11497.1796875,11268.4599609375,11477.0498046875
2020-08-21,1598016600,11476.849609375,11574.7900390625,11461.5302734375,11555.16015625
2020-08-24,1598275800,11703.33984375,11728.08984375,11535.5498046875,11626.169921875
2020-08-25,1598362200,11610.580078125,11723.9501953125,11580.8896484375,11721.8095703125
2020-08-26,1598448600,11779.349609375,11979.650390625,11768,11971.9404296875
2020-08-27,1598535000,11997.8896484375,12047.990234375,11842.83984375,11926.16015625
2020-08-28,1598621400,11992.6796875,12018.1396484375,11928.6904296875,11995.849609375
2020-08-31,1598880600,12017.4599609375,12167.4599609375,12000.1103515625,12110.7001953125
2020-09-01,1598967000,12203.3603515625,12300.4404296875,12132.7802734375,12292.8603515625
2020-09-02,1599053400,12417.4501953125,12439.48046875,12176.1796875,12420.5400390625
2020-09-03,1599139800,12195.75,12235,11662.1103515625,11771.3701171875
2020-09-04,1599226200,11686.240234375,11846.1796875,11145.990234375,11622.1298828125
2020-09-08,1599571800,11143.91015625,11400.4599609375,11055.16015625,11068.259765625
2020-09-09,1599658200,11308.25,11480.3701171875,11197.1298828125,11395.849609375
2020-09-10,1599744600,11501.4296875,11566.33984375,11095.9404296875,11154.1201171875
2020-09-11,1599831000,11251.1904296875,11280.41015625,10945.2197265625,11087.400390625
2020-09-14,1600090200,11250.7998046875,11363.25,11192.8203125,11277.759765625
2020-09-15,1600176600,11432.9404296875,11495.400390625,11367.2001953125,11438.8701171875
2020-09-16,1600263000,11467.900390625,11486.08984375,11242.9599609375,11247.599609375
2020-09-17,1600349400,10965.740234375,11160.0400390625,10936.7998046875,11080.9501953125
2020-09-18,1600435800,11147.7998046875,11153.9697265625,10769.400390625,10936.98046875
2020-09-21,1600695000,10768.009765625,10984.759765625,10677.849609375,10980.2197265625
2020-09-22,1600781400,11082.08984375,11207.080078125,10943.259765625,11186.3701171875
2020-09-23,1600867800,11167.2197265625,11179.58984375,10806.0498046875,10833.330078125
2020-09-24,1600954200,10746.349609375,11026.4296875,10728.41015625,10896.4697265625
2020-09-25,1601040600,10910.5,11177.73046875,10851.6796875,11151.1298828125
2020-09-28,1601299800,11332.3203125,11369.400390625,11243.240234375,11364.4501953125
2020-09-29,1601386200,11354.7001953125,11396.2197265625,11305.7900390625,11322.9501953125
2020-09-30,1601472600,11328.5498046875,11535.009765625,11328.5498046875,11418.0595703125
2020-10-01,1601559000,11554.9599609375,11606.73046875,11488.599609375,11583.2001953125
2020-10-02,1601645400,11328.849609375,11479.080078125,11225.169921875,11255.6904296875
2020-10-05,1601904600,11345.240234375,11512.0595703125,11336.0703125,11509.0595703125
2020-10-06,1601991000,11476.6796875,11536.419921875,11256.259765625,11291.26953125
2020-10-07,1602077400,11412.650390625,11519.5498046875,11382.48046875,11503.1904296875
2020-10-08,1602163800,11576.4404296875,11582.7802734375,11510.240234375,11550.9404296875
2020-10-09,1602250200,11615.5703125,11727.599609375,11600.8603515625,11725.849609375
2020-10-12,1602509400,11900.1201171875,12204.75,11880.23046875,12088.1103515625
2020-10-13,1602595800,12131.0703125,12187.7802734375,12032.75,12083.169921875
2020-10-14,1602682200,12105.099609375,12159.2099609375,11913.5703125,11985.3603515625
2020-10-15,1602768600,11767.26953125,11928.6298828125,11765.490234375,11898.5703125
2020-10-16,1602855000,11952.1201171875,12034.1298828125,11824.1396484375,11852.169921875
2020-10-19,1603114200,11913.009765625,11962.4697265625,11606.48046875,11634.349609375
2020-10-20,1603200600,11679.080078125,11801.400390625,11613.759765625,11677.83984375
2020-10-21,1603287000,11686.1904296875,11789.4599609375,11646.48046875,11665.3701171875
2020-10-22,1603373400,11712.6396484375,11739.2197265625,11529.73046875,11662.91015625
2020-10-23,1603459800,11680.73046875,11693.009765625,11569.08984375,11692.5703125
2020-10-26,1603719000,11584.169921875,11708.080078125,11360.73046875,11504.51953125
2020-10-27,1603805400,11560.8603515625,11633.490234375,11503.099609375,11598.9501953125
2020-10-28,1603891800,11400.48046875,11426.099609375,11136.099609375,11142.759765625
2020-10-29,1603978200,11214.330078125,11467.3701171875,11187.080078125,11350.740234375
2020-10-30,1604064600,11265.7001953125,11293.759765625,10960.01953125,11052.9501953125
2020-11-02,1604327400,11152.48046875,11222.51953125,10957.1103515625,11084.759765625
2020-11-03,1604413800,11155.849609375,11356.080078125,11115.5498046875,11279.91015625
2020-11-04,1604500200,11627.759765625,11846.4599609375,11564.91015625,11777.01953125
2020-11-05,1604586600,12021.76953125,12117.0400390625,11977.0703125,12078.0703125
2020-11-06,1604673000,12044.2900390625,12116.91015625,11895.5,12091.349609375
2020-11-09,1604932200,12194.7099609375,12268.66015625,11818.240234375,11830.3896484375
2020-11-10,1605018600,11704.4599609375,11761.9501953125,11512.4599609375,11624.2900390625
2020-11-11,1605105000,11734.8095703125,11904.1298828125,11714.3203125,11892.9296875
2020-11-12,1605191400,11924.150390625,11976.8896484375,11786.08984375,11827.1396484375
2020-11-13,1605277800,11910.6201171875,11957.08984375,11808.9501953125,11937.83984375
2020-11-16,1605537000,11925.3603515625,12035.5,11891.849609375,12013.3798828125
2020-11-17,1605623400,12030.26953125,12047.1298828125,11964.2001953125,11977.490234375
2020-11-18,1605709800,11963.3603515625,12027.150390625,11892.5400390625,11894.7099609375
2020-11-19,1605796200,11863.1201171875,12000.2900390625,11842.66015625,11985.4296875
2020-11-20,1605882600,11976,12017.419921875,11903.5703125,11906.4404296875
2020-11-23,1606141800,11959.8896484375,12001.830078125,11817.5302734375,11905.9404296875
2020-11-24,1606228200,11952.7001953125,12094.16015625,11878.3095703125,12079.8095703125
2020-11-25,1606314600,12112.1103515625,12174.990234375,12081.509765625,12152.2197265625
2020-11-27,1606487400,12220.3701171875,12306.7099609375,12214.4501953125,12258.2099609375
2020-11-30,1606746600,12278.7802734375,12299.6103515625,12090.9296875,12268.3203125
2020-12-01,1606833000,12387.6201171875,12510.01953125,12338.3603515625,12455.330078125
2020-12-02,1606919400,12390.580078125,12472.25,12318.26953125,12456.41015625
2020-12-03,1607005800,12469.16015625,12538.919921875,12445.3603515625,12467.1298828125
2020-12-04,1607092200,12479.91015625,12531.2099609375,12450.509765625,12528.48046875
2020-12-07,1607351400,12523.5703125,12610,12523.1201171875,12596.4697265625
2020-12-08,1607437800,12574.83984375,12651.349609375,12504.9697265625,12635.7197265625
2020-12-09,1607524200,12626.9697265625,12643.240234375,12311.2998046875,12364.6396484375
2020-12-10,1607610600,12268.4697265625,12447.849609375,12226.1298828125,12401.740234375
2020-12-11,1607697000,12327.0703125,12378.6103515625,12236.7998046875,12375.41015625
2020-12-14,1607956200,12427.8603515625,12544.3095703125,12426.25,12462.2099609375
2020-12-15,1608042600,12565.2802734375,12596.83984375,12467.5703125,12595.919921875
2020-12-16,1608129000,12607.8701171875,12698.1103515625,12568.7099609375,12668.16015625
2020-12-17,1608215400,12741.6396484375,12760.9697265625,12685.98046875,12752.0595703125
2020-12-18,1608301800,12786.919921875,12793.4697265625,12611.2197265625,12738.1796875
2020-12-21,1608561000,12575.599609375,12706.4404296875,12474.0302734375,12690.259765625
2020-12-22,1608647400,12715.48046875,12761.23046875,12606.419921875,12717.5595703125
2020-12-23,1608733800,12733.75,12737.58984375,12649.599609375,12653.1396484375
2020-12-24,1608820200,12668.2001953125,12732.5498046875,12665.7998046875,12711.009765625
2020-12-28,1609165800,12813.9697265625,12861.91015625,12747.0498046875,12838.8603515625
2020-12-29,1609252200,12909.8603515625,12925.5302734375,12816.58984375,12843.490234375
2020-12-30,1609338600,12900.0302734375,12917.4501953125,12828.7900390625,12845.3603515625
2020-12-31,1609425000,12852.9599609375,12904.08984375,12804.75,12888.2802734375
2021-01-04,1609770600,12950.2197265625,12950.2197265625,12537.419921875,12694.66015625
2021-01-05,1609857000,12663.1298828125,12809.669921875,12663.1298828125,12802.3798828125
2021-01-06,1609943400,12601.259765625,12803.2900390625,12569.419921875,12623.349609375
2021-01-07,1610029800,12745.41015625,12966.6796875,12744.8203125,12939.5703125
2021-01-08,1610116200,13037.240234375,13113.08984375,12939.73046875,13105.2001953125
2021-01-11,1610375400,12961.5,13023.2099609375,12883.58984375,12902.490234375
2021-01-12,1610461800,12916.099609375,12957.4296875,12783.7099609375,12892.08984375
2021-01-13,1610548200,12911.8701171875,13008.849609375,12878.01953125,12973.6298828125
2021-01-14,1610634600,13010.9404296875,13037.0498046875,12886.16015625,12898.6904296875
2021-01-15,1610721000,12898.08984375,12941.2900390625,12758.099609375,12803.9296875
2021-01-19,1611066600,12921.6103515625,13012.08984375,12861.2998046875,12996.5400390625
2021-01-20,1611153000,13155.1201171875,13332.259765625,13138.2998046875,13296.4501953125
2021-01-21,1611239400,13356.7001953125,13433.6904296875,13297.7900390625,13404.990234375
2021-01-22,1611325800,13356.1796875,13404.76953125,13336.900390625,13366.400390625
2021-01-25,1611585000,13515.6298828125,13563.7001953125,13205.58984375,13483.2900390625
2021-01-26,1611671400,13507.4697265625,13536.2998046875,13440.3203125,13490.1904296875
2021-01-27,1611757800,13371.16015625,13393.509765625,13034.1396484375,13112.650390625
2021-01-28,1611844200,13163.3203125,13401.849609375,13150.099609375,13201.5302734375
2021-01-29,1611930600,13124.7001953125,13167.8701171875,12845.4296875,12925.3798828125
2021-02-01,1612189800,13067.650390625,13280.2197265625,12983.099609375,13248.900390625
2021-02-02,1612276200,13371.3701171875,13501.23046875,13363.759765625,13456.1201171875
2021-02-03,1612362600,13555.0302734375,13561.4501953125,13400.080078125,13402.3701171875
2021-02-04,1612449000,13454.849609375,13563.1298828125,13406.4404296875,13560.8896484375
2021-02-05,1612535400,13592.76953125,13642.9599609375,13527.8095703125,13603.9599609375
2021-02-08,1612794600,13672.330078125,13698.41015625,13607.9599609375,13695.01953125
2021-02-09,1612881000,13667.1396484375,13741.7900390625,13664.7001953125,13687.080078125
2021-02-10,1612967400,13751.419921875,13770.91015625,13531.9296875,13655.26953125
2021-02-11,1613053800,13723.6298828125,13747.2001953125,13637.1904296875,13734.349609375
2021-02-12,1613140200,13695.900390625,13816.25,13656.7802734375,13807.7001953125
2021-02-16,1613485800,13841.0302734375,13879.76953125,13726.7802734375,13773.76953125
2021-02-17,1613572200,13636.150390625,13713.1396484375,13552.66015625,13699.7099609375
2021-02-18,1613658600,13556.009765625,13669.9404296875,13477.169921875,13637.509765625
2021-02-19,1613745000,13686.23046875,13701.6904296875,13545.4501953125,13580.7802734375
2021-02-22,1614004200,13414.0400390625,13447.3701171875,13220.76953125,13223.740234375
2021-02-23,1614090600,12982.3603515625,13259.849609375,12758.1201171875,13194.7099609375
2021-02-24,1614177000,13095.8603515625,13312.4296875,12971.8203125,13302.1904296875
2021-02-25,1614263400,13197.75,13294.5595703125,12773.759765625,12828.3095703125
2021-02-26,1614349800,12958.9599609375,13090.3603515625,12764.33984375,12909.4404296875
2021-03-01,1614609000,13106.01953125,13293.7802734375,13051.7001953125,13282.9501953125
2021-03-02,1614695400,13297.759765625,13301.6201171875,13052.1201171875,13059.9501953125
2021-03-03,1614781800,13020.099609375,13057.2900390625,12679.8896484375,12683.330078125
2021-03-04,1614868200,12655.919921875,12799.080078125,12314.16015625,12464
2021-03-05,1614954600,12594.16015625,12700.9599609375,12208.3896484375,12668.509765625
2021-03-08,1615213800,12629.5595703125,12718.580078125,12287.5703125,12299.080078125
2021-03-09,1615300200,12635.4501953125,12868.51953125,12592.830078125,12794.490234375
2021-03-10,1615386600,12950.25,12979.3798828125,12726.849609375,12752.0703125
2021-03-11,1615473000,12960.5302734375,13117.8603515625,12920.009765625,13052.900390625
2021-03-12,1615559400,12873.3896484375,12943.580078125,12778.1298828125,12937.2900390625
2021-03-15,1615815000,12936.1298828125,13085.009765625,12885.6396484375,13082.5400390625
2021-03-16,1615901400,13156.650390625,13297.48046875,13091.7802734375,13152.2802734375
2021-03-17,1615987800,13024.830078125,13280.2900390625,12950.080078125,13202.3798828125
2021-03-18,1616074200,13006.2900390625,13040.3603515625,12781.5302734375,12789.1396484375
2021-03-19,1616160600,12792.669921875,12906.01953125,12704.0703125,12866.990234375
2021-03-22,1616419800,12943.1396484375,13167.4599609375,12943.1396484375,13086.509765625
2021-03-23,1616506200,13127.169921875,13180.66015625,12993.5,13017.7900390625
2021-03-24,1616592600,13072.8203125,13077.490234375,12797.849609375,12798.8798828125
2021-03-25,1616679000,12707.580078125,12845.66015625,12627.9296875,12780.509765625
2021-03-26,1616765400,12777.26953125,12992.2998046875,12721.66015625,12979.1201171875
2021-03-29,1617024600,12950.509765625,13013.4697265625,12836.599609375,12965.740234375
2021-03-30,1617111000,12904.009765625,12929.4599609375,12798.0302734375,12896.5302734375
2021-03-31,1617197400,12970.330078125,13167.0595703125,12966.650390625,13091.4404296875
2021-04-01,1617283800,13268.8798828125,13333.41015625,13255.8203125,13329.51953125
2021-04-05,1617629400,13434.0400390625,13623.599609375,13420.8095703125,13598.16015625
2021-04-06,1617715800,13567.2001953125,13660.2900390625,13551.599609375,13578.4599609375
2021-04-07,1617802200,13553.900390625,13648.7998046875,13532.6298828125,13616.7001953125
2021-04-08,1617888600,13730.73046875,13763.1796875,13703.509765625,13758.509765625
2021-04-09,1617975000,13709.669921875,13849.3095703125,13674.919921875,13845.0595703125
2021-04-12,1618234200,13792.740234375,13839.3896484375,13747.6298828125,13819.349609375
2021-04-13,1618320600,13874.580078125,14002.5302734375,13874.580078125,13986.490234375
2021-04-14,1618407000,13988.8603515625,13990.5400390625,13782.1796875,13803.91015625
2021-04-15,1618493400,13934.8701171875,14040.1103515625,13931.009765625,14026.1904296875
2021-04-16,1618579800,14035.9599609375,14050.3798828125,13966.5400390625,14041.91015625
2021-04-19,1618839000,13970.830078125,14025.6396484375,13835.75,13907.669921875
2021-04-20,1618925400,13891.9599609375,13934.8896484375,13730.58984375,13809.2998046875
2021-04-21,1619011800,13768.919921875,13939.7001953125,13717.4404296875,13935.150390625
2021-04-22,1619098200,13920.8798828125,13954.0302734375,13716.759765625,13762.3603515625
2021-04-23,1619184600,13794.490234375,13989.4296875,13789.4501953125,13941.4404296875
2021-04-26,1619443800,13954.9404296875,14039.400390625,13919.9296875,14026.16015625
2021-04-27,1619530200,14048.1298828125,14048.33984375,13931.1796875,13960.2802734375
2021-04-28,1619616600,13953.6103515625,13992.080078125,13895.150390625,13901.6201171875
2021-04-29,1619703000,14063.9404296875,14073.48046875,13836.099609375,13970.2001953125
2021-04-30,1619789400,13857.7900390625,13969.2099609375,13838.8203125,13860.759765625
2021-05-03,1620048600,13923.0400390625,13955,13784.66015625,13799.7197265625
2021-05-04,1620135000,13680.6298828125,13705.3798828125,13396.1103515625,13544.669921875
2021-05-05,1620221400,13649.1201171875,13676.8603515625,13478.580078125,13503.3701171875
2021-05-06,1620307800,13490.9404296875,13617.33984375,13403.4599609375,13613.73046875
2021-05-07,1620394200,13715.5595703125,13814.650390625,13669.7802734375,13719.6298828125
2021-05-10,1620653400,13647.73046875,13648.490234375,13358.6201171875,13359.080078125
2021-05-11,1620739800,13102.6396484375,13381.66015625,13094.759765625,13351.26953125
2021-05-12,1620826200,13155.0703125,13236.8896484375,12967.1796875,13001.6298828125
2021-05-13,1620912600,13133.73046875,13226.6396484375,13006.76953125,13109.150390625
2021-05-14,1620999000,13238.990234375,13430,13220.1904296875,13393.1201171875
2021-05-17,1621258200,13329.8603515625,13350.1396484375,13196.5703125,13312.91015625
2021-05-18,1621344600,13352.259765625,13400.51953125,13212.849609375,13217.6796875
2021-05-19,1621431000,12998.5302734375,13243.98046875,12994.349609375,13237.91015625
2021-05-20,1621517400,13294.58984375,13526.009765625,13293.099609375,13494.08984375
2021-05-21,1621603800,13573.2197265625,13573.83984375,13401.5302734375,13411.740234375
2021-05-24,1621863000,13504.3896484375,13687.6103515625,13500.1201171875,13641.75
2021-05-25,1621949400,13701.2998046875,13734.41015625,13614.5400390625,13657.73046875
2021-05-26,1622035800,13687.7099609375,13726.0595703125,13661.0595703125,13702.740234375
2021-05-27,1622122200,13686.8603515625,13724.759765625,13652.1298828125,13657.849609375
2021-05-28,1622208600,13717,13765.7998046875,13684.830078125,13686.509765625
2021-06-01,1622554200,13764.26953125,13773.4501953125,13602.1201171875,13654.58984375
2021-06-02,1622640600,13655.7099609375,13712.6796875,13610.16015625,13675.7900390625
2021-06-03,1622727000,13568.91015625,13608.5400390625,13469.849609375,13529.6796875
2021-06-04,1622813400,13619.7900390625,13784.76953125,13613.580078125,13770.76953125
2021-06-07,1623072600,13744.150390625,13808.419921875,13710.1103515625,13802.8896484375
2021-06-08,1623159000,13873.4599609375,13913.400390625,13746.419921875,13810.8603515625
2021-06-09,1623245400,13865.509765625,13900.7099609375,13811.0498046875,13814.9404296875
2021-06-10,1623331800,13834.259765625,13962.98046875,13817.830078125,13960.349609375
2021-06-11,1623418200,13959.4697265625,13998.650390625,13934,13998.2998046875
2021-06-14,1623677400,14002.1396484375,14129.330078125,13963.9404296875,14128.2001953125
2021-06-15,1623763800,14120.8095703125,14126.259765625,14008.9296875,14030.41015625
2021-06-16,1623850200,14053.1201171875,14100.1103515625,13843.599609375,13983.009765625
2021-06-17,1623936600,13946.7001953125,14205.4296875,13946.51953125,14163.8095703125
2021-06-18,1624023000,14125.1201171875,14140.6201171875,14024.599609375,14049.580078125
2021-06-21,1624282200,14055.0400390625,14150.91015625,13967.8896484375,14137.23046875
2021-06-22,1624368600,14140.2998046875,14288.490234375,14128.009765625,14270.419921875
2021-06-23,1624455000,14275.08984375,14324.740234375,14247.580078125,14274.240234375
2021-06-24,1624541400,14358.2998046875,14429.1396484375,14337.650390625,14365.9599609375
2021-06-25,1624627800,14396.6298828125,14401.7099609375,14324.259765625,14345.1796875
2021-06-28,1624887000,14401.6298828125,14530.0703125,14400.58984375,14524.98046875
2021-06-29,1624973400,14523.6298828125,14575.1904296875,14481.849609375,14572.75
2021-06-30,1625059800,14560.0703125,14582.2998046875,14530.8701171875,14554.7998046875
2021-07-01,1625146200,14530.6298828125,14576.6396484375,14483.419921875,14560.0498046875
2021-07-02,1625232600,14633.509765625,14738.1396484375,14626.8203125,14727.6298828125
2021-07-06,1625578200,14755.150390625,14797.4501953125,14635.3095703125,14786.3603515625
2021-07-07,1625664600,14889.759765625,14891.1904296875,14735.75,14810.5400390625
2021-07-08,1625751000,14577.669921875,14763.669921875,14551.759765625,14722.1396484375
2021-07-09,1625837400,14709.3203125,14838.7197265625,14685.5400390625,14826.08984375
2021-07-12,1626096600,14878.7099609375,14899.4599609375,14813.7900390625,14877.8896484375
2021-07-13,1626183000,14871.0400390625,15002.2802734375,14843.7998046875,14874.5400390625
2021-07-14,1626269400,14984.8603515625,15001.1298828125,14871.73046875,14900.4404296875
2021-07-15,1626355800,14903.490234375,14907.509765625,14717.5498046875,14794.6904296875
2021-07-16,1626442200,14842.080078125,14875.9697265625,14667.099609375,14681.3798828125
2021-07-19,1626701400,14517.9599609375,14578.9599609375,14455.0703125,14549.08984375
2021-07-20,1626787800,14601.33984375,14790.599609375,14530.7802734375,14728.2099609375
2021-07-21,1626874200,14723.669921875,14843.169921875,14710.1103515625,14842.6298828125
2021-07-22,1626960600,14865.4697265625,14941.3798828125,14865.4697265625,14940.169921875
2021-07-23,1627047000,15004.4296875,15125.83984375,14948.0400390625,15111.7900390625
2021-07-26,1627306200,15088.2802734375,15142.349609375,15048.23046875,15125.9501953125
2021-07-27,1627392600,15103.009765625,15107.740234375,14787.7998046875,14956.9697265625
2021-07-28,1627479000,15005.169921875,15078.849609375,14913.5498046875,15018.099609375
2021-07-29,1627565400,15015.2998046875,15091.9599609375,15004.419921875,15048.3603515625
2021-07-30,1627651800,14882.3896484375,14990.8603515625,14882.3896484375,14959.900390625
2021-08-02,1627911000,15046.099609375,15059.8896484375,14945.1298828125,14963.6201171875
2021-08-03,1627997400,14997.2001953125,15063.66015625,14864.5302734375,15061.419921875
2021-08-04,1628083800,15059.16015625,15117.3798828125,15017.1396484375,15083.3896484375
2021-08-05,1628170200,15105.400390625,15184.26953125,15083.83984375,15181.6396484375
2021-08-06,1628256600,15125.740234375,15162.33984375,15063.01953125,15109.3603515625
2021-08-09,1628515800,15136.1396484375,15154.6796875,15081.75,15133.1103515625
2021-08-10,1628602200,15157.3701171875,15169.4501953125,15010.16015625,15053.580078125
2021-08-11,1628688600,15101.8203125,15127.7802734375,14972.599609375,15027.759765625
2021-08-12,1628775000,15012.599609375,15097.91015625,14956.25,15088.98046875
2021-08-13,1628861400,15101.83984375,15150.48046875,15079.2998046875,15136.6796875
2021-08-16,1629120600,15090.0498046875,15142.0302734375,14931.150390625,15140.76953125
2021-08-17,1629207000,15018.9404296875,15062.7001953125,14906.2197265625,15002.830078125
2021-08-18,1629293400,14975.01953125,15039.900390625,14846.509765625,14857.919921875
2021-08-19,1629379800,14773.1904296875,15000.1904296875,14773.1904296875,14933.9404296875
2021-08-20,1629466200,14974.0595703125,15103.9404296875,14968.8701171875,15092.5703125
2021-08-23,1629725400,15140.1396484375,15341.4697265625,15140.1396484375,15312.8203125
2021-08-24,1629811800,15338.919921875,15384.419921875,15319.5498046875,15357.6796875
2021-08-25,1629898200,15384.830078125,15404.3603515625,15341.919921875,15368.919921875
2021-08-26,1629984600,15348.98046875,15369.2802734375,15265.23046875,15278.51953125
2021-08-27,1630071000,15305.75,15447.0302734375,15292.740234375,15432.9501953125
2021-08-30,1630330200,15460.9296875,15620.6201171875,15459.740234375,15605.08984375
2021-08-31,1630416600,15601.33984375,15604.4501953125,15522.7802734375,15582.509765625
2021-09-01,1630503000,15637.1298828125,15696.419921875,15603.669921875,15611.5703125
2021-09-02,1630589400,15656.2802734375,15681.759765625,15554.2900390625,15604.25
2021-09-03,1630675800,15578.9599609375,15668.1201171875,15554.9697265625,15652.8603515625
2021-09-07,1631021400,15662.2998046875,15701.400390625,15610.23046875,15675.759765625
2021-09-08,1631107800,15669.009765625,15669.009765625,15528.4501953125,15620.849609375
2021-09-09,1631194200,15639.4404296875,15675.4599609375,15556.740234375,15561.0498046875
2021-09-10,1631280600,15648.0498046875,15673.5,15433.4296875,15440.75
2021-09-13,1631539800,15545.66015625,15562.2802734375,15351.7001953125,15434.5
2021-09-14,1631626200,15505.7802734375,15525.9697265625,15352.0595703125,15382.900390625
2021-09-15,1631712600,15419.9501953125,15518.9501953125,15316.400390625,15503.5302734375
2021-09-16,1631799000,15452.669921875,15539.1396484375,15370.8798828125,15515.91015625
2021-09-17,1631885400,15481.4296875,15485.2099609375,15291.0400390625,15333.4697265625
2021-09-20,1632144600,15068.650390625,15157.259765625,14821.0302734375,15012.1904296875
2021-09-21,1632231000,15096.9697265625,15139.900390625,14986.98046875,15027.76953125
2021-09-22,1632317400,15073.9599609375,15230.33984375,15029.900390625,15176.509765625
2021-09-23,1632403800,15231.2001953125,15356.919921875,15199.4296875,15316.580078125
2021-09-24,1632490200,15222.9697265625,15345.5400390625,15209.16015625,15329.6796875
2021-09-27,1632749400,15205.23046875,15240.580078125,15106.4501953125,15204.8203125
2021-09-28,1632835800,15001.98046875,15040.5703125,14758.98046875,14770.2998046875
2021-09-29,1632922200,14835.509765625,14914.919921875,14727.41015625,14752.8896484375
2021-09-30,1633008600,14830.2998046875,14888.2197265625,14684.5498046875,14689.6201171875
2021-10-01,1633095000,14731.3798828125,14830.83984375,14555.1201171875,14791.8701171875
2021-10-04,1633354200,14713.599609375,14727.599609375,14384.9296875,14472.1201171875
2021-10-05,1633440600,14533.4296875,14763.6396484375,14520.23046875,14674.150390625
2021-10-06,1633527000,14529.8896484375,14775.6396484375,14499.48046875,14766.75
2021-10-07,1633613400,14899.0703125,15010.3203125,14878.2197265625,14897.1298828125
2021-10-08,1633699800,14942.3603515625,14948.349609375,14805.5,14820.75
2021-10-11,1633959000,14765.6904296875,14907.5703125,14709.0498046875,14713.73046875
2021-10-12,1634045400,14772.2900390625,14784.7802734375,14636.330078125,14662.1103515625
2021-10-13,1634131800,14751.7998046875,14800.830078125,14676.580078125,14774.599609375
2021-10-14,1634218200,14925.580078125,15059.8896484375,14901.58984375,15052.419921875
2021-10-15,1634304600,15106.9697265625,15150.1396484375,15064.58984375,15146.919921875
2021-10-18,1634563800,15091.580078125,15307.509765625,15074.7099609375,15300.8896484375
2021-10-19,1634650200,15349.4501953125,15414.9697265625,15320.6201171875,15410.7197265625
2021-10-20,1634736600,15448,15457.1103515625,15333.4296875,15388.7099609375
2021-10-21,1634823000,15365.8095703125,15497.580078125,15350.5,15489.58984375
2021-10-22,1634909400,15422.0703125,15474.2802734375,15291.9501953125,15355.0703125
2021-10-25,1635168600,15417.25,15555.650390625,15338.490234375,15514.1904296875
2021-10-26,1635255000,15615.3603515625,15710.7900390625,15518.58984375,15559.490234375
2021-10-27,1635341400,15603.16015625,15729.75,15578.6796875,15598.3896484375
2021-10-28,1635427800,15674.3896484375,15784,15650.009765625,15778.16015625
2021-10-29,1635514200,15638.740234375,15856.900390625,15638.740234375,15850.4697265625
2021-11-01,1635773400,15879.6103515625,15910.349609375,15785.3095703125,15905.2802734375
2021-11-02,1635859800,15885.33984375,15988.330078125,15877.26953125,15972.490234375
2021-11-03,1635946200,16000.599609375,16157.599609375,15950.58984375,16144.5
2021-11-04,1636032600,16193.2197265625,16387.94921875,16169.5595703125,16346.240234375
2021-11-05,1636119000,16397.58984375,16454.48046875,16302.0595703125,16359.3798828125
2021-11-08,1636381800,16351.490234375,16401.9296875,16314,16336.0302734375
2021-11-09,1636468200,16389.990234375,16401.890625,16168.6298828125,16219.9404296875
2021-11-10,1636554600,16087.01953125,16224.509765625,15905.2802734375,15985.5703125
2021-11-11,1636641000,16114.0498046875,16116.25,16019.3896484375,16032.4697265625
2021-11-12,1636727400,16078.1298828125,16218.5498046875,16012.7802734375,16199.8896484375
2021-11-15,1636986600,16227.009765625,16256.73046875,16096.3701171875,16189.1201171875
2021-11-16,1637073000,16170.2900390625,16329.5,16156.6904296875,16309.76953125
2021-11-17,1637159400,16329.0703125,16398.94921875,16276.76953125,16308.0703125
2021-11-18,1637245800,16398.759765625,16501.919921875,16309.509765625,16482.970703125
2021-11-19,1637332200,16558.560546875,16625.859375,16523.830078125,16573.33984375
2021-11-22,1637591400,16644.76953125,16764.859375,16374.7802734375,16380.98046875
2021-11-23,1637677800,16330.1796875,16417.5,16121.7001953125,16306.7197265625
2021-11-24,1637764200,16202.259765625,16370.5595703125,16106.01953125,16367.8095703125
2021-11-26,1637937000,16237.41015625,16302.580078125,15988.9501953125,16025.580078125
2021-11-29,1638196200,16263.4296875,16437.16015625,16214.5595703125,16399.240234375
2021-11-30,1638282600,16333.9501953125,16454.560546875,16073.759765625,16135.919921875
2021-12-01,1638369000,16347.9599609375,16427.189453125,15864,15877.7197265625
2021-12-02,1638455400,15791.2998046875,16066.3203125,15770.919921875,15990.759765625
2021-12-03,1638541800,16039.41015625,16089.6103515625,15543.3095703125,15712.0400390625
2021-12-06,1638801000,15744.91015625,15898.58984375,15557.7802734375,15846.16015625
2021-12-07,1638887400,16139.5595703125,16343.669921875,16128.4404296875,16325.66015625
2021-12-08,1638973800,16313.8798828125,16401.099609375,16250.3896484375,16394.33984375
2021-12-09,1639060200,16337.8095703125,16413.279296875,16141.3896484375,16149.5703125
2021-12-10,1639146600,16278.2998046875,16339.1201171875,16139,16331.98046875
2021-12-13,1639405800,16317.900390625,16332.6298828125,16075.5400390625,16082.5498046875
2021-12-14,1639492200,15877.650390625,15995.2099609375,15742.7998046875,15914.900390625
2021-12-15,1639578600,15908.4501953125,16301.26953125,15746.9404296875,16289.58984375
2021-12-16,1639665000,16335.0302734375,16340.5302734375,15802.6298828125,15863.9404296875
2021-12-17,1639751400,15714.5400390625,15960.25,15664.099609375,15801.4599609375
2021-12-20,1640010600,15566.830078125,15662.6103515625,15508.740234375,15627.6396484375
2021-12-21,1640097000,15794.3798828125,15997.6103515625,15617.48046875,15986.2802734375
2021-12-22,1640183400,15963.5400390625,16186.25,15947.5595703125,16180.1396484375
2021-12-23,1640269800,16203.759765625,16360.75,16188.0302734375,16308.2099609375
2021-12-27,1640615400,16361.0703125,16567.640625,16361.0703125,16567.5
2021-12-28,1640701800,16602.919921875,16607.189453125,16458.490234375,16488.66015625
2021-12-29,1640788200,16510.630859375,16548.919921875,16396.16015625,16491.009765625
2021-12-30,1640874600,16485.400390625,16569.619140625,16415.119140625,16429.099609375
2021-12-31,1640961000,16411.259765625,16464.619140625,16317.259765625,16320.080078125
2022-01-03,1641220200,16395.509765625,16504.140625,16306.6396484375,16501.76953125
2022-01-04,1641306600,16513.869140625,16513.869140625,16151.900390625,16279.73046875
2022-01-05,1641393000,16190.5498046875,16249.23046875,15763.83984375,15771.7802734375
2022-01-06,1641479400,15675.2197265625,15900.599609375,15608.5703125,15765.3603515625
2022-01-07,1641565800,15774.1298828125,15835,15526.7998046875,15592.1904296875
2022-01-10,1641825000,15383.1796875,15627.919921875,15165.5302734375,15614.4296875
2022-01-11,1641911400,15582.7197265625,15848.5595703125,15496.91015625,15844.1201171875
2022-01-12,1641997800,15955.48046875,16017.3896484375,15815.9501953125,15905.099609375
2022-01-13,1642084200,15970.08984375,15990.3798828125,15468.08984375,15495.6201171875
2022-01-14,1642170600,15396.4697265625,15617.1796875,15396.4697265625,15611.58984375
2022-01-18,1642516200,15378.0595703125,15446.2998046875,15182.9599609375,15210.759765625
2022-01-19,1642602600,15287.25,15382,15038.4404296875,15047.83984375
2022-01-20,1642689000,15176.3798828125,15347.6201171875,14832.6904296875,14846.4599609375
2022-01-21,1642775400,14728.66015625,14868.4501953125,14432.6396484375,14438.400390625
2022-01-24,1643034600,14160.91015625,14532.5703125,13724.849609375,14509.580078125
2022-01-25,1643121000,14237.599609375,14410.4296875,14033.8095703125,14149.1201171875
2022-01-26,1643207400,14492.51953125,14646.5400390625,14006.400390625,14172.759765625
2022-01-27,1643293800,14346.4599609375,14419.4501953125,13972.8798828125,14003.1103515625
2022-01-28,1643380200,14091.3095703125,14457.7802734375,13880.48046875,14454.6103515625
2022-01-31,1643639400,14505.0703125,14934.51953125,14442.8798828125,14930.0498046875
2022-02-01,1643725800,14966.599609375,15034.419921875,14749.490234375,15019.6796875
2022-02-02,1643812200,15173.0302734375,15196.400390625,14960.849609375,15139.740234375
2022-02-03,1643898600,14693.849609375,14856.509765625,14471.2001953125,14501.1103515625
2022-02-04,1643985000,14566.2802734375,14832.0498046875,14452.2802734375,14694.349609375
2022-02-07,1644244200,14716.4296875,14813.8603515625,14524.6298828125,14571.25
2022-02-08,1644330600,14533.25,14785.2197265625,14485.7802734375,14747.0302734375
2022-02-09,1644417000,14930.990234375,15057.900390625,14870.3603515625,15056.9599609375
2022-02-10,1644503400,14770.6796875,15037.259765625,14636.6201171875,14705.6396484375
2022-02-11,1644589800,14739.4599609375,14769.6396484375,14194.5400390625,14253.83984375
2022-02-14,1644849000,14233.400390625,14400.7802734375,14119.73046875,14268.58984375
2022-02-15,1644935400,14482.1103515625,14624.5302734375,14444.4599609375,14620.8203125
2022-02-16,1645021800,14514.83984375,14647.7900390625,14399.2900390625,14603.6396484375
2022-02-17,1645108200,14485.080078125,14497.4599609375,14155.4296875,14171.740234375
2022-02-18,1645194600,14207.5498046875,14225.7197265625,13918.759765625,14009.5400390625
2022-02-22,1645540200,13892.8095703125,14109.259765625,13720.919921875,13870.5302734375
2022-02-23,1645626600,14016.9404296875,14035.9296875,13502.580078125,13509.4296875
2022-02-24,1645713000,13065.4404296875,13989.099609375,13065.4404296875,13974.669921875
2022-02-25,1645799400,13973.900390625,14193,13850.2900390625,14189.16015625
2022-02-28,1646058600,14058.6103515625,14296.599609375,14009.3603515625,14237.8095703125
2022-03-01,1646145000,14197.66015625,14271.580078125,13906.919921875,14005.990234375
2022-03-02,1646231400,14075.1103515625,14292.7197265625,13962.6904296875,14243.6904296875
2022-03-03,1646317800,14339.7001953125,14342.5595703125,13965.1103515625,14035.2099609375
2022-03-04,1646404200,13957.599609375,13992.9697265625,13738.6103515625,13837.830078125
2022-03-07,1646663400,13853.5302734375,13879.099609375,13314.4404296875,13319.3798828125
2022-03-08,1646749800,13275.23046875,13663.26953125,13129.400390625,13267.6103515625
2022-03-09,1646836200,13610.48046875,13793.1103515625,13504.48046875,13742.2001953125
2022-03-10,1646922600,13577.83984375,13633.6904296875,13399.4599609375,13591
2022-03-11,1647009000,13701.7998046875,13714.4404296875,13285.1904296875,13301.830078125
2022-03-14,1647264600,13248.08984375,13386.669921875,13020.400390625,13046.6396484375
2022-03-15,1647351000,13174.9697265625,13488.1796875,13092.4501953125,13458.5595703125
2022-03-16,1647437400,13633.1201171875,13960.25,13475.08984375,13956.7900390625
2022-03-17,1647523800,13878.990234375,14125.669921875,13827.33984375,14118.599609375
2022-03-18,1647610200,14061.2900390625,14427.4697265625,14014.4296875,14420.080078125
2022-03-21,1647869400,14377.150390625,14470.6796875,14190.5302734375,14376.08984375
2022-03-22,1647955800,14396.0302734375,14688.9697265625,14385.5498046875,14654.330078125
2022-03-23,1648042200,14525.2197265625,14681.330078125,14446.0400390625,14447.5498046875
2022-03-24,1648128600,14529.7197265625,14767.73046875,14440.669921875,14765.6904296875
2022-03-25,1648215000,14766.900390625,14805.8798828125,14577.58984375,14754.3095703125
2022-03-28,1648474200,14763.16015625,14989.080078125,14705.919921875,14987.400390625
2022-03-29,1648560600,15142.9296875,15265.419921875,15039.6103515625,15239.3203125
2022-03-30,1648647000,15177.150390625,15229.009765625,15010.33984375,15071.5498046875
2022-03-31,1648733400,15074.23046875,15088.3798828125,14835.16015625,14838.490234375
2022-04-01,1648819800,14886.91015625,14925.9296875,14723.830078125,14861.2099609375
2022-04-04,1649079000,14903.3798828125,15161.8896484375,14884.5703125,15159.580078125
2022-04-05,1649165400,15109.26953125,15120.669921875,14782.5703125,14820.6396484375
2022-04-06,1649251800,14600.2998046875,14639.349609375,14395.400390625,14498.8896484375
2022-04-07,1649338200,14469.5,14624.240234375,14315.6904296875,14531.8095703125
2022-04-08,1649424600,14450.5302734375,14490.1904296875,14307.6796875,14327.259765625
2022-04-11,1649683800,14149.599609375,14187.669921875,13979.1396484375,13990.2099609375
2022-04-12,1649770200,14175.66015625,14264.740234375,13882.75,13940.240234375
2022-04-13,1649856600,13939.6103515625,14258.8095703125,13919.48046875,14217.2900390625
2022-04-14,1649943000,14225.4697265625,14235.3896484375,13884.8203125,13893.2099609375
2022-04-18,1650288600,13859.4697265625,13997.9296875,13788.9599609375,13910.759765625
2022-04-19,1650375000,13882.75,14236.509765625,13844.740234375,14210.259765625
2022-04-20,1650461400,14246.2001953125,14263.6103515625,13962.8603515625,13998.5302734375
2022-04-21,1650547800,14174.919921875,14277.2099609375,13682.6796875,13720.4501953125
2022-04-22,1650634200,13714.6298828125,13769.400390625,13342.7900390625,13356.8701171875
2022-04-25,1650893400,13275.41015625,13541.76953125,13239.73046875,13533.2197265625
2022-04-26,1650979800,13447.66015625,13447.66015625,13009.650390625,13009.7099609375
2022-04-27,1651066200,13009.400390625,13241.9404296875,12936.41015625,13003.3603515625
2022-04-28,1651152600,13254.9599609375,13542.5595703125,13038.169921875,13456.0595703125
2022-04-29,1651239000,13274.9404296875,13428.5302734375,12835.48046875,12854.7998046875
2022-05-02,1651498200,12864.830078125,13083.5703125,12716.6298828125,13075.849609375
2022-05-03,1651584600,13045.349609375,13178.740234375,12982.7001953125,13089.900390625
2022-05-04,1651671000,13110.2998046875,13556.669921875,12887.5302734375,13535.7099609375
2022-05-05,1651757400,13344.7900390625,13344.7900390625,12710.58984375,12850.5498046875
2022-05-06,1651843800,12776.8603515625,12926.580078125,12522.76953125,12693.5302734375
2022-05-09,1652103000,12465.91015625,12542.3203125,12136.1904296875,12187.7197265625
2022-05-10,1652189400,12496.83984375,12537.8896484375,12173.4697265625,12345.8603515625
2022-05-11,1652275800,12240.2099609375,12470.8896484375,11939.08984375,11967.5595703125
2022-05-12,1652362200,11790.1298828125,12128.73046875,11692.1201171875,11945.5
2022-05-13,1652448600,12125.9296875,12429.2802734375,12069.1298828125,12387.400390625
2022-05-16,1652707800,12297.0703125,12395.509765625,12196.2099609375,12243.580078125
2022-05-17,1652794200,12496.6298828125,12572.990234375,12333.990234375,12564.099609375
2022-05-18,1652880600,12352.919921875,12389.9599609375,11887,11928.3095703125
2022-05-19,1652967000,11872.5595703125,12066.849609375,11795.7900390625,11875.6298828125
2022-05-20,1653053400,12037.0302734375,12044.7001953125,11492.2900390625,11835.6201171875
2022-05-23,1653312600,11867.080078125,12047.8095703125,11785.759765625,12034.2802734375
2022-05-24,1653399000,11807.7802734375,11842.8095703125,11576.1103515625,11769.83984375
2022-05-25,1653485400,11732.4501953125,12028.8896484375,11714.26953125,11943.9296875
2022-05-26,1653571800,11906.830078125,12337.73046875,11901.8701171875,12276.7900390625
2022-05-27,1653658200,12421.7998046875,12682.580078125,12405.2900390625,12681.419921875
2022-05-31,1654003800,12688.9501953125,12762.83984375,12482.3203125,12642.099609375
2022-06-01,1654090200,12750.3095703125,12820.4697265625,12457.91015625,12548.3603515625
2022-06-02,1654176600,12498.6298828125,12897.6298828125,12447.76953125,12892.8896484375
2022-06-03,1654263000,12650.3798828125,12724.8095703125,12505.759765625,12548.0302734375
2022-06-06,1654522200,12745.8896484375,12804.4599609375,12534.580078125,12599.6298828125
2022-06-07,1654608600,12456.490234375,12737.2998046875,12413.5595703125,12711.6796875
2022-06-08,1654695000,12682.8095703125,12776.650390625,12578.5498046875,12615.1298828125
2022-06-09,1654781400,12543.3701171875,12666.41015625,12265.8603515625,12269.7802734375
2022-06-10,1654867800,12052.58984375,12082.6904296875,11825.349609375,11832.8203125
2022-06-13,1655127000,11472.1904296875,11568.650390625,11254.1904296875,11288.3203125
2022-06-14,1655213400,11385.1796875,11418.2197265625,11205.919921875,11311.6904296875
2022-06-15,1655299800,11468.1298828125,11751.2900390625,11346.5400390625,11593.76953125
2022-06-16,1655386200,11286.8701171875,11311.0498046875,11037.2099609375,11127.5703125
2022-06-17,1655472600,11172.650390625,11357.9697265625,11089.9296875,11265.990234375
2022-06-21,1655818200,11446.98046875,11638.4697265625,11446.98046875,11546.759765625
2022-06-22,1655904600,11427.740234375,11708.080078125,11423.2001953125,11527.7099609375
2022-06-23,1655991000,11622.08984375,11729.6201171875,11515.48046875,11697.6796875
2022-06-24,1656077400,11826.9501953125,12112.8203125,11812.1796875,12105.849609375
2022-06-27,1656336600,12157.9296875,12175.98046875,11965.669921875,12008.240234375
2022-06-28,1656423000,12021.33984375,12133.8701171875,11633.1298828125,11637.76953125
2022-06-29,1656509400,11619.009765625,11710.2099609375,11537.7197265625,11658.259765625
2022-06-30,1656595800,11532.3203125,11650.9599609375,11322.8603515625,11503.7197265625
2022-07-01,1656682200,11472.6298828125,11592.849609375,11378.6298828125,11585.6796875
2022-07-05,1657027800,11419.33984375,11781.740234375,11366.0703125,11779.900390625
2022-07-06,1657114200,11807.080078125,11941.3095703125,11727.3603515625,11852.58984375
2022-07-07,1657200600,11913.73046875,12137.7099609375,11897.509765625,12109.0498046875
2022-07-08,1657287000,11977.9501953125,12179.3203125,11956.0302734375,12125.6904296875
2022-07-11,1657546200,12008.759765625,12026.0595703125,11830.8896484375,11860.2802734375
2022-07-12,1657632600,11926.83984375,11990.4404296875,11684.01953125,11744.990234375
2022-07-13,1657719000,11523.91015625,11819.6904296875,11498.9599609375,11728.5302734375
2022-07-14,1657805400,11637.1796875,11801.1103515625,11488.26953125,11768.400390625
2022-07-15,1657891800,11896.150390625,11987.51953125,11828.1298828125,11983.6201171875
2022-07-18,1658151000,12089.6796875,12156.08984375,11836.51953125,11877.5
2022-07-19,1658237400,12046.6904296875,12258.3701171875,11967.919921875,12249.419921875
2022-07-20,1658323800,12269.0703125,12488.3896484375,12232.2001953125,12439.6796875
2022-07-21,1658410200,12466.1298828125,12620.5,12351.419921875,12619.41015625
2022-07-22,1658496600,12575.759765625,12662.8603515625,12322.8203125,12396.4697265625
2022-07-25,1658755800,12391.2099609375,12415.58984375,12244.400390625,12328.41015625
2022-07-26,1658842200,12248.2099609375,12259.009765625,12051.2099609375,12086.900390625
2022-07-27,1658928600,12299.33984375,12660.76953125,12256.9404296875,12601.4697265625
2022-07-28,1659015000,12580.6103515625,12741.830078125,12433.5498046875,12717.8701171875
2022-07-29,1659101400,12784.2001953125,12986.6396484375,12726.25,12947.9697265625
2022-08-01,1659360600,12877.0400390625,13084.6103515625,12833.16015625,12940.7802734375
2022-08-02,1659447000,12853.0400390625,13073.26953125,12809.009765625,12901.599609375
2022-08-03,1659533400,12983.580078125,13289.1904296875,12974.849609375,13253.259765625
2022-08-04,1659619800,13253.76953125,13326.7197265625,13170.4404296875,13311.0400390625
2022-08-05,1659706200,13107.4501953125,13286.01953125,13070.3603515625,13207.6904296875
2022-08-08,1659965400,13227.08984375,13394.5400390625,13103.7998046875,13159.16015625
2022-08-09,1660051800,13064.240234375,13095.7001953125,12945.599609375,13008.169921875
2022-08-10,1660138200,13330.66015625,13386.849609375,13220.0498046875,13378.3203125
2022-08-11,1660224600,13471.0302734375,13555.3798828125,13271.349609375,13291.990234375
2022-08-12,1660311000,13384.650390625,13565.8701171875,13341.650390625,13565.8701171875
2022-08-15,1660570200,13529.66015625,13685.650390625,13524.5302734375,13667.1796875
2022-08-16,1660656600,13617.66015625,13720.91015625,13508.4697265625,13635.2099609375
2022-08-17,1660743000,13499.240234375,13591.580078125,13389.8203125,13470.8603515625
2022-08-18,1660829400,13474.240234375,13553.2802734375,13405.740234375,13505.990234375
2022-08-19,1660915800,13370.25,13402.6103515625,13210.8203125,13242.900390625
2022-08-22,1661175000,13056.3896484375,13073.0703125,12859.8203125,12890.5400390625
2022-08-23,1661261400,12885.2802734375,13000.7099609375,12852.7001953125,12881.7900390625
2022-08-24,1661347800,12876.23046875,12995.1396484375,12843.580078125,12917.8603515625
2022-08-25,1661434200,12984.740234375,13146.83984375,12951.6103515625,13143.580078125
2022-08-26,1661520600,13129.91015625,13175.25,12603.41015625,12605.169921875
2022-08-29,1661779800,12488.4599609375,12594.33984375,12440.400390625,12484.3203125
2022-08-30,1661866200,12562.400390625,12572.8798828125,12240.8203125,12342.7001953125
2022-08-31,1661952600,12448.0703125,12502.150390625,12268.080078125,12272.0302734375
2022-09-01,1662039000,12158.8798828125,12290.330078125,12012.98046875,12274.6201171875
2022-09-02,1662125400,12392.4599609375,12451.2802734375,12035.5302734375,12098.4404296875
2022-09-06,1662471000,12106.5703125,12152.419921875,11928.8095703125,12011.3095703125
2022-09-07,1662557400,12038.1796875,12298.1201171875,12026.98046875,12259.3896484375
2022-09-08,1662643800,12139.5703125,12374.1298828125,12120.259765625,12321.1904296875
2022-09-09,1662730200,12424.150390625,12610.4296875,12424.150390625,12588.2900390625
2022-09-12,1662989400,12649.23046875,12752.830078125,12639.759765625,12739.7197265625
2022-09-13,1663075800,12364.830078125,12420.009765625,12004.419921875,12033.6201171875
2022-09-14,1663162200,12092.0302734375,12170.25,12016.4296875,12134.400390625
2022-09-15,1663248600,12034.4296875,12153.33984375,11867.8798828125,11927.490234375
2022-09-16,1663335000,11775.9404296875,11875.08984375,11710.259765625,11861.3798828125
2022-09-19,1663594200,11753.599609375,11956.7900390625,11752.4296875,11953.26953125
2022-09-20,1663680600,11855.83984375,11951.1298828125,11761.6904296875,11851.5400390625
2022-09-21,1663767000,11892.7197265625,12062.51953125,11636.25,11637.7900390625
2022-09-22,1663853400,11574.3203125,11617.990234375,11448.8603515625,11501.650390625
2022-09-23,1663939800,11398.75,11402.41015625,11169.66015625,11311.240234375
2022-09-26,1664199000,11283.1396484375,11473.3603515625,11235.740234375,11254.1103515625
2022-09-27,1664285400,11411.33984375,11502.3798828125,11175.2900390625,11271.75
2022-09-28,1664371800,11258.740234375,11546.8701171875,11210.8095703125,11493.830078125
2022-09-29,1664458200,11334.5703125,11339.91015625,11038.9404296875,11164.7802734375
2022-09-30,1664544600,11123.1103515625,11296.16015625,10966.9501953125,10971.2197265625
2022-10-03,1664803800,11059.169921875,11296.4296875,10985.009765625,11229.73046875
2022-10-04,1664890200,11477.849609375,11609.25,11462.3701171875,11582.5400390625
2022-10-05,1664976600,11429.4697265625,11647.6201171875,11312.51953125,11573.1796875
2022-10-06,1665063000,11556.400390625,11660.5498046875,11472.830078125,11485.5
2022-10-07,1665149400,11272.4599609375,11293.650390625,10991.66015625,11039.4697265625
2022-10-10,1665408600,11048.509765625,11063.2099609375,10824.25,10926.9697265625
2022-10-11,1665495000,10865.3203125,10981.91015625,10716.330078125,10791.349609375
2022-10-12,1665581400,10810.2998046875,10886.490234375,10754.849609375,10785.6201171875
2022-10-13,1665667800,10481.580078125,11087.66015625,10440.6396484375,11033.580078125
2022-10-14,1665754200,11130.080078125,11152.8896484375,10677.48046875,10692.0595703125
2022-10-17,1666013400,10967.25,11090.8701171875,10959.740234375,11062.5302734375
2022-10-18,1666099800,11368.759765625,11374.3798828125,11035.7998046875,11147.740234375
2022-10-19,1666186200,11081.8203125,11231.4599609375,11008.1103515625,11103.3798828125
2022-10-20,1666272600,11081.2197265625,11279.8095703125,11001.2802734375,11046.7099609375
2022-10-21,1666359000,10998.169921875,11327.76953125,10962.009765625,11310.330078125
2022-10-24,1666618200,11321.1103515625,11468.1796875,11166.490234375,11430.259765625
2022-10-25,1666704600,11482.8701171875,11681.849609375,11480.41015625,11669.990234375
2022-10-26,1666791000,11409.7900390625,11657.0595703125,11388.33984375,11405.900390625
2022-10-27,1666877400,11387.7099609375,11417.0400390625,11179.900390625,11191.6298828125
2022-10-28,1666963800,11176.990234375,11563.16015625,11176.990234375,11546.2099609375
2022-10-31,1667223000,11465.2099609375,11482.990234375,11331.259765625,11405.5703125
2022-11-01,1667309400,11571.5302734375,11574.3896484375,11278.2802734375,11288.9501953125
2022-11-02,1667395800,11300.26953125,11410.91015625,10903.48046875,10906.33984375
2022-11-03,1667482200,10769.4296875,10852.1796875,10680.830078125,10690.599609375
2022-11-04,1667568600,10911.98046875,10934.6201171875,10632.3896484375,10857.0302734375
2022-11-07,1667831400,10900.830078125,11001.16015625,10817.58984375,10977
2022-11-08,1667917800,11039.580078125,11191.900390625,10897.5302734375,11059.5
2022-11-09,1668004200,10971.4296875,11012.66015625,10790.349609375,10797.5498046875
2022-11-10,1668090600,11350.419921875,11612.2001953125,11235.740234375,11605.9599609375
2022-11-11,1668177000,11604.3603515625,11840.0703125,11535.5595703125,11817.009765625
2022-11-14,1668436200,11728.1103515625,11863.8203125,11669.099609375,11700.9404296875
2022-11-15,1668522600,12006.4501953125,12024.9501953125,11735.400390625,11871.150390625
2022-11-16,1668609000,11767.419921875,11796.990234375,11673.1396484375,11699.08984375
2022-11-17,1668695400,11521.6396484375,11737.6103515625,11519.3798828125,11676.8603515625
2022-11-18,1668781800,11791.849609375,11794.6796875,11579.6396484375,11677.01953125
2022-11-21,1669041000,11623.349609375,11664.9404296875,11524.4404296875,11553.4501953125
2022-11-22,1669127400,11590.830078125,11731.759765625,11503.33984375,11724.83984375
2022-11-23,1669213800,11725.080078125,11866.419921875,11722.009765625,11838.7197265625
2022-11-25,1669386600,11777.330078125,11803.91015625,11748.7900390625,11756.0302734375
2022-11-28,1669645800,11684.0703125,11764.830078125,11555.259765625,11587.75
2022-11-29,1669732200,11590.2998046875,11613.330078125,11450.33984375,11503.4501953125
2022-11-30,1669818600,11505.740234375,12031.33984375,11481.8896484375,12030.0595703125
2022-12-01,1669905000,12030.240234375,12115.33984375,11928.66015625,12041.8896484375
2022-12-02,1669991400,11845.5302734375,12027.6201171875,11825.5302734375,11994.259765625
2022-12-05,1670250600,11899.5400390625,11957.3603515625,11732.150390625,11786.7998046875
2022-12-06,1670337000,11775.2001953125,11790.9296875,11488.599609375,11549.6904296875
2022-12-07,1670423400,11490.990234375,11577.6904296875,11431.9599609375,11497.3896484375
2022-12-08,1670509800,11543.6796875,11672.1396484375,11470.6796875,11637.5
2022-12-09,1670596200,11594.3798828125,11707.08984375,11550.3095703125,11563.330078125
2022-12-12,1670855400,11572.259765625,11707.7099609375,11529.41015625,11706.4404296875
2022-12-13,1670941800,12141.240234375,12166.41015625,11724.900390625,11834.2099609375
2022-12-14,1671028200,11824.5400390625,11941.2802734375,11617.41015625,11740.919921875
2022-12-15,1671114600,11573.3798828125,11591.330078125,11300.349609375,11345.2197265625
2022-12-16,1671201000,11313.6396484375,11383.3896484375,11175.5400390625,11243.7197265625
2022-12-19,1671460200,11243,11251.5703125,11029.76953125,11084.58984375
2022-12-20,1671546600,11023.4697265625,11143.6201171875,10967.0703125,11072.419921875
2022-12-21,1671633000,11110.650390625,11285.7802734375,11083.3603515625,11235.8798828125
2022-12-22,1671719400,11099.3603515625,11114.23046875,10784.01953125,10956.1396484375
2022-12-23,1671805800,10911.0400390625,11007.08984375,10830.900390625,10985.4501953125
2022-12-27,1672151400,10944.2998046875,10957.4404296875,10807.6103515625,10822.509765625
2022-12-28,1672237800,10807.1201171875,10898.6396484375,10671.1904296875,10679.33984375
2022-12-29,1672324200,10800.7998046875,10981.0595703125,10776.6201171875,10951.0498046875
2022-12-30,1672410600,10835.58984375,10942.900390625,10778.6396484375,10939.759765625
2023-01-03,1672756200,11038.419921875,11093.099609375,10770.9296875,10862.6396484375
2023-01-04,1672842600,10949.33984375,10981.4599609375,10785.5302734375,10914.7998046875
2023-01-05,1672929000,10837.25,10842.330078125,10728.259765625,10741.2197265625
2023-01-06,1673015400,10807.4599609375,11082.58984375,10696.419921875,11040.349609375
2023-01-09,1673274600,11133.0703125,11304.83984375,11085.3203125,11108.4501953125
2023-01-10,1673361000,11069.0498046875,11207.5595703125,11050.6796875,11205.7802734375
2023-01-11,1673447400,11259.16015625,11403.8896484375,11220.75,11402.51953125
2023-01-12,1673533800,11441.4501953125,11500.8603515625,11246.01953125,11459.6103515625
2023-01-13,1673620200,11362.1298828125,11547.9599609375,11347.599609375,11541.48046875
2023-01-17,1673965800,11531.5400390625,11615.9501953125,11484.01953125,11557.1904296875
2023-01-18,1674052200,11636.6103515625,11690.26953125,11403.3095703125,11410.2900390625
2023-01-19,1674138600,11345.1904296875,11388.4599609375,11251.9404296875,11295.669921875
2023-01-20,1674225000,11363.849609375,11623.2001953125,11329.5400390625,11619.0302734375
2023-01-23,1674484200,11652,11918.8603515625,11617.830078125,11872.5400390625
2023-01-24,1674570600,11802.9501953125,11889.3701171875,11780.0703125,11846.6396484375
2023-01-25,1674657000,11636.009765625,11841.8095703125,11550.0703125,11814.6904296875
2023-01-26,1674743400,11972.5703125,12055.8095703125,11853.3701171875,12051.48046875
2023-01-27,1674829800,12000.2099609375,12248.150390625,11999.8701171875,12166.599609375
2023-01-30,1675089000,12047.16015625,12087.6796875,11906.1103515625,11912.3896484375
2023-01-31,1675175400,11915.9404296875,12104.1298828125,11915.9404296875,12101.9296875
2023-02-01,1675261800,12087.919921875,12458.8701171875,12010.73046875,12363.099609375
2023-02-02,1675348200,12655.1796875,12880.98046875,12600.759765625,12803.1396484375
2023-02-03,1675434600,12520.9501953125,12828.7099609375,12520.9501953125,12573.3603515625
2023-02-06,1675693800,12468.7998046875,12558.8701171875,12411.8798828125,12464.509765625
2023-02-07,1675780200,12474.9501953125,12771.58984375,12419.7099609375,12728.26953125
2023-02-08,1675866600,12680.0302734375,12709.4501953125,12471.1201171875,12495.3798828125
2023-02-09,1675953000,12677.5400390625,12679.5400390625,12327.4404296875,12381.169921875
2023-02-10,1676039400,12306.58984375,12375.7197265625,12204.2099609375,12304.919921875
2023-02-13,1676298600,12356.5,12522.7802734375,12313.4501953125,12502.3095703125
2023-02-14,1676385000,12413.099609375,12627.400390625,12356.3203125,12590.8896484375
2023-02-15,1676471400,12531.599609375,12689.33984375,12486.419921875,12687.8896484375
2023-02-16,1676557800,12495.0703125,12653.400390625,12440,12442.48046875
2023-02-17,1676644200,12352.2998046875,12385.51953125,12233.7900390625,12358.1796875
2023-02-21,1676989800,12205.2099609375,12257.0595703125,12058.23046875,12060.2998046875
2023-02-22,1677076200,12085.669921875,12156.2099609375,12006.0400390625,12066.26953125
2023-02-23,1677162600,12224.4404296875,12227.400390625,12003.3095703125,12180.1396484375
2023-02-24,1677249000,11979.7998046875,12018.3203125,11900.83984375,11969.650390625
2023-02-27,1677508200,12106.7900390625,12159.6396484375,12034.6103515625,12057.7900390625
2023-02-28,1677594600,12041.75,12146.51953125,12021.3203125,12042.1201171875
2023-03-01,1677681000,12026.7197265625,12054.48046875,11906.580078125,11938.5703125
2023-03-02,1677767400,11830.08984375,12074.58984375,11830.08984375,12044.8701171875
2023-03-03,1677853800,12110.7099609375,12300.4599609375,12095.240234375,12290.8095703125
2023-03-06,1678113000,12344.650390625,12466.8798828125,12297.5703125,12302.48046875
2023-03-07,1678199400,12303.1904296875,12344.0400390625,12130.009765625,12152.169921875
2023-03-08,1678285800,12181.0595703125,12237.7197265625,12102.2802734375,12215.330078125
2023-03-09,1678372200,12230.83984375,12340.4501953125,11970.33984375,11995.8798828125
2023-03-10,1678458600,12001.7001953125,12069.6201171875,11789.8603515625,11830.2802734375
2023-03-13,1678714200,11752.099609375,12073.9599609375,11695.41015625,11923.169921875
2023-03-14,1678800600,12078.4599609375,12217.8701171875,12035.2197265625,12199.7900390625
2023-03-15,1678887000,12083.240234375,12269.4501953125,12026.1796875,12251.3203125
2023-03-16,1678973400,12211.8701171875,12595.6904296875,12190.650390625,12581.3896484375
2023-03-17,1679059800,12570.16015625,12674.33984375,12444.080078125,12519.8798828125
2023-03-20,1679319000,12487.7900390625,12578.349609375,12407.8203125,12562.6103515625
2023-03-21,1679405400,12643.349609375,12762.4501953125,12582.759765625,12741.4404296875
2023-03-22,1679491800,12742.41015625,12943.6201171875,12563.7802734375,12567.150390625
2023-03-23,1679578200,12735.599609375,12900.099609375,12611.669921875,12729.23046875
2023-03-24,1679664600,12700.509765625,12770.2802734375,12608.150390625,12767.0498046875
2023-03-27,1679923800,12797.900390625,12839.419921875,12647.9404296875,12673.0703125
2023-03-28,1680010200,12654.91015625,12654.91015625,12517.8701171875,12610.5703125
2023-03-29,1680096600,12768.1396484375,12867.3203125,12734.6796875,12846.0302734375
2023-03-30,1680183000,12934.990234375,12987.9697265625,12894.1396484375,12963.1396484375
2023-03-31,1680269400,12968.9599609375,13188.830078125,12968,13181.349609375
2023-04-03,1680528600,13084.099609375,13157.4697265625,13036.5498046875,13148.349609375
2023-04-04,1680615000,13165.3203125,13204.080078125,13049.98046875,13100.080078125
2023-04-05,1680701400,13056.7900390625,13065.2802734375,12894.4404296875,12967.2001953125
2023-04-06,1680787800,12892.900390625,13078.099609375,12846.0302734375,13062.599609375
2023-04-10,1681133400,12936.51953125,13051.849609375,12861.51953125,13051.23046875
2023-04-11,1681219800,13040.490234375,13049.5595703125,12947.66015625,12964.150390625
2023-04-12,1681306200,13043.9697265625,13071.98046875,12833.3095703125,12848.349609375
2023-04-13,1681392600,12922.900390625,13124.41015625,12920.01953125,13109.3896484375
2023-04-14,1681479000,13044.6904296875,13152.2802734375,12962.509765625,13079.51953125
2023-04-17,1681738200,13053.259765625,13105.6796875,12981.259765625,13087.7099609375
2023-04-18,1681824600,13180.3095703125,13196.1796875,13044.2099609375,13091.7900390625
2023-04-19,1681911000,12992.509765625,13128.25,12988.2001953125,13088.7099609375
2023-04-20,1681997400,12962.2900390625,13107.919921875,12933.7998046875,12985.98046875
2023-04-21,1682083800,12970.3203125,13030.849609375,12899.6396484375,13000.76953125
2023-04-24,1682343000,12981.7099609375,13044.2197265625,12883.76953125,12969.759765625
2023-04-25,1682429400,12905.08984375,12933.2802734375,12724.240234375,12725.1103515625
2023-04-26,1682515800,12866.6396484375,12929.6201171875,12783.419921875,12806.48046875
2023-04-27,1682602200,12963.2099609375,13175.6201171875,12938.5,13160.0302734375
2023-04-28,1682688600,13139.349609375,13247.3896484375,13096.9404296875,13245.990234375
2023-05-01,1682947800,13229.1103515625,13287.4697265625,13186.400390625,13231.4697265625
2023-05-02,1683034200,13225.48046875,13241.5302734375,13046.7900390625,13113.66015625
2023-05-03,1683120600,13123.099609375,13231.7099609375,13026.0400390625,13030.2099609375
2023-05-04,1683207000,13014.0703125,13064.01953125,12938.4501953125,12982.48046875
2023-05-05,1683293400,13070.7001953125,13291.1103515625,13059.91015625,13259.1298828125
2023-05-08,1683552600,13247.08984375,13302.4296875,13193.080078125,13291.6396484375
2023-05-09,1683639000,13228.6396484375,13254.8095703125,13193.8798828125,13201.1103515625
2023-05-10,1683725400,13308.41015625,13384.419921875,13204.7900390625,13347.830078125
2023-05-11,1683811800,13376.849609375,13411.7001953125,13306.080078125,13389.7802734375
2023-05-12,1683898200,13407.01953125,13427.419921875,13256.5595703125,13340.1796875
2023-05-15,1684157400,13352.259765625,13419.8095703125,13297.849609375,13413.509765625
2023-05-16,1684243800,13385.3701171875,13498.4404296875,13384.76953125,13426.009765625
2023-05-17,1684330200,13474.51953125,13608.330078125,13419.349609375,13589.259765625
2023-05-18,1684416600,13608.9501953125,13844.759765625,13606.8095703125,13834.6201171875
2023-05-19,1684503000,13842.6904296875,13874.419921875,13763.900390625,13803.490234375
2023-05-22,1684762200,13805.330078125,13893.7099609375,13792.9697265625,13849.740234375
2023-05-23,1684848600,13773.6796875,13827.099609375,13662.91015625,13672.5400390625
2023-05-24,1684935000,13589.01953125,13655.73046875,13520.919921875,13604.48046875
2023-05-25,1685021400,13920.8896484375,13986.8701171875,13812.1796875,13938.5302734375
2023-05-26,1685107800,13990.5498046875,14329.490234375,13982.16015625,14298.41015625
2023-05-30,1685453400,14465.58984375,14520.169921875,14301.080078125,14354.990234375
2023-05-31,1685539800,14293.5595703125,14375.3798828125,14216.16015625,14254.08984375
2023-06-01,1685626200,14269.08984375,14493.3095703125,14219.9404296875,14441.509765625
2023-06-02,1685712600,14517.080078125,14595.8095703125,14442.150390625,14546.6396484375
2023-06-05,1685971800,14550.1298828125,14662.9501953125,14516.8798828125,14556.5
2023-06-06,1686058200,14526.099609375,14593.5,14476.990234375,14558.08984375
2023-06-07,1686144600,14573.26953125,14647.91015625,14283.8798828125,14303.2900390625
2023-06-08,1686231000,14319.240234375,14503.3095703125,14314.6904296875,14484.5400390625
2023-06-09,1686317400,14574.240234375,14672.849609375,14487.48046875,14528.3603515625
2023-06-12,1686576600,14617.349609375,14789.599609375,14571.3603515625,14784.2998046875
2023-06-13,1686663000,14911.259765625,14931.830078125,14770.1396484375,14900.849609375
2023-06-14,1686749400,14894.099609375,15017.099609375,14784.6201171875,15005.6904296875
2023-06-15,1686835800,14949.7001953125,15246.6201171875,14930.1201171875,15185.48046875
2023-06-16,1686922200,15272.650390625,15284.650390625,15073.4501953125,15083.919921875
2023-06-20,1687267800,15036.48046875,15127.419921875,14946.7197265625,15070.150390625
2023-06-21,1687354200,15019.009765625,15038.900390625,14826.01953125,14867.4501953125
2023-06-22,1687440600,14797.8896484375,15044.2197265625,14794.9501953125,15042.3203125
2023-06-23,1687527000,14879.23046875,14983.73046875,14821.8095703125,14891.48046875
2023-06-26,1687786200,14866.66015625,14982.8203125,14687.01953125,14689.01953125
2023-06-27,1687872600,14751.5703125,14972.3095703125,14726.75,14945.91015625
2023-06-28,1687959000,14876.25,15051.080078125,14865.8095703125,14964.5703125
2023-06-29,1688045400,14965.5498046875,14986.8896484375,14876.9404296875,14939.9501953125
2023-06-30,1688131800,15085.240234375,15213.75,15081.5703125,15179.2099609375
2023-07-03,1688391000,15190.5400390625,15232.9599609375,15153.599609375,15208.6904296875
2023-07-05,1688563800,15165.3603515625,15275.1796875,15162.66015625,15203.7802734375
2023-07-06,1688650200,15054.099609375,15106.4501953125,14969.1396484375,15089.4501953125
2023-07-07,1688736600,15070.5,15210.6298828125,15032.5595703125,15036.849609375
2023-07-10,1688995800,15031.9501953125,15066.4404296875,14924.6396484375,15045.6396484375
2023-07-11,1689082200,15068.1298828125,15135.2900390625,14974.16015625,15119.0595703125
2023-07-12,1689168600,15279.349609375,15364.08984375,15209.7099609375,15307.23046875
2023-07-13,1689255000,15432.48046875,15602.740234375,15420.7099609375,15571.98046875
2023-07-14,1689341400,15610,15720.0595703125,15531,15565.599609375
2023-07-17,1689600600,15608.2802734375,15745.669921875,15576.509765625,15713.2802734375
2023-07-18,1689687000,15671.7197265625,15895.6796875,15607.7099609375,15841.349609375
2023-07-19,1689773400,15888.16015625,15932.0498046875,15781.9599609375,15826.349609375
2023-07-20,1689859800,15717.669921875,15771.83984375,15429.8701171875,15466.08984375
2023-07-21,1689946200,15554.9501953125,15600.5400390625,15410.5703125,15425.669921875
2023-07-24,1690205400,15475.150390625,15504.669921875,15374.66015625,15448.01953125
2023-07-25,1690291800,15483.0595703125,15622.6904296875,15482.0400390625,15561.419921875
2023-07-26,1690378200,15514.0400390625,15571.16015625,15411.91015625,15499.259765625
2023-07-27,1690464600,15734.0302734375,15795.509765625,15416.0498046875,15464.9296875
2023-07-28,1690551000,15630.169921875,15788.48046875,15617.75,15750.9296875
2023-07-31,1690810200,15774.2998046875,15803.5498046875,15702.740234375,15757
2023-08-01,1690896600,15696.98046875,15748.4296875,15636.5703125,15718.009765625
2023-08-02,1690983000,15561.150390625,15561.3603515625,15321.4404296875,15370.740234375
2023-08-03,1691069400,15287.76953125,15436.58984375,15270.7197265625,15353.5400390625
2023-08-04,1691155800,15420.740234375,15523.3095703125,15258.6904296875,15274.919921875
2023-08-07,1691415000,15355.6201171875,15410.849609375,15258.919921875,15407.849609375
2023-08-08,1691501400,15279.41015625,15295.7998046875,15148.25,15273.0498046875
2023-08-09,1691587800,15286.990234375,15288.759765625,15077.91015625,15101.7099609375
2023-08-10,1691674200,15217.2900390625,15366.2900390625,15072.490234375,15128.83984375
2023-08-11,1691760600,15010.51953125,15102.5302734375,14973.669921875,15028.0703125
2023-08-14,1692019800,14988.419921875,15206.259765625,14972.009765625,15205.58984375
2023-08-15,1692106200,15172.080078125,15192.8798828125,15014.3603515625,15037.650390625
2023-08-16,1692192600,15021.6298828125,15077.0498046875,14874.01953125,14876.4697265625
2023-08-17,1692279000,14943.33984375,14949.580078125,14698.2900390625,14715.8095703125
2023-08-18,1692365400,14589.7099609375,14744.5703125,14557.830078125,14694.83984375
2023-08-21,1692624600,14762.009765625,14958.8701171875,14739.3701171875,14936.6904296875
2023-08-22,1692711000,15035.0703125,15037.7900390625,14883.98046875,14908.9599609375
2023-08-23,1692797400,14947.580078125,15188.8603515625,14947.580078125,15148.0595703125
2023-08-24,1692883800,15278.9296875,15279.240234375,14814.830078125,14816.4404296875
2023-08-25,1692970200,14858.9296875,15001.2900390625,14715.3603515625,14941.830078125
2023-08-28,1693229400,15035.48046875,15086.23046875,14948.919921875,15052.4599609375
2023-08-29,1693315800,15043.01953125,15391.5595703125,15034.5400390625,15376.5498046875
2023-08-30,1693402200,15386.669921875,15484.830078125,15341.9404296875,15462.4296875
2023-08-31,1693488600,15475.4296875,15575.009765625,15466.41015625,15501.0703125
2023-09-01,1693575000,15600.9501953125,15618.849609375,15429.3603515625,15490.8603515625
2023-09-05,1693920600,15460.51953125,15556.849609375,15419.9599609375,15508.240234375
2023-09-06,1694007000,15467.3203125,15487,15289.48046875,15371.4404296875
2023-09-07,1694093400,15174.2197265625,15288.2001953125,15138.73046875,15258.51953125
2023-09-08,1694179800,15265.5703125,15374.2197265625,15244.0595703125,15280.23046875
2023-09-11,1694439000,15409.76953125,15482.83984375,15328.349609375,15461.8701171875
2023-09-12,1694525400,15390.58984375,15447.849609375,15278.8798828125,15289.740234375
2023-09-13,1694611800,15293.26953125,15414.6103515625,15256.599609375,15348.5302734375
2023-09-14,1694698200,15433.009765625,15512.8203125,15337.1796875,15473.8896484375
2023-09-15,1694784600,15425.9501953125,15435.4501953125,15173.7099609375,15202.400390625
2023-09-18,1695043800,15161.169921875,15268.9599609375,15155.4599609375,15225.3701171875
2023-09-19,1695130200,15152.5302734375,15219.919921875,15069.41015625,15191.23046875
2023-09-20,1695216600,15225.33984375,15245.1904296875,14967.599609375,14969.919921875
2023-09-21,1695303000,14813.490234375,14849.25,14691.6904296875,14694.240234375
2023-09-22,1695389400,14756.6201171875,14855.919921875,14686.83984375,14701.099609375
2023-09-25,1695648600,14662.6904296875,14771.1201171875,14615.4501953125,14768.900390625
2023-09-26,1695735000,14668.4501953125,14678.48046875,14505.6796875,14545.830078125
2023-09-27,1695821400,14600.1396484375,14657.2099609375,14432.599609375,14580.16015625
2023-09-28,1695907800,14530.9599609375,14787.580078125,14510.169921875,14702.76953125
2023-09-29,1695994200,14853.349609375,14901.849609375,14664.7802734375,14715.240234375
2023-10-02,1696253400,14717.900390625,14892.1796875,14701.51953125,14837.5703125
2023-10-03,1696339800,14744.0498046875,14819.8701171875,14504.1396484375,14565.6201171875
2023-10-04,1696426200,14613.23046875,14803.0400390625,14592.5595703125,14776.25
2023-10-05,1696512600,14769.5498046875,14784.6904296875,14584.3896484375,14723.2197265625
2023-10-06,1696599000,14622.23046875,15021.3798828125,14575.9501953125,14973.240234375
2023-10-09,1696858200,14871.5703125,15070.6396484375,14816.3203125,15047.150390625
2023-10-10,1696944600,15074.0400390625,15241.9404296875,15050.5400390625,15131.51953125
2023-10-11,1697031000,15194.5302734375,15248.2197265625,15119.6201171875,15241.1201171875
2023-10-12,1697117400,15264.1103515625,15333.98046875,15090.6904296875,15184.099609375
2023-10-13,1697203800,15225.73046875,15232.3701171875,14943.419921875,14995.1201171875
2023-10-16,1697463000,15054.48046875,15209.5,15047.26953125,15172.73046875
2023-10-17,1697549400,15009.259765625,15187.0595703125,14932.76953125,15122.009765625
2023-10-18,1697635800,15022.2802734375,15103.8701171875,14865.8095703125,14909.259765625
2023-10-19,1697722200,14981.1298828125,15023.91015625,14749.2998046875,14783.1298828125
2023-10-20,1697808600,14752.58984375,14781.2197265625,14552.1201171875,14560.8798828125
2023-10-23,1698067800,14514.1103515625,14746.3701171875,14419.0595703125,14604.849609375
2023-10-24,1698154200,14678.41015625,14774.16015625,14610.330078125,14745.8603515625
2023-10-25,1698240600,14642.080078125,14643.6904296875,14362.240234375,14381.6396484375
2023-10-26,1698327000,14314.009765625,14372.509765625,14058.330078125,14109.5703125
2023-10-27,1698413400,14245.75,14321.0400390625,14130.3701171875,14180.419921875
2023-10-30,1698672600,14283.98046875,14388.2001953125,14225.8603515625,14335.509765625
2023-10-31,1698759000,14340.8603515625,14420.4404296875,14232.400390625,14409.7802734375
2023-11-01,1698845400,14453.6796875,14677.8603515625,14441.8896484375,14664.91015625
2023-11-02,1698931800,14856.9501953125,14930.759765625,14792.8095703125,14919.5498046875
2023-11-03,1699018200,14985.1201171875,15149.7802734375,14965.2900390625,15099.490234375
2023-11-06,1699281000,15137.16015625,15180.1904296875,15064.91015625,15154.9296875
2023-11-07,1699367400,15201.76953125,15335.4404296875,15153.3095703125,15296.01953125
2023-11-08,1699453800,15313.900390625,15343.1904296875,15220.8798828125,15313.240234375
2023-11-09,1699540200,15351.1201171875,15382.1103515625,15171.3203125,15187.900390625
2023-11-10,1699626600,15252.3603515625,15535.2001953125,15237.169921875,15529.1201171875
2023-11-13,1699885800,15469.2099609375,15524.66015625,15404.7099609375,15482.7900390625
2023-11-14,1699972200,15744.3603515625,15850.33984375,15726.1201171875,15812.4697265625
2023-11-15,1700058600,15881.7197265625,15904.6298828125,15765.3095703125,15817.1796875
2023-11-16,1700145000,15765.2001953125,15842.6298828125,15738.2197265625,15833.169921875
2023-11-17,1700231400,15803.98046875,15876.8701171875,15766.9404296875,15837.990234375
2023-11-20,1700490600,15845.2001953125,16056.759765625,15844.830078125,16027.0595703125
2023-11-21,1700577000,15951.5498046875,15968.08984375,15866.8203125,15933.6201171875
2023-11-22,1700663400,16025.740234375,16119.3095703125,15964.0400390625,16001.3896484375
2023-11-24,1700836200,15974.849609375,16007.4296875,15940.6201171875,15982.009765625
2023-11-27,1701095400,15969.7197265625,16045.2998046875,15932.1904296875,15961.98046875
2023-11-28,1701181800,15940.2900390625,16031.51953125,15921.0703125,16010.4296875
2023-11-29,1701268200,16111.3603515625,16166.509765625,15976.6904296875,15987.599609375
2023-11-30,1701354600,15987.66015625,16013.48046875,15825.669921875,15947.8701171875
2023-12-01,1701441000,15892.58984375,16013.75,15834.9296875,15997.580078125
2023-12-04,1701700200,15837.1201171875,15852.4501953125,15695.580078125,15839.669921875
2023-12-05,1701786600,15763.650390625,15931.83984375,15760.58984375,15877.7099609375
2023-12-06,1701873000,15990.2001953125,15990.9404296875,15776.9501953125,15788.0498046875
2023-12-07,1701959400,15888.23046875,16042.509765625,15875.48046875,16022.490234375
2023-12-08,1702045800,15952.849609375,16100.8603515625,15937.580078125,16084.6904296875
2023-12-11,1702305000,16069.6201171875,16232.259765625,16061.8701171875,16221.73046875
2023-12-12,1702391400,16209.6103515625,16354.25,16175.4599609375,16354.25
2023-12-13,1702477800,16392.1796875,16581.0390625,16357.2099609375,16562.369140625
2023-12-14,1702564200,16603.5390625,16660.7109375,16419.259765625,16537.830078125
2023-12-15,1702650600,16587,16669.76953125,16557.009765625,16623.44921875
2023-12-18,1702909800,16631.109375,16764.3203125,16629.2890625,16729.80078125
2023-12-19,1702996200,16734.25,16813.009765625,16733.380859375,16811.849609375
2023-12-20,1703082600,16763.640625,16860.6796875,16552.060546875,16554.16015625
2023-12-21,1703169000,16719.609375,16768.01953125,16621.51953125,16757.41015625
2023-12-22,1703255400,16799.01953125,16839.25,16703.5703125,16777.400390625
2023-12-26,1703601000,16816.779296875,16907.509765625,16813.5703125,16878.4609375
2023-12-27,1703687400,16896.140625,16922.009765625,16859.55078125,16906.80078125
2023-12-28,1703773800,16963.51953125,16969.169921875,16891.3203125,16898.470703125
2023-12-29,1703860200,16902.439453125,16919.509765625,16757.890625,16825.9296875
2024-01-02,1704205800,16667.30078125,16686.599609375,16453.150390625,16543.939453125
2024-01-03,1704292200,16413.259765625,16471.080078125,16352.1396484375,16368.490234375
2024-01-04,1704378600,16290.7802734375,16419.439453125,16276.4296875,16282.009765625
2024-01-05,1704465000,16281.740234375,16415.390625,16249.1904296875,16305.98046875
2024-01-08,1704724200,16354.2197265625,16655.23046875,16349.3896484375,16649.869140625
2024-01-09,1704810600,16531.9609375,16710.880859375,16513.73046875,16678.69921875
2024-01-10,1704897000,16702.55078125,16827.369140625,16654.740234375,16793.05078125
2024-01-11,1704983400,16852.189453125,16898.16015625,16618.859375,16820.900390625
2024-01-12,1705069800,16855,16900.369140625,16776.919921875,16832.919921875
2024-01-16,1705415400,16775.099609375,16895.330078125,16726.58984375,16830.7109375
2024-01-17,1705501800,16705.509765625,16749.109375,16561.490234375,16736.279296875
2024-01-18,1705588200,16894.330078125,16996.98046875,16818.130859375,16982.2890625
2024-01-19,1705674600,17060.140625,17317.2109375,17041.849609375,17314
2024-01-22,1705933800,17403.619140625,17450.30078125,17309.869140625,17330.380859375
2024-01-23,1706020200,17346.94921875,17410.859375,17286.01953125,17404.2109375
2024-01-24,1706106600,17562.3203125,17665.259765625,17481.970703125,17499.30078125
2024-01-25,1706193000,17589.26953125,17631.33984375,17430.369140625,17516.990234375
2024-01-26,1706279400,17432.869140625,17514.759765625,17395.5390625,17421.009765625
2024-01-29,1706538600,17438.029296875,17603.94921875,17414.619140625,17596.26953125
2024-01-30,1706625000,17556.490234375,17578.4609375,17443.76953125,17476.7109375
2024-01-31,1706711400,17269.98046875,17375.3203125,17128.740234375,17137.240234375
2024-02-01,1706797800,17216.990234375,17356.759765625,17175.830078125,17344.7109375
2024-02-02,1706884200,17415.939453125,17682.2890625,17378.369140625,17642.73046875
2024-02-05,1707143400,17634.689453125,17655.76953125,17469.619140625,17613.0390625
2024-02-06,1707229800,17664.439453125,17680.619140625,17475.4296875,17572.73046875
2024-02-07,1707316200,17674.58984375,17784.169921875,17637.73046875,17755.0703125
2024-02-08,1707402600,17757.599609375,17814.119140625,17728.55078125,17783.169921875
2024-02-09,1707489000,17820.98046875,17987.900390625,17798.810546875,17962.41015625
2024-02-12,1707748200,17942.279296875,18041.44921875,17859.66015625,17882.66015625
2024-02-13,1707834600,17519.80078125,17717.669921875,17478.23046875,17600.419921875
2024-02-14,1707921000,17728.900390625,17815.1796875,17619.919921875,17807.630859375
2024-02-15,1708007400,17815.3203125,17864.58984375,17722.310546875,17845.720703125
2024-02-16,1708093800,17853.58984375,17864.16015625,17663.400390625,17685.98046875
2024-02-20,1708439400,17591.169921875,17657.080078125,17399.41015625,17546.099609375
2024-02-21,1708525800,17412.7890625,17482.130859375,17319.439453125,17478.91015625
2024-02-22,1708612200,17857.759765625,18034.80078125,17808.259765625,18004.69921875
2024-02-23,1708698600,18052.58984375,18091.619140625,17902.779296875,17937.609375
2024-02-26,1708957800,17970.2109375,18014.109375,17926.66015625,17933.330078125
2024-02-27,1709044200,17962.580078125,17987.5390625,17871.060546875,17971.05078125
2024-02-28,1709130600,17895.029296875,17931.009765625,17840.359375,17874.5
2024-02-29,1709217000,17991.669921875,18068.51953125,17866.259765625,18043.849609375
2024-03-01,1709303400,18069.2890625,18333.259765625,18064.439453125,18302.91015625
2024-03-04,1709562600,18290.099609375,18313.4296875,18218.25,18226.48046875
2024-03-05,1709649000,18088.7109375,18097.5,17804.5,17897.869140625
2024-03-06,1709735400,18083.509765625,18142.880859375,17941.640625,18017.5703125
2024-03-07,1709821800,18161.73046875,18337.94921875,18101.4296875,18297.990234375
2024-03-08,1709908200,18312.7890625,18416.73046875,17995.380859375,18018.44921875
2024-03-11,1710163800,17959.6796875,18003.05078125,17873.330078125,17951.689453125
2024-03-12,1710250200,18063.01953125,18228.369140625,17919.330078125,18219.109375
2024-03-13,1710336600,18151.759765625,18163.740234375,18030.400390625,18068.470703125
2024-03-14,1710423000,18114.689453125,18142.900390625,17913.630859375,18014.810546875
2024-03-15,1710509400,17926.919921875,17930.470703125,17764.990234375,17808.25
2024-03-18,1710768600,18024.240234375,18124.3203125,17973.08984375,17985.009765625
2024-03-19,1710855000,17902.51953125,18039.8203125,17809.150390625,18032.19921875
2024-03-20,1710941400,18067.69921875,18249.119140625,18003.240234375,18240.109375
2024-03-21,1711027800,18438.240234375,18464.69921875,18317.099609375,18320.380859375
2024-03-22,1711114200,18293.150390625,18386.25,18267.490234375,18339.439453125
2024-03-25,1711373400,18215.5390625,18337.349609375,18189.279296875,18277.060546875
2024-03-26,1711459800,18329.2890625,18378.69921875,18207.880859375,18210.5390625
2024-03-27,1711546200,18338.189453125,18344.08984375,18168.19921875,18280.83984375
2024-03-28,1711632600,18263.41015625,18308.3203125,18231.380859375,18254.689453125
2024-04-01,1711978200,18280.8203125,18391.580078125,18211.279296875,18293.19921875
2024-04-02,1712064600,18076.4296875,18135.5703125,18002.26953125,18121.779296875
2024-04-03,1712151000,18054.439453125,18238.669921875,18045.419921875,18160.189453125
2024-04-04,1712237400,18331.01953125,18362.2890625,17875.75,17878.779296875
2024-04-05,1712323800,17940.279296875,18202.9609375,17912.859375,18108.4609375
2024-04-08,1712583000,18130.439453125,18178.66015625,18050.689453125,18100.189453125
2024-04-09,1712669400,18188.869140625,18210.01953125,17973.0703125,18169.900390625
2024-04-10,1712755800,17957.9609375,18040.830078125,17932.419921875,18011.66015625
2024-04-11,1712842200,18085.109375,18337.150390625,17998.25,18307.98046875
2024-04-12,1712928600,18117.669921875,18166.490234375,17952.08984375,18003.490234375
2024-04-15,1713187800,18143.25,18152.080078125,17676.349609375,17706.830078125
2024-04-16,1713274200,17691.44921875,17817.73046875,17660.890625,17713.66015625
2024-04-17,1713360600,17785.8203125,17788.5390625,17459.5703125,17493.619140625
2024-04-18,1713447000,17514.76953125,17590.810546875,17376.490234375,17394.310546875
2024-04-19,1713533400,17334.7109375,17362.279296875,16973.939453125,17037.650390625
2024-04-22,1713792600,17161.109375,17305.150390625,17010.25,17210.890625
2024-04-23,1713879000,17297.240234375,17513.310546875,17277.25,17471.470703125
2024-04-24,1713965400,17613.66015625,17653.66015625,17435.330078125,17526.80078125
2024-04-25,1714051800,17205.279296875,17474.4609375,17172.419921875,17430.5
2024-04-26,1714138200,17566.220703125,17772.779296875,17533.080078125,17718.30078125
2024-04-29,1714397400,17801.140625,17820,17671.029296875,17782.720703125
2024-04-30,1714483800,17720.349609375,17768.869140625,17440.689453125,17440.689453125
2024-05-01,1714570200,17382.779296875,17667.859375,17284.369140625,17318.55078125
2024-05-02,1714656600,17474.919921875,17575.80078125,17290.640625,17541.5390625
2024-05-03,1714743000,17848.66015625,17926.98046875,17784.779296875,17890.80078125
2024-05-06,1715002200,17950.98046875,18094.4609375,17937.279296875,18093.5703125
2024-05-07,1715088600,18106.330078125,18156.3203125,18061.609375,18091.44921875
2024-05-08,1715175000,17987.69921875,18135.33984375,17987.69921875,18085.009765625
2024-05-09,1715261400,18095.80078125,18138.01953125,18012.619140625,18113.4609375
2024-05-10,1715347800,18171.150390625,18247.609375,18099.73046875,18161.1796875
2024-05-13,1715607000,18228.400390625,18233.5,18147.5703125,18198.609375
2024-05-14,1715693400,18187.509765625,18339.580078125,18175.30078125,18322.76953125
2024-05-15,1715779800,18412.810546875,18607.529296875,18359.3203125,18596.650390625
2024-05-16,1715866200,18589.98046875,18669.5,18553.30078125,18557.9609375
2024-05-17,1715952600,18571.8203125,18590.369140625,18462.25,18546.23046875
2024-05-20,1716211800,18559.220703125,18703.830078125,18549.83984375,18674.189453125
2024-05-21,1716298200,18603.990234375,18721.1796875,18589.91015625,18713.80078125
2024-05-22,1716384600,18733.5390625,18756.689453125,18606.16015625,18705.19921875
2024-05-23,1716471000,18907.140625,18907.5390625,18554.890625,18623.390625
2024-05-24,1716557400,18669.359375,18851.990234375,18664.7890625,18808.349609375
2024-05-28,1716903000,18855.150390625,18875.19921875,18755.939453125,18869.439453125
2024-05-29,1716989400,18708.0703125,18814.8203125,18706.619140625,18736.75
2024-05-30,1717075800,18683.25,18705.259765625,18487.759765625,18538.66015625
2024-05-31,1717162200,18550.80078125,18574.560546875,18189.779296875,18536.650390625
2024-06-03,1717421400,18666.720703125,18707.220703125,18392.5703125,18600.970703125
2024-06-04,1717507800,18598,18697.94921875,18521.849609375,18654.83984375
2024-06-05,1717594200,18791.279296875,19035.869140625,18768.25,19035.05078125
2024-06-06,1717680600,19053.009765625,19071.7890625,18978.859375,19021.189453125
2024-06-07,1717767000,18992.580078125,19113.880859375,18958.6796875,19000.94921875
2024-06-10,1718026200,18945.310546875,19089.830078125,18940.7109375,19074.669921875
2024-06-11,1718112600,19031.400390625,19212.630859375,18966.560546875,19210.1796875
2024-06-12,1718199000,19358.259765625,19556.900390625,19347.279296875,19465.1796875
2024-06-13,1718285400,19609.05078125,19639.44921875,19473.7109375,19576.919921875
2024-06-14,1718371800,19557.220703125,19664.58984375,19534.619140625,19659.80078125
2024-06-17,1718631000,19681.859375,19977.83984375,19623.7109375,19902.75
2024-06-18,1718717400,19904.4296875,19940.5,19837.859375,19908.859375
2024-06-20,1718890200,19962.970703125,19979.9296875,19685.029296875,19752.30078125
2024-06-21,1718976600,19722.369140625,19801.970703125,19643.51953125,19700.4296875
2024-06-24,1719235800,19648.23046875,19723.19921875,19472.529296875,19474.619140625
2024-06-25,1719322200,19555.83984375,19712.419921875,19523.509765625,19701.130859375
2024-06-26,1719408600,19671.0703125,19763.55078125,19654.1796875,19751.05078125
2024-06-27,1719495000,19740.51953125,19850.810546875,19701.33984375,19789.029296875
2024-06-28,1719581400,19817,20017.7109375,19665.849609375,19682.869140625
2024-07-01,1719840600,19720.109375,19827.75,19577.5390625,19812.220703125
2024-07-02,1719927000,19746.220703125,20014.919921875,19741.810546875,20011.890625
2024-07-03,1720013400,19995.279296875,20186.630859375,19995.279296875,20186.630859375
2024-07-05,1720186200,20224.130859375,20407,20201.5,20391.970703125
2024-07-08,1720445400,20393.890625,20455.380859375,20363.369140625,20439.5390625
2024-07-09,1720531800,20504.169921875,20543.900390625,20395.5703125,20453.01953125
2024-07-10,1720618200,20533.26953125,20690.970703125,20479.939453125,20675.380859375
2024-07-11,1720704600,20661.41015625,20672.099609375,20165,20211.359375
2024-07-12,1720791000,20226.23046875,20526.080078125,20217.990234375,20331.490234375
2024-07-15,1721050200,20401.01953125,20585.169921875,20304.529296875,20386.880859375
2024-07-16,1721136600,20441.529296875,20477,20266.509765625,20398.619140625
2024-07-17,1721223000,20041.310546875,20080.26953125,19793.75,19799.140625
2024-07-18,1721309400,19936.240234375,19947.98046875,19575.7890625,19705.08984375
2024-07-19,1721395800,19687.80078125,19784.48046875,19479.380859375,19522.619140625
2024-07-22,1721655000,19751.01953125,19861.720703125,19638.369140625,19822.869140625
2024-07-23,1721741400,19783.330078125,19904.599609375,19736.220703125,19754.33984375
2024-07-24,1721827800,19475.66015625,19482.55078125,19005.470703125,19032.390625
2024-07-25,1721914200,19041.150390625,19227.19921875,18721.7109375,18830.580078125
2024-07-26,1722000600,18990.19921875,19142.6796875,18899.310546875,19023.66015625
2024-07-29,1722259800,19122.4296875,19224.58984375,18974.509765625,19059.490234375
2024-07-30,1722346200,19129.560546875,19165.419921875,18667.220703125,18796.26953125
2024-07-31,1722432600,19222.849609375,19426.619140625,19162.91015625,19362.4296875
2024-08-01,1722519000,19375.970703125,19538.970703125,18737.08984375,18890.390625
2024-08-02,1722605400,18494.240234375,18628.779296875,18263.5,18440.849609375
2024-08-05,1722864600,17444.400390625,18169.490234375,17435.390625,17895.16015625
2024-08-06,1722951000,17961.44921875,18368.6796875,17858.8203125,18077.919921875
2024-08-07,1723037400,18345.44921875,18445.75,17851.080078125,17867.369140625
2024-08-08,1723123800,18102.05078125,18445.41015625,17965.0703125,18413.8203125
2024-08-09,1723210200,18373.890625,18567.630859375,18313.779296875,18513.099609375
2024-08-12,1723469400,18548.23046875,18665.75,18433.609375,18542.029296875
2024-08-13,1723555800,18724.83984375,19013.009765625,18723.740234375,19006.4296875
2024-08-14,1723642200,19043.759765625,19103,18837.099609375,19022.6796875
2024-08-15,1723728600,19251.859375,19502.919921875,19239.939453125,19490.150390625
2024-08-16,1723815000,19393.73046875,19561.240234375,19376.720703125,19508.51953125
2024-08-19,1724074200,19521.9296875,19767.4296875,19445.099609375,19766.490234375
2024-08-20,1724160600,19736.349609375,19835.380859375,19652.1796875,19719.8203125
2024-08-21,1724247000,19758.470703125,19885.33984375,19690.640625,19824.83984375
2024-08-22,1724333400,19911.279296875,19938.890625,19459.859375,19491.83984375
2024-08-23,1724419800,19669.779296875,19818.400390625,19526.630859375,19720.869140625
2024-08-26,1724679000,19679.240234375,19726.900390625,19437.33984375,19516.439453125
2024-08-27,1724765400,19450.5703125,19617.919921875,19369.529296875,19581.51953125
2024-08-28,1724851800,19567.44921875,19587.0390625,19221.48046875,19350.779296875
2024-08-29,1724938200,19425.279296875,19622.73046875,19281.650390625,19325.44921875
2024-08-30,1725024600,19506.26953125,19582.169921875,19326.619140625,19574.640625
2024-09-03,1725370200,19438.109375,19438.109375,18869.80078125,18958.740234375
2024-09-04,1725456600,18832.640625,19070.8203125,18808.759765625,18921.400390625
2024-09-05,1725543000,18864.419921875,19102.359375,18806.830078125,18930.330078125
2024-09-06,1725629400,18903.029296875,18930.76953125,18400.970703125,18421.310546875
2024-09-09,1725888600,18579.80078125,18693.859375,18469.400390625,18660.779296875
2024-09-10,1725975000,18722.150390625,18845.740234375,18570.669921875,18829.140625
2024-09-11,1726061400,18866,19266.390625,18531.580078125,19237.30078125
2024-09-12,1726147800,19236.419921875,19456.41015625,19166.80078125,19423.0703125
2024-09-13,1726234200,19396.099609375,19556.80078125,19384.689453125,19514.58984375
2024-09-16,1726493400,19412.7890625,19446.060546875,19294.1796875,19423.060546875
2024-09-17,1726579800,19539.75,19596.33984375,19337.119140625,19432.400390625
2024-09-18,1726666200,19478.509765625,19643.509765625,19330.810546875,19344.490234375
2024-09-19,1726752600,19798.7109375,19951.7890625,19723.939453125,19839.830078125
2024-09-20,1726839000,19816.2890625,19845.69921875,19632.73046875,19791.490234375
2024-09-23,1727098200,19848.7109375,19892.779296875,19797.8203125,19852.19921875
2024-09-24,1727184600,19917.560546875,19984.470703125,19739.669921875,19944.83984375
2024-09-25,1727271000,19922.279296875,20043.4296875,19921.220703125,19972.609375
2024-09-26,1727357400,20273.30078125,20273.30078125,19966.990234375,20115.5390625
2024-09-27,1727443800,20147.279296875,20152.529296875,19964.130859375,20008.619140625
2024-09-30,1727703000,19959.259765625,20072.4296875,19852.849609375,20060.689453125
2024-10-01,1727789400,20046.060546875,20056.19921875,19622.2890625,19773.30078125
2024-10-02,1727875800,19725.94921875,19876.69921875,19630.91015625,19802.58984375
2024-10-03,1727962200,19712.330078125,19902.69921875,19688.220703125,19793.33984375
2024-10-04,1728048600,20025.16015625,20045.689453125,19829.490234375,20035.01953125
2024-10-07,1728307800,19954.66015625,19990.119140625,19763.0390625,19800.740234375
2024-10-08,1728394200,19902.2109375,20132.669921875,19881.080078125,20107.779296875
2024-10-09,1728480600,20097.560546875,20284.419921875,20047.859375,20268.859375
2024-10-10,1728567000,20165.25,20314.240234375,20117.19921875,20241.759765625
2024-10-11,1728653400,20154.83984375,20313.19921875,20142.1796875,20271.970703125
2024-10-14,1728912600,20366.060546875,20493.900390625,20355.060546875,20439.05078125
2024-10-15,1728999000,20442.76953125,20484.310546875,20083.560546875,20159.830078125
2024-10-16,1729085400,20172.869140625,20200.58984375,20036.73046875,20174.05078125
2024-10-17,1729171800,20375.2890625,20377.650390625,20186.4296875,20190.419921875
2024-10-18,1729258200,20288.48046875,20360.2890625,20273.55078125,20324.0390625
2024-10-21,1729517400,20280.490234375,20386.6796875,20193.029296875,20361.470703125
2024-10-22,1729603800,20256.970703125,20437.9296875,20218.849609375,20390.4609375
2024-10-23,1729690200,20303.55078125,20312.779296875,19934.919921875,20066.9609375
2024-10-24,1729776600,20197.619140625,20256.380859375,20116.880859375,20232.869140625
2024-10-25,1729863000,20354.91015625,20552.8203125,20322.25,20352.01953125
2024-10-28,1730122200,20455.009765625,20470.4296875,20344.8203125,20351.0703125
2024-10-29,1730208600,20369.080078125,20600.099609375,20294.580078125,20550.650390625
2024-10-30,1730295000,20510.919921875,20559.51953125,20378.75,20387.69921875
2024-10-31,1730381400,20227.189453125,20227.189453125,19880.259765625,19890.419921875
2024-11-01,1730467800,19955.830078125,20162.5390625,19950.990234375,20033.140625
2024-11-04,1730730600,20011.55078125,20106.990234375,19898.5703125,19963.599609375
2024-11-05,1730817000,20042.9296875,20249.2109375,20042.9296875,20227.4609375
2024-11-06,1730903400,20571.2890625,20807.029296875,20526.640625,20781.330078125
2024-11-07,1730989800,20896.41015625,21132.80078125,20896.41015625,21101.5703125
2024-11-08,1731076200,21083.580078125,21155,21050.3203125,21117.1796875
2024-11-11,1731335400,21171.240234375,21182.029296875,20993.48046875,21106.58984375
2024-11-12,1731421800,21105.490234375,21144.669921875,20946.740234375,21070.7890625
2024-11-13,1731508200,21049.66015625,21154.939453125,20955.240234375,21036.16015625
2024-11-14,1731594600,21052.0703125,21067.66015625,20864.01953125,20896.669921875
2024-11-15,1731681000,20679.98046875,20684.560546875,20315.080078125,20394.130859375
2024-11-18,1731940200,20450.2109375,20622.279296875,20401.259765625,20539.189453125
2024-11-19,1732026600,20435.6796875,20696.470703125,20423.30078125,20684.58984375
2024-11-20,1732113000,20660.83984375,20676.5703125,20402.5390625,20667.099609375
2024-11-21,1732199400,20775.26953125,20814.9296875,20436.80078125,20740.779296875
2024-11-22,1732285800,20737.490234375,20797.240234375,20655.720703125,20776.23046875
2024-11-25,1732545000,20918.759765625,20998.490234375,20712.380859375,20804.890625
2024-11-26,1732631400,20871.55078125,20944.900390625,20832.400390625,20922.900390625
2024-11-27,1732717800,20852.4296875,20853.080078125,20615.419921875,20744.490234375
2024-11-29,1732890600,20771.01953125,20956.310546875,20751.9609375,20930.369140625
2024-12-02,1733149800,20971.759765625,21201.029296875,20971.759765625,21164.599609375
2024-12-03,1733236200,21106.509765625,21235.7890625,21081.810546875,21229.3203125
2024-12-04,1733322600,21361.810546875,21498.439453125,21340.83984375,21492.359375
2024-12-05,1733409000,21488.51953125,21517.490234375,21411.529296875,21425.220703125
2024-12-06,1733495400,21458.580078125,21626.310546875,21449.619140625,21622.25
2024-12-09,1733754600,21573.759765625,21609.990234375,21400.76953125,21440.8203125
2024-12-10,1733841000,21492.509765625,21567.01953125,21313.26953125,21368.1796875
2024-12-11,1733927400,21540.380859375,21784.7109375,21533.890625,21763.98046875
2024-12-12,1734013800,21652.849609375,21715.830078125,21596.669921875,21615.26953125
2024-12-13,1734100200,21789.650390625,21886.740234375,21646.08984375,21780.25
2024-12-16,1734359400,21891.359375,22133.220703125,21879.740234375,22096.66015625
2024-12-17,1734445800,22003.640625,22062,21921.2109375,22001.080078125
2024-12-18,1734532200,21979.529296875,22038.080078125,21146.830078125,21209.3203125
2024-12-19,1734618600,21358.7890625,21413.740234375,21093.4609375,21110.509765625
2024-12-20,1734705000,20939.640625,21540.3203125,20913.720703125,21289.150390625
2024-12-23,1734964200,21364.259765625,21510.08984375,21224.26953125,21503.169921875
2024-12-24,1735050600,21564.369140625,21797.650390625,21558.970703125,21797.650390625
2024-12-26,1735223400,21733.98046875,21837.69921875,21645.619140625,21768.310546875
2024-12-27,1735309800,21633.099609375,21642.259765625,21292.189453125,21473.01953125
2024-12-30,1735569000,21189.099609375,21346.060546875,21046.630859375,21197.08984375
2024-12-31,1735655400,21256.01953125,21276.140625,20979.51953125,21012.169921875
2025-01-02,1735828200,21120.05078125,21236.58984375,20800.5,20975.619140625
2025-01-03,1735914600,21096.7890625,21359.630859375,21075.890625,21326.16015625
2025-01-06,1736173800,21551.1796875,21703.490234375,21462.51953125,21559.5
2025-01-07,1736260200,21619.890625,21621.25,21101.08984375,21173.0390625
2025-01-08,1736346600,21156.759765625,21242.609375,20992.080078125,21180.970703125
2025-01-10,1736519400,21012.2890625,21015.509765625,20718.779296875,20847.580078125
2025-01-13,1736778600,20593.650390625,20797.099609375,20538.330078125,20784.720703125
2025-01-14,1736865000,20896.359375,20969.51953125,20622.720703125,20757.41015625
2025-01-15,1736951400,21067.810546875,21286.009765625,21024.26953125,21237.849609375
2025-01-16,1737037800,21324.98046875,21330.58984375,21087.849609375,21091.25
2025-01-17,1737124200,21461.900390625,21515.759765625,21334.630859375,21441.16015625
2025-01-21,1737469800,21557.8203125,21620.23046875,21379.060546875,21566.509765625
2025-01-22,1737556200,21756.23046875,21943.0390625,21756.23046875,21853
2025-01-23,1737642600,21737.240234375,21900.9296875,21722.0390625,21900.9296875
2025-01-24,1737729000,21915.48046875,21945.48046875,21709.060546875,21774.009765625
2025-01-27,1737988200,21000.169921875,21292.5390625,20974.900390625,21127.279296875
2025-01-28,1738074600,21186.080078125,21500.73046875,21043.130859375,21463.0390625
2025-01-29,1738161000,21473.009765625,21477.880859375,21251.80078125,21411.4609375
2025-01-30,1738247400,21519.810546875,21623.44921875,21308.689453125,21508.119140625
2025-01-31,1738333800,21661.560546875,21846.009765625,21425.7890625,21478.05078125
2025-02-03,1738593000,21084.640625,21406.580078125,21004.349609375,21297.580078125
2025-02-04,1738679400,21319.580078125,21582.400390625,21308.240234375,21566.919921875
2025-02-05,1738765800,21453.869140625,21662.98046875,21408.640625,21658.16015625
2025-02-06,1738852200,21674.169921875,21776.080078125,21618.25,21774.0703125
2025-02-07,1738938600,21776.279296875,21869.3203125,21465.4609375,21491.310546875
2025-02-10,1739197800,21670.060546875,21793.130859375,21645.169921875,21756.73046875
2025-02-11,1739284200,21629.109375,21776.25,21625.509765625,21693.51953125
2025-02-12,1739370600,21475.41015625,21745.66015625,21454.189453125,21719.259765625
2025-02-13,1739457000,21786.16015625,22038.150390625,21758.0390625,22030.7109375
2025-02-14,1739543400,22038.609375,22139.4296875,22010.349609375,22114.689453125
2025-02-18,1739889000,22176.009765625,22191.369140625,22029.580078125,22164.609375
2025-02-19,1739975400,22121.73046875,22222.609375,22045.75,22175.599609375
2025-02-20,1740061800,22132.7109375,22148.439453125,21878.75,22068.060546875
2025-02-21,1740148200,22110.5390625,22115.2109375,21597.16015625,21614.080078125
2025-02-24,1740407400,21669.359375,21727.580078125,21341.9609375,21352.080078125
2025-02-25,1740493800,21318.76953125,21326.810546875,20930.580078125,21087.25
2025-02-26,1740580200,21170.509765625,21350.51953125,21012.619140625,21132.919921875
2025-02-27,1740666600,21281.359375,21323.91015625,20540.6796875,20550.94921875
2025-02-28,1740753000,20518.650390625,20900.76953125,20407.44921875,20884.41015625
2025-03-03,1741012200,20989.580078125,21073.80078125,20279.5,20425.580078125
2025-03-04,1741098600,20281.880859375,20688.4609375,20034.6796875,20352.529296875
2025-03-05,1741185000,20363.220703125,20688.720703125,20182.5703125,20628.4609375
2025-03-06,1741271400,20231.740234375,20473.41015625,19968.560546875,20052.630859375
2025-03-07,1741357800,20015.619140625,20253.220703125,19736.810546875,20201.369140625
2025-03-10,1741613400,19826.9609375,19867.080078125,19243.310546875,19430.94921875
2025-03-11,1741699800,19405.51953125,19659.4296875,19180.560546875,19376.9609375
2025-03-12,1741786200,19663.390625,19756.08984375,19375.25,19596.01953125
2025-03-13,1741872600,19534.369140625,19558.560546875,19152.5703125,19225.48046875
2025-03-14,1741959000,19458.890625,19729.2109375,19436.0390625,19704.640625
2025-03-17,1742218200,19670.689453125,19943.810546875,19622.470703125,19812.240234375
2025-03-18,1742304600,19657.099609375,19676.05078125,19397.080078125,19483.359375
2025-03-19,1742391000,19576.3203125,19921.619140625,19497.7890625,19736.66015625
2025-03-20,1742477400,19558.279296875,19888.849609375,19549.310546875,19677.609375
2025-03-21,1742563800,19466.439453125,19767.98046875,19409.1796875,19753.970703125
2025-03-24,1742823000,20041.2109375,20208.83984375,20024.970703125,20180.44921875
2025-03-25,1742909400,20196.5,20292.189453125,20164.0703125,20287.830078125
2025-03-26,1742995800,20239.0390625,20270.189453125,19848.490234375,19916.990234375
2025-03-27,1743082200,19814.609375,20003.359375,19740.220703125,19798.619140625
2025-03-28,1743168600,19718.4609375,19752.44921875,19241.5390625,19281.400390625
2025-03-31,1743427800,18998.5390625,19316.060546875,18799.19921875,19278.44921875
2025-04-01,1743514200,19192.76953125,19468.619140625,19095.169921875,19436.419921875
2025-04-02,1743600600,19182.390625,19707.33984375,19157.19921875,19581.779296875
2025-04-03,1743687000,18774.150390625,18902.0703125,18502.970703125,18521.470703125
2025-04-04,1743773400,18022.16015625,18089.25,17387.830078125,17397.69921875
2025-04-07,1744032600,16771.76953125,18191.5,16542.19921875,17430.6796875
2025-04-08,1744119000,18034.4609375,18207.009765625,16850.1796875,17090.400390625
2025-04-09,1744205400,17116.529296875,19234.01953125,17082.359375,19145.060546875
2025-04-10,1744291800,18626.109375,18710.580078125,17794.5,18343.5703125
2025-04-11,1744378200,18309.2890625,18728.94921875,18153.3203125,18690.05078125
2025-04-14,1744637400,19095.490234375,19115.150390625,18614.759765625,18796.01953125
2025-04-15,1744723800,18831.98046875,19004.169921875,18754.869140625,18830.23046875
2025-04-16,1744810200,18475.759765625,18597.3203125,17995.9609375,18257.640625
2025-04-17,1744896600,18369.900390625,18401.05078125,18144.4609375,18258.08984375
2025-04-21,1745242200,18023.009765625,18043.080078125,17592.919921875,17808.30078125
2025-04-22,1745328600,18033.900390625,18396.390625,17993.240234375,18276.41015625
2025-04-23,1745415000,18870.630859375,19043.009765625,18618.890625,18693.259765625
2025-04-24,1745501400,18756.529296875,19224.80078125,18744.470703125,19214.400390625
2025-04-25,1745587800,19209.720703125,19447.560546875,19133.23046875,19432.560546875
2025-04-28,1745847000,19432.720703125,19519.330078125,19162.4609375,19427.2890625
2025-04-29,1745933400,19315.94921875,19582.76953125,19304.830078125,19544.94921875
2025-04-30,1746019800,19168.08984375,19612.759765625,19011.98046875,19571.01953125
2025-05-01,1746106200,19866.830078125,20024.48046875,19763.140625,19786.7109375
2025-05-02,1746192600,19986.609375,20176.599609375,19936.669921875,20102.609375
2025-05-05,1746451800,19928.8203125,20100.609375,19899.279296875,19967.939453125
2025-05-06,1746538200,19709.640625,19927.23046875,19659.3203125,19791.349609375
2025-05-07,1746624600,19804.5,19960.859375,19605.0703125,19867.970703125
2025-05-08,1746711000,20067.4296875,20249.759765625,19907.669921875,20063.560546875
2025-05-09,1746797400,20170.369140625,20203.580078125,19984.529296875,20061.44921875
2025-05-12,1747056600,20818.779296875,20870.119140625,20613.26953125,20868.150390625
2025-05-13,1747143000,20906.919921875,21259.390625,20891.1796875,21197.69921875
2025-05-14,1747229400,21254.470703125,21336.48046875,21199.849609375,21319.2109375
2025-05-15,1747315800,21206.73046875,21443.880859375,21168.169921875,21335.8203125
2025-05-16,1747402200,21375.630859375,21428.7890625,21246.419921875,21427.939453125
2025-05-19,1747661400,21138.130859375,21464.560546875,21138.130859375,21447.05078125
2025-05-20,1747747800,21347.630859375,21399.990234375,21226.66015625,21367.369140625
2025-05-21,1747834200,21217.310546875,21482.98046875,21002.099609375,21080.359375
2025-05-22,1747920600,21097.4609375,21263.1796875,21046.220703125,21112.470703125
2025-05-23,1748007000,20806.369140625,21025.580078125,20777.970703125,20915.66015625
2025-05-27,1748352600,21201.44921875,21429.3203125,21145.130859375,21414.990234375
2025-05-28,1748439000,21451.689453125,21508.080078125,21296.509765625,21318.169921875
2025-05-29,1748525400,21611.5390625,21611.5390625,21260.73046875,21363.94921875
2025-05-30,1748611800,21330.849609375,21386.2890625,21032.560546875,21340.990234375
2025-06-02,1748871000,21270.5703125,21500.359375,21199.369140625,21491.75
2025-06-03,1748957400,21529.98046875,21715.9609375,21474.509765625,21662.580078125
2025-06-04,1749043800,21689.01953125,21761.369140625,21607.330078125,21721.919921875
2025-06-05,1749130200,21782.33984375,21891.890625,21472.76953125,21547.4296875
2025-06-06,1749216600,21777.5,21836.5703125,21696.689453125,21761.7890625
2025-06-09,1749475800,21779.1796875,21855.150390625,21729.30078125,21797.869140625
2025-06-10,1749562200,21819.7890625,21961.419921875,21727.33984375,21941.919921875
2025-06-11,1749648600,21994.16015625,22041.830078125,21775.26953125,21860.80078125
2025-06-12,1749735000,21826.7890625,21952,21807,21913.3203125
2025-06-13,1749821400,21675.939453125,21838.470703125,21591.109375,21631.0390625
2025-06-16,1750080600,21783.080078125,21979.76953125,21783.080078125,21937.5703125
2025-06-17,1750167000,21858.890625,21896.419921875,21680.1796875,21719.080078125
2025-06-18,1750253400,21745.5,21863,21660.51953125,21719.689453125
2025-06-20,1750426200,21834.490234375,21902.990234375,21552.810546875,21626.390625
2025-06-23,1750685400,21632.779296875,21871.869140625,21532.3203125,21856.330078125
2025-06-24,1750771800,22053.330078125,22220.640625,22045.630859375,22190.51953125
2025-06-25,1750858200,22279.689453125,22329.23046875,22175.080078125,22237.740234375
2025-06-26,1750944600,22328.240234375,22466.990234375,22255.26953125,22447.2890625
2025-06-27,1751031000,22484.869140625,22603.220703125,22382.7890625,22534.19921875
2025-06-30,1751290200,22632.919921875,22721.5,22565.109375,22679.009765625
2025-07-01,1751376600,22594.48046875,22631.259765625,22388.08984375,22478.130859375
2025-07-02,1751463000,22451.810546875,22644.720703125,22448.0703125,22641.890625
2025-07-03,1751549400,22751.640625,22896.009765625,22736.080078125,22866.970703125
2025-07-07,1751895000,22754.380859375,22776.2109375,22587.470703125,22685.5703125
2025-07-08,1751981400,22735.259765625,22761.80078125,22652.439453125,22702.25
2025-07-09,1752067800,22800.359375,22915.330078125,22733.650390625,22864.91015625
2025-07-10,1752154200,22890.4296875,22907.0390625,22716.41015625,22829.259765625
2025-07-11,1752240600,22757.990234375,22837.380859375,22692.80078125,22780.599609375
2025-07-14,1752499800,22780.189453125,22886.939453125,22675.279296875,22855.630859375
2025-07-15,1752586200,23036.859375,23051.869140625,22876.470703125,22884.58984375
2025-07-16,1752672600,22895.30078125,22928.55078125,22669.369140625,22907.970703125
2025-07-17,1752759000,22931.01953125,23104.720703125,22905.509765625,23081.05078125
2025-07-18,1752845400,23135.08984375,23153.2109375,23018.359375,23065.470703125
2025-07-21,1753104600,23124.970703125,23264.44921875,23122.9296875,23180.060546875
2025-07-22,1753191000,23182.01953125,23186.359375,22953.849609375,23063.580078125
2025-07-23,1753277400,23100.25,23168.490234375,23000.4609375,23162.41015625
2025-07-24,1753363800,23228.7890625,23268.490234375,23150.26953125,23219.869140625
2025-07-25,1753450200,23204.66015625,23326.30078125,23193.990234375,23272.25
2025-07-28,1753709400,23343.130859375,23386.759765625,23299.810546875,23356.26953125
2025-07-29,1753795800,23477.83984375,23510.919921875,23283.400390625,23308.30078125
2025-07-30,1753882200,23337.330078125,23447.150390625,23226.919921875,23345.41015625
2025-07-31,1753968600,23589.369140625,23589.369140625,23176.119140625,23218.119140625
2025-08-01,1754055000,22941.060546875,22972.470703125,22673.880859375,22763.310546875
2025-08-04,1754314200,22986.76953125,23191.0390625,22973.599609375,23188.609375
2025-08-05,1754400600,23235.310546875,23286.05078125,23008.140625,23018.560546875
2025-08-06,1754487000,23070.94921875,23330.490234375,23042.26953125,23315.0390625
2025-08-07,1754573400,23483.419921875,23560.73046875,23225.720703125,23389.529296875
2025-08-08,1754659800,23458.130859375,23619.240234375,23437.609375,23611.26953125
2025-08-11,1754919000,23629.01953125,23698,23484.25,23526.630859375
2025-08-12,1755005400,23651.609375,23849.5,23524.279296875,23839.19921875
2025-08-13,1755091800,23935.060546875,23969.279296875,23789.119140625,23849.0390625
2025-08-14,1755178200,23775.009765625,23908.259765625,23748.98046875,23832.439453125
2025-08-15,1755264600,23809,23813.990234375,23651.2109375,23712.0703125
2025-08-18,1755523800,23692.130859375,23733.5,23637.41015625,23713.759765625
2025-08-19,1755610200,23689.01953125,23695.640625,23346.33984375,23384.76953125
2025-08-20,1755696600,23343.41015625,23343.41015625,22959.69921875,23249.5703125
2025-08-21,1755783000,23182.759765625,23264.26953125,23046.390625,23142.580078125
2025-08-22,1755869400,23184.990234375,23575.359375,23140.0390625,23498.119140625
2025-08-25,1756128600,23454.279296875,23546.44921875,23382.189453125,23425.609375
2025-08-26,1756215000,23420.849609375,23532.509765625,23369.0390625,23525.2890625
2025-08-27,1756301400,23499.669921875,23591.05078125,23434.310546875,23565.849609375
2025-08-28,1756387800,23601.349609375,23741.23046875,23514.69921875,23703.44921875
2025-08-29,1756474200,23607.5390625,23607.5390625,23353.9609375,23415.419921875
2025-09-02,1756819800,23020.470703125,23242.279296875,22977.880859375,23231.109375
2025-09-03,1756906200,23388.279296875,23478.009765625,23279.119140625,23414.83984375
2025-09-04,1756992600,23442.189453125,23639.0390625,23371.330078125,23633.009765625
2025-09-05,1757079000,23841.98046875,23860.25,23475.330078125,23652.439453125
2025-09-08,1757338200,23759.619140625,23851.810546875,23725.0390625,23762.30078125
2025-09-09,1757424600,23824.330078125,23852.419921875,23698,23839.80078125
2025-09-10,1757511000,23931.3203125,23958.5390625,23760.099609375,23849.26953125
2025-09-11,1757597400,23956.5703125,24016.529296875,23883.009765625,23992.560546875
2025-09-12,1757683800,24030.76953125,24137.060546875,23983.630859375,24092.189453125
2025-09-15,1757943000,24178.599609375,24297.33984375,24173.140625,24293.779296875
2025-09-16,1758029400,24342.75,24343.349609375,24244.2109375,24274.25
2025-09-17,1758115800,24286.4296875,24292.060546875,23999.75,24223.689453125
2025-09-18,1758202200,24421.2109375,24554.51953125,24347.5390625,24454.890625
2025-09-19,1758288600,24528.439453125,24641.9296875,24469.279296875,24626.25
2025-09-22,1758547800,24588.1796875,24781.73046875,24578.08984375,24761.0703125
2025-09-23,1758634200,24752.740234375,24764.30078125,24536.5,24580.169921875
2025-09-24,1758720600,24648.970703125,24650.419921875,24388.58984375,24503.5703125
2025-09-25,1758807000,24321.73046875,24460.66015625,24186.369140625,24397.310546875
2025-09-26,1758893400,24410.94921875,24510.369140625,24297.69921875,24503.849609375
2025-09-29,1759152600,24629.01953125,24741.76953125,24560.220703125,24611.349609375
2025-09-30,1759239000,24597.400390625,24691.23046875,24505.140625,24679.990234375
2025-10-01,1759325400,24539.25,24816.669921875,24517.759765625,24800.859375
2025-10-02,1759411800,24933.490234375,24944.75,24780.109375,24892.759765625
2025-10-03,1759498200,24931.419921875,24958.259765625,24713.580078125,24785.51953125
2025-10-06,1759757400,24986.259765625,25044.259765625,24907.599609375,24978.560546875
2025-10-07,1759843800,25031.779296875,25062.9609375,24783.94921875,24840.23046875
2025-10-08,1759930200,24887.3203125,25142.189453125,24882.349609375,25136.619140625
2025-10-09,1760016600,25124.7890625,25139.349609375,24966.810546875,25098.1796875
2025-10-10,1760103000,25116.830078125,25195.279296875,24207.150390625,24221.740234375
2025-10-13,1760362200,24625.740234375,24779.650390625,24540.419921875,24750.25
2025-10-14,1760448600,24442.9296875,24766.369140625,24256.279296875,24579.3203125
2025-10-15,1760535000,24807.33984375,24933.23046875,24496.0703125,24745.359375
2025-10-16,1760621400,24882.220703125,24998.30078125,24481.169921875,24657.240234375
2025-10-17,1760707800,24600.55078125,24881.470703125,24511.58984375,24817.94921875
2025-10-20,1760967000,24991.099609375,25183.810546875,24988.669921875,25141.01953125
2025-10-21,1761053400,25139.80078125,25178.23046875,25043.060546875,25127.130859375
2025-10-22,1761139800,25093.640625,25127.060546875,24652.109375,24879.009765625
2025-10-23,1761226200,24869.599609375,25126.779296875,24856.33984375,25097.41015625
2025-10-24,1761312600,25307.75,25418.640625,25288.7109375,25358.16015625
2025-10-27,1761571800,25701.94921875,25839.029296875,25656.380859375,25821.55078125
2025-10-28,1761658200,25932.640625,26087.48046875,25864.490234375,26012.150390625
2025-10-29,1761744600,26147.720703125,26182.099609375,25907.44921875,26119.849609375
2025-10-30,1761831000,25953.779296875,26031.6796875,25732.390625,25734.810546875
2025-10-31,1761917400,26055.970703125,26063.490234375,25761.279296875,25858.130859375
2025-11-03,1762180200,26114.109375,26132.869140625,25887.880859375,25972.939453125
2025-11-04,1762266600,25580.33984375,25762.23046875,25415.619140625,25435.69921875
2025-11-05,1762353000,25433.220703125,25750.880859375,25364.900390625,25620.029296875
2025-11-06,1762439400,25568.240234375,25568.240234375,25083.240234375,25130.0390625
2025-11-07,1762525800,24977.73046875,25065.140625,24603.779296875,25059.810546875
2025-11-10,1762785000,25418.169921875,25655.509765625,25354.439453125,25611.740234375
2025-11-11,1762871400,25500.9296875,25588.259765625,25380.859375,25533.490234375
2025-11-12,1762957800,25662.189453125,25663.169921875,25389.73046875,25517.330078125
2025-11-13,1763044200,25386.94921875,25396.009765625,24908.599609375,24993.4609375
2025-11-14,1763130600,24658.55078125,25198.9296875,24534.900390625,25008.240234375
2025-11-17,1763389800,24890.099609375,25166.150390625,24649.359375,24799.919921875
2025-11-18,1763476200,24651.779296875,24735.119140625,24299.2890625,24503.099609375
2025-11-19,1763562600,24517.26953125,24904.66015625,24432.189453125,24640.51953125
2025-11-20,1763649000,25131.490234375,25222.94921875,24021.439453125,24054.380859375
2025-11-21,1763735400,24137.66015625,24521.83984375,23854.029296875,24239.5703125
2025-11-24,1763994600,24462.869140625,24923.58984375,24455.650390625,24873.849609375
2025-11-25,1764081000,24790.0703125,25069.5390625,24542.7109375,25018.359375
2025-11-26,1764167400,25168.310546875,25309.150390625,25077.859375,25236.939453125
2025-11-28,1764340200,25310.279296875,25435.76953125,25280.9609375,25434.890625
2025-12-01,1764599400,25232.75,25443.2109375,25158.630859375,25342.849609375
2025-12-02,1764685800,25449.869140625,25622.580078125,25369.359375,25555.859375
2025-12-03,1764772200,25443.7109375,25639.990234375,25388.439453125,25606.5390625
2025-12-04,1764858600,25658.140625,25658.26953125,25450.380859375,25581.69921875
2025-12-05,1764945000,25657.779296875,25827.080078125,25617.349609375,25692.05078125
2025-12-08,1765204200,25758.8203125,25828.16015625,25531.75,25627.94921875
2025-12-09,1765290600,25593.669921875,25698.259765625,25532.33984375,25668.689453125
2025-12-10,1765377000,25631.58984375,25835.029296875,25504.30078125,25776.439453125
2025-12-11,1765463400,25598.390625,25696.2890625,25372.1796875,25686.689453125
2025-12-12,1765549800,25531.55078125,25605.880859375,25104.6796875,25196.73046875
2025-12-15,1765809000,25352.869140625,25377.619140625,25022.810546875,25067.26953125
2025-12-16,1765895400,24991.490234375,25188.759765625,24922.939453125,25132.939453125
2025-12-17,1765981800,25167.859375,25193.41015625,24647.609375,24647.609375
2025-12-18,1766068200,25031.490234375,25164.1796875,24921.44921875,25019.369140625
2025-12-19,1766154600,25147.30078125,25354.8203125,25134.259765625,25346.1796875
2025-12-22,1766413800,25527.6796875,25554.029296875,25401.58984375,25461.69921875
2025-12-23,1766500200,25441.419921875,25590.029296875,25403.259765625,25587.830078125
2025-12-24,1766586600,25582.33984375,25665.279296875,25556.849609375,25656.150390625
2025-12-26,1766759400,25692.6796875,25716.7109375,25620.3203125,25644.390625
2025-12-29,1767018600,25462.25,25598.140625,25440.970703125,25525.560546875
2025-12-30,1767105000,25509.880859375,25577.580078125,25456.9296875,25462.560546875
2025-12-31,1767191400,25464.7109375,25483.76953125,25244.859375,25249.849609375
2026-01-02,1767364200,25524.26953125,25597.650390625,25086.359375,25206.169921875
2026-01-05,1767623400,25471.7890625,25520.51953125,25354.66015625,25401.3203125
2026-01-06,1767709800,25462.060546875,25655.119140625,25428.080078125,25639.7109375
2026-01-07,1767796200,25617.80078125,25813.169921875,25592.400390625,25653.900390625
2026-01-08,1767882600,25615.349609375,25622.310546875,25400.16015625,25507.099609375
2026-01-09,1767969000,25518.8203125,25811.44921875,25455.970703125,25766.259765625
2026-01-12,1768228200,25616.810546875,25850.859375,25602.560546875,25787.66015625
2026-01-13,1768314600,25779.279296875,25873.1796875,25642.109375,25741.94921875
2026-01-14,1768401000,25575.5703125,25624.189453125,25266.19921875,25465.939453125
2026-01-15,1768487400,25767.30078125,25781.029296875,25520.19921875,25547.0703125
2026-01-16,1768573800,25710.599609375,25735.48046875,25444.279296875,25529.259765625
2026-01-20,1768919400,25155.029296875,25279.779296875,24954.1796875,24987.5703125
2026-01-21,1769005800,25048.55078125,25498.810546875,24993.98046875,25326.580078125
2026-01-22,1769092200,25548.380859375,25576.51953125,25399.490234375,25518.349609375
2026-01-23,1769178600,25501.91015625,25709.740234375,25435.01953125,25605.470703125
2026-01-26,1769437800,25631.009765625,25797.099609375,25578.76953125,25713.2109375
2026-01-27,1769524200,25852.0390625,25982.58984375,25791.75,25939.740234375
2026-01-28,1769610600,26121.740234375,26165.080078125,25974.66015625,26022.7890625
2026-01-29,1769697000,26030.080078125,26046.33984375,25418.5390625,25884.30078125
2026-01-30,1769783400,25740.189453125,25823.2890625,25456.1796875,25552.390625
2026-02-02,1770042600,25491.640625,25833.119140625,25478.5,25738.609375
2026-02-03,1770129000,25811.05078125,25840.0390625,25112.4609375,25338.619140625
2026-02-04,1770215400,25240.380859375,25275.259765625,24681.26953125,24891.240234375
2026-02-05,1770301800,24614.859375,24854.560546875,24455.400390625,24548.689453125
2026-02-06,1770388200,24655.25,25131.33984375,24622.330078125,25075.76953125
2026-02-09,1770647400,24953.6796875,25337.5390625,24876.279296875,25268.140625
2026-02-10,1770733800,25314.23046875,25363.119140625,25113.4296875,25127.640625
2026-02-11,1770820200,25335.91015625,25382.83984375,24980.2890625,25201.259765625
2026-02-12,1770906600,25261.330078125,25310.560546875,24643.73046875,24687.609375
2026-02-13,1770993000,24662.94921875,24921.470703125,24514.9609375,24732.73046875
2026-02-17,1771338600,24567.5390625,24818.30078125,24387.470703125,24701.599609375
2026-02-18,1771425000,24744.880859375,25057.2109375,24696.830078125,24898.869140625
2026-02-19,1771511400,24771.650390625,24890.119140625,24690.869140625,24797.33984375
2026-02-20,1771597800,24637.3203125,25077.560546875,24633.599609375,25012.619140625
2026-02-23,1771857000,24935.51953125,24984.8203125,24618.23046875,24708.939453125
2026-02-24,1771943400,24763.83984375,25022.919921875,24643.689453125,24977.0390625
2026-02-25,1772029800,25137.720703125,25343.970703125,25137.619140625,25329.0390625
2026-02-26,1772116200,25278.25,25288.23046875,24820.55078125,25034.369140625
2026-02-27,1772202600,24808,24987.9609375,24747.25,24960.0390625
2026-03-02,1772461800,24599.41015625,25059.169921875,24575.5390625,24992.599609375
2026-03-03,1772548200,24497.380859375,24810.25,24315.83984375,24720.080078125
2026-03-04,1772634600,24850.939453125,25179.359375,24795.529296875,25093.6796875
2026-03-05,1772721000,24992.73046875,25174.310546875,24744.560546875,25020.41015625
2026-03-06,1772807400,24663.740234375,24886.69921875,24579.859375,24643.01953125
2026-03-09,1773063000,24429.669921875,25019.16015625,24289.220703125,24967.25
2026-03-10,1773149400,25002.609375,25189.169921875,24871.439453125,24956.470703125
2026-03-11,1773235800,25053.240234375,25152.119140625,24856.599609375,24965.009765625
2026-03-12,1773322200,24771.3203125,24809.26953125,24522.240234375,24533.580078125
2026-03-13,1773408600,24660.189453125,24786.650390625,24336.529296875,24380.73046875
2026-03-16,1773667800,24646.1796875,24794.2890625,24606.4609375,24655.33984375
2026-03-17,1773754200,24760.26953125,24884.6796875,24721.560546875,24780.419921875
2026-03-18,1773840600,24727.0703125,24763.580078125,24417.380859375,24425.08984375
2026-03-19,1773927000,24119.369140625,24462.150390625,24100.880859375,24355.279296875
2026-03-20,1774013400,24257.560546875,24267.33984375,23759.970703125,23898.150390625
2026-03-23,1774272600,24270.76953125,24465.16015625,24097.6796875,24188.58984375
2026-03-24,1774359000,24042.23046875,24170.830078125,23927.689453125,24002.44921875
2026-03-25,1774445400,24236.400390625,24314.25,24081.380859375,24162.98046875
2026-03-26,1774531800,23913.189453125,24029.509765625,23574.720703125,23586.990234375
2026-03-27,1774618200,23463.740234375,23472.890625,23088.990234375,23132.76953125
2026-03-30,1774877400,23307.75,23356.75,22841.419921875,22953.380859375
2026-03-31,1774963800,23208,23789.599609375,23198.640625,23740.189453125
2026-04-01,1775050200,23883.2890625,24162.6796875,23871.609375,24019.990234375
2026-04-02,1775136600,23621.73046875,24076.349609375,23512.599609375,24045.529296875
2026-04-06,1775482200,24143.01953125,24265.140625,24039.029296875,24192.169921875
2026-04-07,1775568600,24109.5703125,24209.279296875,23779.849609375,24202.369140625
2026-04-08,1775655000,25045.359375,25045.359375,24756.9296875,24903.169921875
2026-04-09,1775741400,24918.279296875,25097.44921875,24788.919921875,25082.08984375
2026-04-10,1775827800,25165.060546875,25226.060546875,25057.650390625,25116.33984375
2026-04-13,1776087000,25069.0703125,25387.689453125,24999.19921875,25383.720703125
2026-04-14,1776173400,25514.55078125,25842,25514.55078125,25842
2026-04-15,1776259800,25859.189453125,26214.5703125,25828.759765625,26204.580078125
2026-04-16,1776346200,26256.880859375,26400.51953125,26113.650390625,26333
2026-04-17,1776432600,26551.16015625,26719.560546875,26481.240234375,26672.4296875
2026-04-20,1776691800,26662.3203125,26670.119140625,26412.51953125,26590.33984375
2026-04-21,1776778200,26658.849609375,26730.640625,26405.30078125,26479.470703125
2026-04-22,1776864600,26715.919921875,26942.130859375,26662.880859375,26937.279296875
2026-04-23,1776951000,26844.609375,27007.869140625,26540.3203125,26782.630859375
2026-04-24,1777037400,27082.419921875,27314.2109375,26986.390625,27303.669921875
2026-04-27,1777296600,27278.279296875,27315.23046875,27158.880859375,27305.6796875
2026-04-28,1777383000,26988.76953125,27115.76953125,26877.58984375,27029.009765625
2026-04-29,1777469400,27069.359375,27199.720703125,26995.380859375,27186.98046875
2026-04-30,1777555800,27328.98046875,27488.029296875,27029.41015625,27452.119140625
2026-05-01,1777642200,27508.5703125,27787.119140625,27501.4296875,27710.359375
2026-05-04,1777901400,27731.33984375,27822.369140625,27504.08984375,27651.8203125
2026-05-05,1777987800,27895.05078125,28065.630859375,27844.23046875,28015.060546875
2026-05-06,1778074200,28234.01953125,28608.6796875,28208.23046875,28599.169921875
2026-05-07,1778160600,28612.5390625,28825.51953125,28440.05078125,28563.94921875
2026-05-08,1778247000,28768.119140625,29234.990234375,28751.2109375,29234.990234375
2026-05-11,1778506200,29185.830078125,29372.4296875,29143.19921875,29320.66015625
2026-05-12,1778592600,29067.359375,29188.0703125,28628.640625,29064.80078125
2026-05-13,1778679000,29159.94921875,29452.259765625,28968.55078125,29366.939453125
2026-05-14,1778765400,29372.650390625,29678.890625,29350.099609375,29580.30078125
2026-05-15,1778851800,29191.359375,29387.439453125,28991.419921875,29125.19921875
2026-05-18,1779111000,29246.19921875,29250.150390625,28717.5703125,28994.369140625
2026-05-19,1779197400,28795.01953125,29031.919921875,28567.16015625,28818.83984375
2026-05-20,1779283800,29006.5703125,29301.279296875,28919.439453125,29297.69921875
2026-05-21,1779370200,29150.130859375,29463.490234375,29040.0390625,29357.26953125
2026-05-22,1779456600,29476.2890625,29663.890625,29423.630859375,29481.640625
2026-05-26,1779802200,29854.580078125,30044.490234375,29753.08984375,30001.3203125
2026-05-27,1779888600,30081.279296875,30099.7890625,29808.890625,29973.5703125
2026-05-28,1779975000,30030.630859375,30263.189453125,29848.759765625,30223.890625
2026-05-29,1780061400,30333.859375,30470.029296875,30210.009765625,30333.1796875
2026-06-01,1780320600,30295.25,30633.55078125,30241.19921875,30513.859375
2026-06-02,1780407000,30471.609375,30670.109375,30372.9609375,30660.599609375
2026-06-03,1780493400,30730.109375,30762.19921875,30441.80078125,30571.240234375
2026-06-04,1780579800,30174.58984375,30541.4296875,30092.23046875,30407.810546875
2026-06-05,1780666200,29992.369140625,30051.080078125,28929.880859375,28957.599609375
2026-06-08,1780925400,29482.189453125,29697.900390625,29294.01953125,29414.259765625
2026-06-09,1781011800,29647.349609375,29805.30078125,28196.900390625,29084.5
2026-06-10,1781098200,28893.8203125,29212.380859375,28462.919921875,28508.029296875
2026-06-11,1781184600,28731.16015625,29506.669921875,28548.5,29446.1796875
2026-06-12,1781271000,29380.6796875,29733.890625,29220.830078125,29635.94921875
2026-06-15,1781530200,30289.970703125,30587.16015625,30285.630859375,30543.919921875
2026-06-16,1781616600,30455.490234375,30560.080078125,29962.869140625,29968.130859375
2026-06-17,1781703000,30160.740234375,30208.939453125,29604.9296875,29670.94921875
2026-06-18,1781789400,30261.599609375,30463.76953125,30089.349609375,30406.189453125
2026-06-22,1782135000,30529.990234375,30642.5703125,30194.25,30347.080078125
2026-06-23,1782221400,29369.25,29748.720703125,29276.98046875,29347.26953125
2026-06-24,1782307800,29328.400390625,29592.900390625,28963.099609375,29220.060546875
2026-06-25,1782394200,29843.890625,29843.890625,29000.55078125,29440.3203125
2026-06-26,1782480600,29040.119140625,29413.80078125,28890.740234375,29118.240234375
2026-06-29,1782739800,29310.259765625,29792.630859375,28991.51953125,29774.75
2026-06-30,1782826200,29792.9296875,30328.7890625,29767.759765625,30276.349609375
2026-07-01,1782912600,29914.279296875,30084.779296875,29787.41015625,29809.130859375
2026-07-02,1782999000,29778.69921875,30044.5,29087.330078125,29329.2109375
2026-07-06,1783344600,29575.5703125,29847.740234375,29553.619140625,29697.869140625
2026-07-07,1783431000,29362.19921875,29426.44921875,28974.470703125,29173.01953125
2026-07-08,1783517400,29030.330078125,29280.580078125,28814.5703125,29252.560546875
2026-07-09,1783603800,29486.609375,29773.740234375,29398.470703125,29727.099609375
2026-07-10,1783690200,29618.33984375,29856.939453125,29484.490234375,29825.109375
2026-07-13,1783949400,29471.01953125,29541,29189.2109375,29264.099609375
2026-07-14,1784035800,29561.349609375,29693.76953125,29368.869140625,29586.2890625
2026-07-15,1784122200,29759.80078125,29771.890625,29192.890625,29502.599609375
2026-07-16,1784208600,29318.30078125,29333.060546875,28881.23046875,29025.76953125
2026-07-17,1784295000,28457.330078125,28867.400390625,28231.3203125,28592.66015625
2026-07-20,1784554200,28871.16015625,29017.23046875,28590.400390625,28604.23046875
2026-07-21,1784640600,29059.439453125,29192.2890625,28891.0703125,29155.1796875
2026-07-22,1784727000,28949.810546875,29176.91015625,28934.51953125,28998.099609375
2026-07-23,1784813400,28545.98046875,28726.619140625,28274.51953125,28454.810546875
2026-07-24,1784899800,28362.150390625,28471.48046875,28053.080078125,28128.33984375
2026-07-27,1785159000,28412.310546875,28460.19921875,27786.5390625,28039.2109375
2026-07-28,1785245400,27810.390625,27926.529296875,27452.94921875,27763.130859375
2026-07-29,1785331800,27780.4609375,27954.91015625,27176.029296875,27192.310546875
2026-07-30,1785418200,27755.4609375,28168.419921875,27686.369140625,28106.349609375
2026-07-31,1785504600,28446.990234375,28606.779296875,27954.240234375,28274.19921875
2026-08-03,1785763800,28278.58984375,28842.359375,28196.880859375,28776.80078125
2026-08-04,1785850200,29109.259765625,29831.400390625,29109.259765625,29733.16015625
2026-08-05,1785936600,29863.26953125,29946.939453125,29468.330078125,29487.7890625
2026-08-06,1786023000,29224.380859375,29569.759765625,29123.380859375,29373.330078125
2026-08-07,1786109400,29596.44921875,29747.150390625,29452.7109375,29722.30078125
2026-08-10,1786368600,29709.490234375,29784.2109375,29606.470703125,29621.80078125
2026-08-11,1786455000,29694.69921875,29705.80078125,29427.609375,29525.48046875
2026-08-12,1786541400,29875.1796875,29881.5,29715.880859375,29742.599609375
2026-08-13,1786627800,29784.060546875,30168.05078125,29757.619140625,30084.5
2026-08-14,1786714200,30167.130859375,30179.8203125,29934.66015625,30046.140625
2026-08-17,1786973400,30150.779296875,30195.720703125,29971.919921875,29995.380859375
2026-08-18,1787059800,29594.890625,29677.2890625,29425.08984375,29490.9609375
2026-08-19,1787146200,29580.849609375,29652.30078125,29288.75,29426.01953125
2026-08-20,1787232600,29295.150390625,29378.80078125,29118.0703125,29213.16015625
2026-08-21,1787319000,29359.599609375,29405.119140625,29142.439453125,29308.859375
2026-08-24,1787578200,29094.720703125,29151.970703125,28875.9609375,29023.1796875
2026-08-25,1787664600,29231.1796875,29338.76953125,29077.720703125,29209.23046875
2026-08-26,1787751000,29130.76953125,29296.76953125,29096.83984375,29224.51953125
2026-08-27,1787837400,29480.990234375,29643.529296875,29366.419921875,29641.560546875
2026-08-28,1787923800,29545.900390625,29752.779296875,29383.919921875,29433.4296875
2026-08-31,1788183000,29404.2890625,29483.900390625,29304.490234375,29456.970703125
2026-09-01,1788269400,29056.580078125,29267.419921875,28953.259765625,29077.220703125
2026-09-02,1788355800,29016,29165.619140625,28971.900390625,29143.330078125
2026-09-03,1788442200,29234.419921875,29538.759765625,29160.9609375,29482.3203125
2026-09-04,1788528600,29539.5703125,29655.220703125,29440.150390625,29544.150390625
2026-09-08,1788874200,29645.1796875,29655.73046875,29400.69921875,29507.69921875
2026-09-09,1788960600,29431.939453125,29563.599609375,29334.400390625,29421.55078125
2026-09-10,1789047000,29097.33984375,29250.41015625,29038.220703125,29103.509765625
2026-09-11,1789133400,29331.48046875,29473.119140625,29313.509765625,29368.439453125
2026-09-14,1789392600,28890.9296875,29285.5,28867.669921875,29127.16015625
2026-09-15,1789479000,29100.16015625,29142.80078125,28899.4296875,28937.83984375
2026-09-16,1789565400,29110.0390625,29235.890625,28753.2890625,28945.060546875
2026-09-17,1789651800,29401.5390625,29494.94921875,29305.900390625,29446.98046875
2026-09-18,1789738200,29529.640625,29647.80078125,29371.890625,29644.169921875
2026-09-21,1789997400,29947.16015625,30557.33984375,29933.220703125,30482.349609375
2026-09-22,1790083800,30496.4296875,30770.630859375,30496.4296875,30732.400390625
2026-09-23,1790170200,30706.23046875,30706.23046875,30353.880859375,30470.2890625
2026-09-24,1790256600,30225.189453125,30529.349609375,30204.16015625,30478.859375
2026-09-25,1790343000,30517.4609375,30667.560546875,30413.58984375,30608.130859375
2026-09-28,1790602200,30426.630859375,30480.400390625,30081.060546875,30276.810546875
2026-09-29,1790688600,30412.291015625,30429.974609375,30235.666015625,30339.33203125
